2025-04-23 14:37:21,192 [INFO] Activator:176 - 


2025-04-23 14:37:21,192 [INFO] Activator:177 - !SESSION log4j initialized
2025-04-23 14:37:22,974 [INFO] LogOutputStream:77 - [STDOUT_REDIRECT] 
2025-04-23 14:37:24,221 [INFO] ApplicationProperties:184 - Using Application install path: C:\ST\STM32CubeIDE_1.15.1\STM32CubeIDE\plugins\com.st.stm32cube.common.mx_6.11.1.202404110753
2025-04-23 14:37:24,238 [INFO] DbMcusXml:78 - Set database path to: C:\ST\STM32CubeIDE_1.15.1\STM32CubeIDE\plugins\com.st.stm32cube.common.mx_6.11.1.202404110753\\db\/mcu/
2025-04-23 14:37:24,239 [INFO] ApiDb:274 - Set plugin database path to: C:\ST\STM32CubeIDE_1.15.1\STM32CubeIDE\plugins\com.st.stm32cube.common.mx_6.11.1.202404110753\\db\/plugins/boardmanager/
2025-04-23 14:37:24,241 [WARN] ApiDb:259 - Overriding images path with different value:  => C:\ST\STM32CubeIDE_1.15.1\STM32CubeIDE\plugins\com.st.stm32cube.common.mx_6.11.1.202404110753\\db\/plugins/mcufinder/images/
2025-04-23 14:37:24,247 [INFO] ApiDb:250 - Set database path to: C:\Users\eec9960\.stmcufinder\plugins\mcufinder//mcu/
2025-04-23 14:37:24,248 [INFO] DbMcusAds:125 - Set database path to: C:\Users\eec9960\.stmcufinder\plugins\mcufinder//mcu/
2025-04-23 14:37:24,251 [INFO] CrossReferenceDbSqlite:203 - Set database path to: C:\Users\eec9960\.stmcufinder\plugins\mcufinder//mcu/cs/
2025-04-23 14:37:24,354 [INFO] RulesReader:64 - Compatibility file has been processed (297 Rules)
2025-04-23 14:37:24,456 [INFO] DbMcusXml:78 - Set database path to: C:\ST\STM32CubeIDE_1.15.1\STM32CubeIDE\plugins\com.st.stm32cube.common.mx_6.11.1.202404110753\\db\/mcu/
2025-04-23 14:37:24,457 [INFO] ApiDb:274 - Set plugin database path to: C:\ST\STM32CubeIDE_1.15.1\STM32CubeIDE\plugins\com.st.stm32cube.common.mx_6.11.1.202404110753\\db\/plugins/boardmanager/
2025-04-23 14:37:24,458 [INFO] ApiDb:261 - Set plugin images path to: C:\ST\STM32CubeIDE_1.15.1\STM32CubeIDE\plugins\com.st.stm32cube.common.mx_6.11.1.202404110753\\db\/plugins/mcufinder/images/
2025-04-23 14:37:24,458 [WARN] DbFile:41 - Overriding database path with different value: C:\Users\eec9960\.stmcufinder\plugins\mcufinder/ => C:\Users\eec9960\.stmcufinder\plugins\mcufinder
2025-04-23 14:37:24,459 [INFO] ApiDb:250 - Set database path to: C:\Users\eec9960\.stmcufinder\plugins\mcufinder//mcu/
2025-04-23 14:37:24,459 [WARN] DbFile:41 - Overriding database path with different value: C:\Users\eec9960\.stmcufinder\plugins\mcufinder/ => C:\Users\eec9960\.stmcufinder\plugins\mcufinder
2025-04-23 14:37:24,460 [INFO] DbMcusAds:125 - Set database path to: C:\Users\eec9960\.stmcufinder\plugins\mcufinder//mcu/
2025-04-23 14:37:24,460 [WARN] DbFile:41 - Overriding database path with different value: C:\Users\eec9960\.stmcufinder\plugins\mcufinder/ => C:\Users\eec9960\.stmcufinder\plugins\mcufinder
2025-04-23 14:37:24,460 [WARN] DbFile:41 - Overriding database path with different value: C:\Users\eec9960\.stmcufinder\plugins\mcufinder/ => C:\Users\eec9960\.stmcufinder\plugins\mcufinder
2025-04-23 14:37:24,461 [INFO] CrossReferenceDbSqlite:203 - Set database path to: C:\Users\eec9960\.stmcufinder\plugins\mcufinder//mcu/cs/
2025-04-23 14:37:24,518 [INFO] MainPanel:264 - HeapMemory: 268435456
2025-04-23 14:37:24,581 [INFO] DbMcusXml:78 - Set database path to: C:\ST\STM32CubeIDE_1.15.1\STM32CubeIDE\plugins\com.st.stm32cube.common.mx_6.11.1.202404110753\\db\/mcu/
2025-04-23 14:37:24,582 [INFO] ApiDb:274 - Set plugin database path to: C:\ST\STM32CubeIDE_1.15.1\STM32CubeIDE\plugins\com.st.stm32cube.common.mx_6.11.1.202404110753\\db\/plugins/boardmanager/
2025-04-23 14:37:24,582 [INFO] ApiDb:261 - Set plugin images path to: C:\ST\STM32CubeIDE_1.15.1\STM32CubeIDE\plugins\com.st.stm32cube.common.mx_6.11.1.202404110753\\db\/plugins/mcufinder/images/
2025-04-23 14:37:24,583 [WARN] DbFile:41 - Overriding database path with different value: C:\Users\eec9960\.stmcufinder\plugins\mcufinder/ => C:\Users\eec9960\.stmcufinder\plugins\mcufinder
2025-04-23 14:37:24,584 [INFO] ApiDb:250 - Set database path to: C:\Users\eec9960\.stmcufinder\plugins\mcufinder//mcu/
2025-04-23 14:37:24,584 [WARN] DbFile:41 - Overriding database path with different value: C:\Users\eec9960\.stmcufinder\plugins\mcufinder/ => C:\Users\eec9960\.stmcufinder\plugins\mcufinder
2025-04-23 14:37:24,585 [INFO] DbMcusAds:125 - Set database path to: C:\Users\eec9960\.stmcufinder\plugins\mcufinder//mcu/
2025-04-23 14:37:24,585 [WARN] DbFile:41 - Overriding database path with different value: C:\Users\eec9960\.stmcufinder\plugins\mcufinder/ => C:\Users\eec9960\.stmcufinder\plugins\mcufinder
2025-04-23 14:37:24,586 [WARN] DbFile:41 - Overriding database path with different value: C:\Users\eec9960\.stmcufinder\plugins\mcufinder/ => C:\Users\eec9960\.stmcufinder\plugins\mcufinder
2025-04-23 14:37:24,586 [INFO] CrossReferenceDbSqlite:203 - Set database path to: C:\Users\eec9960\.stmcufinder\plugins\mcufinder//mcu/cs/
2025-04-23 14:37:24,600 [INFO] ApplicationProperties:184 - Using Application install path: C:\ST\STM32CubeIDE_1.15.1\STM32CubeIDE\plugins\com.st.stm32cube.common.mx_6.11.1.202404110753
2025-04-23 14:37:24,601 [INFO] PluginManage:196 - Search for loadable plugins [exclusion list=, ]
2025-04-23 14:37:24,603 [INFO] PluginManage:310 - Check plugin analytics
2025-04-23 14:37:24,745 [INFO] AnalyticsPlugin:253 - Accepted Software Licenses: 
2025-04-23 14:37:24,746 [INFO] AnalyticsPlugin:255 - Accepted CMSIS Pack Licenses: 
2025-04-23 14:37:24,747 [INFO] AnalyticsPlugin:257 - Accepted Firmware Licenses: FW.L4.1.18.0
2025-04-23 14:37:24,749 [INFO] PluginManage:359 - Loaded plugin analytics (category:tool,tabindex:-1)
2025-04-23 14:37:24,750 [INFO] PluginManage:310 - Check plugin cadmodel
2025-04-23 14:37:24,755 [INFO] CADModel:105 - Init CAD model plugin
2025-04-23 14:37:24,755 [INFO] PluginManage:359 - Loaded plugin cadmodel (category:power,tabindex:5)
2025-04-23 14:37:24,756 [INFO] PluginManage:310 - Check plugin clock
2025-04-23 14:37:24,764 [INFO] PluginManage:359 - Loaded plugin clock (category:base,tabindex:2)
2025-04-23 14:37:24,765 [INFO] PluginManage:310 - Check plugin ddr
2025-04-23 14:37:24,767 [INFO] PluginManage:359 - Loaded plugin ddr (category:tool,tabindex:6)
2025-04-23 14:37:24,768 [INFO] PluginManage:310 - Check plugin filemanager
2025-04-23 14:37:24,903 [INFO] PluginManage:359 - Loaded plugin filemanager (category:base,tabindex:10)
2025-04-23 14:37:24,904 [INFO] PluginManage:310 - Check plugin ipmanager
2025-04-23 14:37:24,911 [INFO] PluginManage:359 - Loaded plugin ipmanager (category:base,tabindex:5)
2025-04-23 14:37:24,912 [INFO] PluginManage:310 - Check plugin lpbam
2025-04-23 14:37:24,918 [INFO] PluginManage:359 - Loaded plugin lpbam (category:base,tabindex:0)
2025-04-23 14:37:24,919 [INFO] PluginManage:310 - Check plugin memorymap
2025-04-23 14:37:24,933 [INFO] PluginManage:359 - Loaded plugin memorymap (category:base,tabindex:4)
2025-04-23 14:37:24,934 [INFO] PluginManage:310 - Check plugin pinoutandconfiguration
2025-04-23 14:37:24,940 [INFO] PluginManage:359 - Loaded plugin pinoutandconfiguration (category:base,tabindex:1)
2025-04-23 14:37:24,941 [INFO] PluginManage:310 - Check plugin pinoutconfig
2025-04-23 14:37:25,015 [WARN] SupportedApi:132 - Cannot load RTOS API schema: s4s-elt-must-match.1: The content of 'definitions' must match (annotation?, (simpleType | complexType)?, (unique | key | keyref)*)). A problem was found starting at: attribute.
2025-04-23 14:37:25,133 [INFO] PluginManage:359 - Loaded plugin pinoutconfig (category:base,tabindex:0)
2025-04-23 14:37:25,134 [INFO] PluginManage:310 - Check plugin power
2025-04-23 14:37:25,142 [INFO] PluginManage:359 - Loaded plugin power (category:power,tabindex:4)
2025-04-23 14:37:25,143 [INFO] PluginManage:310 - Check plugin projectmanager
2025-04-23 14:37:25,155 [INFO] PluginManage:359 - Loaded plugin projectmanager (category:projectmanager,tabindex:3)
2025-04-23 14:37:25,156 [INFO] PluginManage:310 - Check plugin thirdparty
2025-04-23 14:37:25,265 [WARN] IntegrityCheckThread:84 - waiting for thirdparty lock release [integrity check]
2025-04-23 14:37:25,266 [INFO] PluginManage:359 - Loaded plugin thirdparty (category:base,tabindex:-1)
2025-04-23 14:37:25,266 [INFO] IntegrityCheckThread:86 - entering critical section [integrity check]
2025-04-23 14:37:25,267 [INFO] PluginManage:310 - Check plugin tools
2025-04-23 14:37:25,268 [INFO] ThirdPartyUpdaterWithRetryManager:70 - Updater plugin not ready yet. [1/15]
2025-04-23 14:37:25,271 [INFO] PluginManage:359 - Loaded plugin tools (category:base,tabindex:7)
2025-04-23 14:37:25,272 [INFO] PluginManage:310 - Check plugin tutovideos
2025-04-23 14:37:25,424 [INFO] PluginManage:359 - Loaded plugin tutovideos (category:base,tabindex:-1)
2025-04-23 14:37:25,425 [INFO] PluginManage:310 - Check plugin updater
2025-04-23 14:37:25,434 [INFO] PluginManage:359 - Loaded plugin updater (category:base,tabindex:12)
2025-04-23 14:37:25,435 [INFO] PluginManage:310 - Check plugin userauth
2025-04-23 14:37:25,440 [INFO] UserAuth:114 - Init User Auth plugin
2025-04-23 14:37:25,440 [INFO] PluginManage:359 - Loaded plugin userauth (category:base,tabindex:14)
2025-04-23 14:37:25,441 [INFO] PluginManage:283 - PluginManage : Loaded plugins [17]
2025-04-23 14:37:25,592 [INFO] PinOutPanel:1561 - setPackage(No Configuration,No Configuration)
2025-04-23 14:37:25,647 [INFO] CADModel:165 - CPN selected for project level
2025-04-23 14:37:25,648 [INFO] CADModel:114 - Register for checkConnection events
2025-04-23 14:37:25,662 [INFO] IPUIPlugin:80 - create IPUIPlugin
2025-04-23 14:37:25,663 [INFO] PluginManager:220 - loadIPPluginJar : add adc
2025-04-23 14:37:25,665 [INFO] IPUIPlugin:80 - create IPUIPlugin
2025-04-23 14:37:25,666 [INFO] PluginManager:220 - loadIPPluginJar : add aes
2025-04-23 14:37:25,669 [INFO] IPUIPlugin:80 - create IPUIPlugin
2025-04-23 14:37:25,669 [INFO] PluginManager:220 - loadIPPluginJar : add can
2025-04-23 14:37:25,671 [INFO] IPUIPlugin:80 - create IPUIPlugin
2025-04-23 14:37:25,671 [INFO] PluginManager:220 - loadIPPluginJar : add comp
2025-04-23 14:37:25,674 [INFO] IPUIPlugin:80 - create IPUIPlugin
2025-04-23 14:37:25,675 [INFO] PluginManager:220 - loadIPPluginJar : add cryp
2025-04-23 14:37:25,677 [INFO] IPUIPlugin:80 - create IPUIPlugin
2025-04-23 14:37:25,677 [INFO] PluginManager:220 - loadIPPluginJar : add dfsdm
2025-04-23 14:37:25,682 [INFO] IPUIPlugin:80 - create IPUIPlugin
2025-04-23 14:37:25,683 [INFO] PluginManager:220 - loadIPPluginJar : add dma
2025-04-23 14:37:25,686 [INFO] IPUIPlugin:80 - create IPUIPlugin
2025-04-23 14:37:25,686 [INFO] PluginManager:220 - loadIPPluginJar : add dma3
2025-04-23 14:37:25,689 [INFO] IPUIPlugin:80 - create IPUIPlugin
2025-04-23 14:37:25,689 [INFO] PluginManager:220 - loadIPPluginJar : add extmemmanager
2025-04-23 14:37:25,691 [INFO] IPUIPlugin:80 - create IPUIPlugin
2025-04-23 14:37:25,691 [INFO] PluginManager:220 - loadIPPluginJar : add fatfs
2025-04-23 14:37:25,695 [INFO] IPUIPlugin:80 - create IPUIPlugin
2025-04-23 14:37:25,695 [INFO] PluginManager:220 - loadIPPluginJar : add fmc
2025-04-23 14:37:25,701 [INFO] IPUIPlugin:80 - create IPUIPlugin
2025-04-23 14:37:25,701 [INFO] PluginManager:220 - loadIPPluginJar : add freertos
2025-04-23 14:37:25,703 [INFO] IPUIPlugin:80 - create IPUIPlugin
2025-04-23 14:37:25,703 [INFO] PluginManager:220 - loadIPPluginJar : add genericplugin
2025-04-23 14:37:25,705 [INFO] IPUIPlugin:80 - create IPUIPlugin
2025-04-23 14:37:25,709 [INFO] PluginManager:220 - loadIPPluginJar : add gfxmmu
2025-04-23 14:37:25,714 [INFO] IPUIPlugin:80 - create IPUIPlugin
2025-04-23 14:37:25,714 [INFO] PluginManager:220 - loadIPPluginJar : add gic
2025-04-23 14:37:25,718 [INFO] IPUIPlugin:80 - create IPUIPlugin
2025-04-23 14:37:25,718 [INFO] PluginManager:220 - loadIPPluginJar : add gpio
2025-04-23 14:37:25,722 [INFO] IPUIPlugin:80 - create IPUIPlugin
2025-04-23 14:37:25,723 [INFO] PluginManager:220 - loadIPPluginJar : add gtzc
2025-04-23 14:37:25,725 [INFO] IPUIPlugin:80 - create IPUIPlugin
2025-04-23 14:37:25,726 [INFO] PluginManager:220 - loadIPPluginJar : add hash
2025-04-23 14:37:25,728 [INFO] IPUIPlugin:80 - create IPUIPlugin
2025-04-23 14:37:25,729 [INFO] PluginManager:220 - loadIPPluginJar : add i2c
2025-04-23 14:37:25,733 [INFO] IPUIPlugin:80 - create IPUIPlugin
2025-04-23 14:37:25,733 [INFO] PluginManager:220 - loadIPPluginJar : add i2s
2025-04-23 14:37:25,737 [INFO] IPUIPlugin:80 - create IPUIPlugin
2025-04-23 14:37:25,737 [INFO] PluginManager:220 - loadIPPluginJar : add i3c
2025-04-23 14:37:25,741 [INFO] IPUIPlugin:80 - create IPUIPlugin
2025-04-23 14:37:25,742 [INFO] PluginManager:220 - loadIPPluginJar : add ipddr
2025-04-23 14:37:25,748 [INFO] IPUIPlugin:80 - create IPUIPlugin
2025-04-23 14:37:25,749 [INFO] PluginManager:220 - loadIPPluginJar : add linkedlist
2025-04-23 14:37:25,751 [INFO] IPUIPlugin:80 - create IPUIPlugin
2025-04-23 14:37:25,752 [INFO] PluginManager:220 - loadIPPluginJar : add lorawan
2025-04-23 14:37:25,754 [INFO] IPUIPlugin:80 - create IPUIPlugin
2025-04-23 14:37:25,755 [INFO] PluginManager:220 - loadIPPluginJar : add ltdc
2025-04-23 14:37:25,760 [INFO] IPUIPlugin:80 - create IPUIPlugin
2025-04-23 14:37:25,760 [INFO] PluginManager:220 - loadIPPluginJar : add mdma
2025-04-23 14:37:25,763 [INFO] IPUIPlugin:80 - create IPUIPlugin
2025-04-23 14:37:25,764 [INFO] PluginManager:220 - loadIPPluginJar : add nvic
2025-04-23 14:37:25,766 [INFO] IPUIPlugin:80 - create IPUIPlugin
2025-04-23 14:37:25,767 [INFO] PluginManager:220 - loadIPPluginJar : add opamp
2025-04-23 14:37:25,770 [INFO] IPUIPlugin:80 - create IPUIPlugin
2025-04-23 14:37:25,771 [INFO] PluginManager:220 - loadIPPluginJar : add openamp
2025-04-23 14:37:25,774 [INFO] IPUIPlugin:80 - create IPUIPlugin
2025-04-23 14:37:25,775 [INFO] PluginManager:220 - loadIPPluginJar : add pdm2pcm
2025-04-23 14:37:25,780 [INFO] IPUIPlugin:80 - create IPUIPlugin
2025-04-23 14:37:25,781 [INFO] PluginManager:220 - loadIPPluginJar : add plateformsettings
2025-04-23 14:37:25,783 [INFO] IPUIPlugin:80 - create IPUIPlugin
2025-04-23 14:37:25,783 [INFO] PluginManager:220 - loadIPPluginJar : add quadspi
2025-04-23 14:37:25,787 [INFO] IPUIPlugin:80 - create IPUIPlugin
2025-04-23 14:37:25,787 [INFO] PluginManager:220 - loadIPPluginJar : add resmgrutility
2025-04-23 14:37:25,790 [INFO] IPUIPlugin:80 - create IPUIPlugin
2025-04-23 14:37:25,790 [INFO] PluginManager:220 - loadIPPluginJar : add sai
2025-04-23 14:37:25,793 [INFO] IPUIPlugin:80 - create IPUIPlugin
2025-04-23 14:37:25,793 [INFO] PluginManager:220 - loadIPPluginJar : add spi
2025-04-23 14:37:25,798 [INFO] IPUIPlugin:80 - create IPUIPlugin
2025-04-23 14:37:25,799 [INFO] PluginManager:220 - loadIPPluginJar : add stm32_wpan
2025-04-23 14:37:25,801 [INFO] IPUIPlugin:80 - create IPUIPlugin
2025-04-23 14:37:25,801 [INFO] PluginManager:220 - loadIPPluginJar : add tim
2025-04-23 14:37:25,804 [INFO] IPUIPlugin:80 - create IPUIPlugin
2025-04-23 14:37:25,804 [INFO] PluginManager:220 - loadIPPluginJar : add touchsensing
2025-04-23 14:37:25,807 [INFO] IPUIPlugin:80 - create IPUIPlugin
2025-04-23 14:37:25,807 [INFO] PluginManager:220 - loadIPPluginJar : add tracer_emb
2025-04-23 14:37:25,809 [INFO] IPUIPlugin:80 - create IPUIPlugin
2025-04-23 14:37:25,810 [INFO] PluginManager:220 - loadIPPluginJar : add ts
2025-04-23 14:37:25,811 [INFO] IPUIPlugin:80 - create IPUIPlugin
2025-04-23 14:37:25,812 [INFO] PluginManager:220 - loadIPPluginJar : add tsc
2025-04-23 14:37:25,813 [INFO] IPUIPlugin:80 - create IPUIPlugin
2025-04-23 14:37:25,814 [INFO] PluginManager:220 - loadIPPluginJar : add ucpd
2025-04-23 14:37:25,817 [INFO] IPUIPlugin:80 - create IPUIPlugin
2025-04-23 14:37:25,817 [INFO] PluginManager:220 - loadIPPluginJar : add usart
2025-04-23 14:37:25,820 [INFO] IPUIPlugin:80 - create IPUIPlugin
2025-04-23 14:37:25,820 [INFO] PluginManager:220 - loadIPPluginJar : add usbx
2025-04-23 14:37:25,927 [INFO] CADModel:165 - CPN selected for project level
2025-04-23 14:37:25,928 [INFO] CADModel:114 - Register for checkConnection events
2025-04-23 14:37:25,929 [FATAL] Updater:308 - Updater called before beeing initialized
2025-04-23 14:37:25,929 [ERROR] CADModel:125 - Updater not yet initialized, retry later 
2025-04-23 14:37:26,019 [INFO] CADModel:165 - CPN selected for project level
2025-04-23 14:37:26,020 [INFO] CADModel:114 - Register for checkConnection events
2025-04-23 14:37:26,021 [FATAL] Updater:308 - Updater called before beeing initialized
2025-04-23 14:37:26,021 [ERROR] CADModel:125 - Updater not yet initialized, retry later 
2025-04-23 14:37:26,025 [FATAL] Updater:308 - Updater called before beeing initialized
2025-04-23 14:37:26,115 [FATAL] Updater:308 - Updater called before beeing initialized
2025-04-23 14:37:26,119 [INFO] DbMcusAds:53 - JSON generation date=Thu Mar 06 09:54:21 EST 2025 (1741272861825)
2025-04-23 14:37:26,120 [FATAL] Updater:308 - Updater called before beeing initialized
2025-04-23 14:37:26,147 [WARN] DetailPanel:346 - Failed to get advertising image, set to default
2025-04-23 14:37:26,203 [FATAL] Updater:308 - Updater called before beeing initialized
2025-04-23 14:37:26,206 [FATAL] Updater:308 - Updater called before beeing initialized
2025-04-23 14:37:26,206 [FATAL] Updater:308 - Updater called before beeing initialized
2025-04-23 14:37:26,207 [WARN] DetailPanel:346 - Failed to get advertising image, set to default
2025-04-23 14:37:26,208 [FATAL] Updater:308 - Updater called before beeing initialized
2025-04-23 14:37:26,240 [ERROR] Updater:1120 - MainUpdater not yet initialized. External WinMGr cannot be set.
2025-04-23 14:37:26,242 [INFO] Updater:1056 - Updater Version found : 6.11.1
2025-04-23 14:37:26,260 [INFO] ApplicationProperties:184 - Using Application install path: C:\ST\STM32CubeIDE_1.15.1\STM32CubeIDE\plugins\com.st.stm32cube.common.mx_6.11.1.202404110753
2025-04-23 14:37:26,547 [INFO] MainUpdater:2873 - connection check result : 10
2025-04-23 14:37:26,547 [INFO] MainUpdater:3567 - Updater definition file requires update
2025-04-23 14:37:26,549 [INFO] MainUpdater:290 - Updater Check For Update Now.
2025-04-23 14:37:26,549 [INFO] MicroXplorer:498 - Change Database Version : DB.6.0.111
2025-04-23 14:37:26,554 [INFO] McuFinderGlobals:63 - Set McuFinder mode to 2 (CubeIDE integrated)
2025-04-23 14:37:26,555 [INFO] UserAuth:179 - activating auth plugin
2025-04-23 14:37:26,556 [INFO] UserAuth:415 - Internet connection configuration mode: 1
2025-04-23 14:37:26,569 [INFO] JxBrowserEngine:152 - Initiate JxBrowser Engine with user profile folder
2025-04-23 14:37:26,574 [INFO] ServerAccessManage:473 - Download File updaters.zip
2025-04-23 14:37:26,622 [INFO] FileExtend:240 - Unzip File : updaters.zip
2025-04-23 14:37:26,623 [INFO] FileExtend:255 - Standard Zip Deflate
2025-04-23 14:37:26,862 [INFO] ServerAccessManage:473 - Download File PacksControlFlags.xml
2025-04-23 14:37:26,942 [INFO] ServerAccessManage:473 - Download File cubemx.pidx
2025-04-23 14:37:27,297 [INFO] ServerAccessManage:473 - Download File STMicroelectronics.X-CUBE-DPOWER.pdsc
2025-04-23 14:37:27,550 [INFO] WebApp:161 - Instantiating new browser for Auth
2025-04-23 14:37:27,875 [ERROR] ServerAccessManage:1089 - Problem, file not found on Server
2025-04-23 14:37:28,008 [INFO] WebApp:779 - Register for checkConnection events
2025-04-23 14:37:28,009 [INFO] WebApp:414 - Apply proxy settings
2025-04-23 14:37:28,010 [INFO] WebApp:499 - Chromium requires no authentication
2025-04-23 14:37:28,017 [INFO] WebApp:442 - Direct internet connection detected
2025-04-23 14:37:28,180 [INFO] WebApp:192 - Starting web application
2025-04-23 14:37:28,180 [INFO] WebApp:544 - Web application path used C:\ST\STM32CubeIDE_1.15.1\STM32CubeIDE\plugins\com.st.stm32cube.common.mx_6.11.1.202404110753\db\plugins\mcufinder\reactClient1\index.html
2025-04-23 14:37:28,211 [ERROR] ServerAccessManage:1089 - Problem, file not found on Server
2025-04-23 14:37:28,269 [WARN] MainUpdater:1194 - Updater busy. Cannot search thirdparties
2025-04-23 14:37:28,270 [INFO] ThirdPartyUpdaterWithRetryManager:96 - Updater plugin is busy. [1/15]
2025-04-23 14:37:28,625 [ERROR] ServerAccessManage:1089 - Problem, file not found on Server
2025-04-23 14:37:28,994 [ERROR] ServerAccessManage:1089 - Problem, file not found on Server
2025-04-23 14:37:29,214 [ERROR] ServerAccessManage:1089 - Problem, file not found on Server
2025-04-23 14:37:29,703 [ERROR] ServerAccessManage:1089 - Problem, file not found on Server
2025-04-23 14:37:29,854 [ERROR] ServerAccessManage:1089 - Problem, file not found on Server
2025-04-23 14:37:30,176 [ERROR] ServerAccessManage:1089 - Problem, file not found on Server
2025-04-23 14:37:30,582 [ERROR] ServerAccessManage:1089 - Problem, file not found on Server
2025-04-23 14:37:30,942 [ERROR] ServerAccessManage:1089 - Problem, file not found on Server
2025-04-23 14:37:31,273 [WARN] MainUpdater:1194 - Updater busy. Cannot search thirdparties
2025-04-23 14:37:31,274 [INFO] ThirdPartyUpdaterWithRetryManager:96 - Updater plugin is busy. [2/15]
2025-04-23 14:37:31,333 [ERROR] ServerAccessManage:1089 - Problem, file not found on Server
2025-04-23 14:37:31,431 [INFO] ServerAccessManage:473 - Download File STMicroelectronics.X-CUBE-MEMS1.pdsc
2025-04-23 14:37:32,374 [INFO] ServerAccessManage:473 - Download File STMicroelectronics.X-CUBE-TOF1.pdsc
2025-04-23 14:37:32,918 [ERROR] ServerAccessManage:1089 - Problem, file not found on Server
2025-04-23 14:37:33,114 [INFO] ServerAccessManage:473 - Download File STMicroelectronics.X-CUBE-WB05N.pdsc
2025-04-23 14:37:33,404 [INFO] ServerAccessManage:473 - Download File Avnet-IotConnect.X-CUBE-IoTC-DA16k-PMOD.pdsc
2025-04-23 14:37:33,519 [WARN] PackLoader:240 - Cannot read IP mode file for STMicroelectronics.X-CUBE-DPower.1.3.0
2025-04-23 14:37:33,573 [WARN] PackLoader:240 - Cannot read IP mode file for STMicroelectronics.X-CUBE-MEMS1.11.2.0
2025-04-23 14:37:33,589 [INFO] CheckServerUpdateThread:120 - End of CheckServer Thread
2025-04-23 14:37:33,657 [WARN] PopulateThirdPartyThread:106 - Error when creating pack: C:/Users/eec9960/.stm32cubemx/thirdparties/pdsc/STMicroelectronics.X-CUBE-TOF1.pdsc
2025-04-23 14:37:33,666 [WARN] PackLoader:240 - Cannot read IP mode file for STMicroelectronics.X-CUBE-WB05N.2.0.0
2025-04-23 14:37:33,669 [WARN] PopulateThirdPartyThread:106 - Error when creating pack: C:/Users/eec9960/.stm32cubemx/thirdparties/pdsc/Avnet-IotConnect.X-CUBE-IoTC-DA16k-PMOD.pdsc
2025-04-23 14:37:33,670 [INFO] PopulateThirdPartyThread:66 - Ending populate Thread
2025-04-23 14:37:33,672 [INFO] ThirdParty:1030 - CMSIS Pack Vendor :STMicroelectronics X-CUBE-DPower 1.3.0
2025-04-23 14:37:33,672 [INFO] ThirdParty:1030 - CMSIS Pack Vendor :STMicroelectronics X-CUBE-MEMS1 11.2.0
2025-04-23 14:37:33,673 [INFO] ThirdParty:1030 - CMSIS Pack Vendor :STMicroelectronics X-CUBE-WB05N 2.0.0
2025-04-23 14:37:33,673 [INFO] LoadServerUpdatesThread:375 - End of LoadServerUpdate Thread
2025-04-23 14:37:34,386 [WARN] PackLoader:240 - Cannot read IP mode file for STMicroelectronics.FP-SNS-MOTENVWB1.1.4.0
2025-04-23 14:37:34,390 [WARN] PackLoader:240 - Cannot read IP mode file for STMicroelectronics.FP-ATR-ASTRA1.2.0.2
2025-04-23 14:37:34,393 [WARN] PackLoader:240 - Cannot read IP mode file for STMicroelectronics.FP-ATR-ASTRA1.2.0.1
2025-04-23 14:37:34,396 [WARN] PackLoader:240 - Cannot read IP mode file for STMicroelectronics.X-CUBE-SMBUS.2.1.0
2025-04-23 14:37:34,399 [WARN] PackLoader:240 - Cannot read IP mode file for STMicroelectronics.X-CUBE-WB05N.1.1.0
2025-04-23 14:37:34,406 [WARN] PackLoader:240 - Cannot read IP mode file for STMicroelectronics.X-CUBE-AZRTOS-F7.1.1.0
2025-04-23 14:37:34,411 [WARN] PackLoader:240 - Cannot read IP mode file for STMicroelectronics.FP-SNS-FLIGHT1.5.0.2
2025-04-23 14:37:34,420 [WARN] PackLoader:240 - Cannot read IP mode file for Infineon.AIROC-Wi-Fi-Bluetooth-STM32.1.7.0
2025-04-23 14:37:34,426 [WARN] PackLoader:240 - Cannot read IP mode file for STMicroelectronics.X-CUBE-DISPLAY.3.0.0
2025-04-23 14:37:34,431 [WARN] PackLoader:240 - Cannot read IP mode file for STMicroelectronics.X-CUBE-BLE1.7.0.0
2025-04-23 14:37:34,434 [WARN] PackLoader:240 - Cannot read IP mode file for STMicroelectronics.X-CUBE-NFC10.1.0.0
2025-04-23 14:37:34,439 [WARN] PackLoader:240 - Cannot read IP mode file for STMicroelectronics.X-CUBE-BLEMGR.4.0.0
2025-04-23 14:37:34,444 [WARN] PackLoader:240 - Cannot read IP mode file for emotas.I-CUBE-CANOPEN.1.3.0
2025-04-23 14:37:34,447 [WARN] PackLoader:240 - Cannot read IP mode file for STMicroelectronics.X-CUBE-AI.10.0.0
2025-04-23 14:37:34,450 [WARN] PackLoader:240 - Cannot read IP mode file for STMicroelectronics.FP-SNS-SMARTAG2.1.2.0
2025-04-23 14:37:34,453 [ERROR] Engine:466 - C:\Users\eec9960\.stm32cubemx\thirdparties\pdsc\STMicroelectronics.FP-SNS-FLIGHT1.5.1.0.pdsc: PDSC version is not supported
2025-04-23 14:37:34,469 [WARN] PackLoader:240 - Cannot read IP mode file for STMicroelectronics.X-CUBE-MEMS1.11.1.0
2025-04-23 14:37:34,526 [INFO] LogOutputStream:77 - [STDOUT_REDIRECT] 1 : Invalid condition id : UX_CORESTACK_Condition cause : null
2025-04-23 14:37:34,528 [INFO] LogOutputStream:77 - [STDOUT_REDIRECT] 1 : Invalid condition id : UX_CORESTACK_Condition cause : null
2025-04-23 14:37:34,529 [INFO] LogOutputStream:77 - [STDOUT_REDIRECT] 1 : Invalid condition id : UX_CORESTACK_Condition cause : null
2025-04-23 14:37:34,530 [INFO] LogOutputStream:77 - [STDOUT_REDIRECT] 1 : Invalid condition id : UX_CORESTACK_Condition cause : null
2025-04-23 14:37:34,532 [INFO] LogOutputStream:77 - [STDOUT_REDIRECT] 1 : Invalid condition id : UX_CORESTACK_Condition cause : null
2025-04-23 14:37:34,534 [WARN] PackLoader:240 - Cannot read IP mode file for STMicroelectronics.X-CUBE-AZRTOS-WL.2.0.0
2025-04-23 14:37:34,537 [WARN] PackLoader:240 - Cannot read IP mode file for STMicroelectronics.FP-SNS-MOTENV1.5.0.0
2025-04-23 14:37:34,541 [WARN] PackLoader:240 - Cannot read IP mode file for wolfSSL.I-CUBE-wolfMQTT.1.19.0
2025-04-23 14:37:34,545 [WARN] PackLoader:240 - Cannot read IP mode file for WES.I-CUBE-Cesium.1.3.0
2025-04-23 14:37:34,548 [WARN] PackLoader:240 - Cannot read IP mode file for STMicroelectronics.X-CUBE-BLE2.3.3.0
2025-04-23 14:37:34,552 [WARN] PackLoader:240 - Cannot read IP mode file for STMicroelectronics.X-CUBE-NFC9.1.0.0
2025-04-23 14:37:34,555 [WARN] PackLoader:240 - Cannot read IP mode file for STMicroelectronics.X-CUBE-BLE1.7.1.0
2025-04-23 14:37:34,573 [WARN] PackLoader:240 - Cannot read IP mode file for STMicroelectronics.X-CUBE-MEMS1.11.2.0
2025-04-23 14:37:34,622 [WARN] PackLoader:240 - Cannot read IP mode file for STMicroelectronics.X-CUBE-AZRTOS-G0.1.1.0
2025-04-23 14:37:34,627 [WARN] PackLoader:240 - Cannot read IP mode file for STMicroelectronics.X-CUBE-SAFEA1.1.2.2
2025-04-23 14:37:34,631 [WARN] PackLoader:240 - Cannot read IP mode file for STMicroelectronics.X-CUBE-NFC4.3.0.0
2025-04-23 14:37:34,636 [WARN] PackLoader:240 - Cannot read IP mode file for EmbeddedOffice.I-CUBE-FS-RTOS.1.0.1
2025-04-23 14:37:34,637 [ERROR] ConditionMgr:805 - Attr not supported : Dmpu
2025-04-23 14:37:34,638 [ERROR] ConditionMgr:805 - Attr not supported : Dmpu
2025-04-23 14:37:34,638 [ERROR] ConditionMgr:805 - Attr not supported : Dmpu
2025-04-23 14:37:34,639 [ERROR] ConditionMgr:805 - Attr not supported : Dmpu
2025-04-23 14:37:34,639 [ERROR] ConditionMgr:805 - Attr not supported : Dmpu
2025-04-23 14:37:34,639 [ERROR] ConditionMgr:805 - Attr not supported : Dmpu
2025-04-23 14:37:34,640 [ERROR] ConditionMgr:805 - Attr not supported : Dmpu
2025-04-23 14:37:34,640 [ERROR] ConditionMgr:805 - Attr not supported : Dmpu
2025-04-23 14:37:34,641 [ERROR] ConditionMgr:805 - Attr not supported : Dmpu
2025-04-23 14:37:34,641 [ERROR] ConditionMgr:805 - Attr not supported : Dmpu
2025-04-23 14:37:34,641 [ERROR] ConditionMgr:805 - Attr not supported : Dmpu
2025-04-23 14:37:34,642 [ERROR] ConditionMgr:805 - Attr not supported : Dmpu
2025-04-23 14:37:34,642 [ERROR] ConditionMgr:805 - Attr not supported : Dmpu
2025-04-23 14:37:34,643 [ERROR] ConditionMgr:805 - Attr not supported : Dmpu
2025-04-23 14:37:34,643 [ERROR] ConditionMgr:805 - Attr not supported : Dmpu
2025-04-23 14:37:34,644 [ERROR] ConditionMgr:805 - Attr not supported : Dmpu
2025-04-23 14:37:34,644 [ERROR] ConditionMgr:805 - Attr not supported : Dmpu
2025-04-23 14:37:34,645 [ERROR] ConditionMgr:805 - Attr not supported : Dmpu
2025-04-23 14:37:34,645 [ERROR] ConditionMgr:805 - Attr not supported : Dmpu
2025-04-23 14:37:34,646 [ERROR] ConditionMgr:805 - Attr not supported : Dmpu
2025-04-23 14:37:34,646 [ERROR] ConditionMgr:805 - Attr not supported : Dmpu
2025-04-23 14:37:34,646 [ERROR] ConditionMgr:805 - Attr not supported : Dmpu
2025-04-23 14:37:34,647 [ERROR] ConditionMgr:805 - Attr not supported : Dmpu
2025-04-23 14:37:34,647 [ERROR] ConditionMgr:805 - Attr not supported : Dmpu
2025-04-23 14:37:34,648 [ERROR] ConditionMgr:805 - Attr not supported : Dmpu
2025-04-23 14:37:34,648 [ERROR] ConditionMgr:805 - Attr not supported : Dmpu
2025-04-23 14:37:34,648 [ERROR] ConditionMgr:805 - Attr not supported : Dmpu
2025-04-23 14:37:34,649 [ERROR] ConditionMgr:805 - Attr not supported : Dmpu
2025-04-23 14:37:34,649 [ERROR] ConditionMgr:805 - Attr not supported : Dmpu
2025-04-23 14:37:34,650 [ERROR] ConditionMgr:805 - Attr not supported : Dmpu
2025-04-23 14:37:34,650 [ERROR] ConditionMgr:805 - Attr not supported : Dmpu
2025-04-23 14:37:34,651 [ERROR] ConditionMgr:805 - Attr not supported : Dmpu
2025-04-23 14:37:34,651 [ERROR] ConditionMgr:805 - Attr not supported : Dmpu
2025-04-23 14:37:34,651 [ERROR] ConditionMgr:805 - Attr not supported : Dmpu
2025-04-23 14:37:34,652 [ERROR] ConditionMgr:805 - Attr not supported : Dmpu
2025-04-23 14:37:34,652 [ERROR] ConditionMgr:805 - Attr not supported : Dmpu
2025-04-23 14:37:34,653 [ERROR] ConditionMgr:805 - Attr not supported : Dmpu
2025-04-23 14:37:34,653 [ERROR] ConditionMgr:805 - Attr not supported : Dmpu
2025-04-23 14:37:34,653 [ERROR] ConditionMgr:805 - Attr not supported : Dmpu
2025-04-23 14:37:34,654 [ERROR] ConditionMgr:805 - Attr not supported : Dmpu
2025-04-23 14:37:34,654 [ERROR] ConditionMgr:805 - Attr not supported : Dmpu
2025-04-23 14:37:34,655 [ERROR] ConditionMgr:805 - Attr not supported : Dmpu
2025-04-23 14:37:34,655 [ERROR] ConditionMgr:805 - Attr not supported : Dmpu
2025-04-23 14:37:34,655 [ERROR] ConditionMgr:805 - Attr not supported : Dmpu
2025-04-23 14:37:34,656 [ERROR] ConditionMgr:805 - Attr not supported : Dmpu
2025-04-23 14:37:34,656 [ERROR] ConditionMgr:805 - Attr not supported : Dmpu
2025-04-23 14:37:34,657 [ERROR] ConditionMgr:805 - Attr not supported : Dmpu
2025-04-23 14:37:34,657 [ERROR] ConditionMgr:805 - Attr not supported : Dmpu
2025-04-23 14:37:34,657 [ERROR] ConditionMgr:805 - Attr not supported : Dmpu
2025-04-23 14:37:34,658 [ERROR] ConditionMgr:805 - Attr not supported : Dmpu
2025-04-23 14:37:34,658 [ERROR] ConditionMgr:805 - Attr not supported : Dmpu
2025-04-23 14:37:34,659 [ERROR] ConditionMgr:805 - Attr not supported : Dmpu
2025-04-23 14:37:34,659 [ERROR] ConditionMgr:805 - Attr not supported : Dmpu
2025-04-23 14:37:34,659 [ERROR] ConditionMgr:805 - Attr not supported : Dmpu
2025-04-23 14:37:34,660 [ERROR] ConditionMgr:805 - Attr not supported : Dmpu
2025-04-23 14:37:34,660 [ERROR] ConditionMgr:805 - Attr not supported : Dmpu
2025-04-23 14:37:34,661 [ERROR] ConditionMgr:805 - Attr not supported : Dmpu
2025-04-23 14:37:34,661 [ERROR] ConditionMgr:805 - Attr not supported : Dmpu
2025-04-23 14:37:34,661 [ERROR] ConditionMgr:805 - Attr not supported : Dmpu
2025-04-23 14:37:34,662 [ERROR] ConditionMgr:805 - Attr not supported : Dmpu
2025-04-23 14:37:34,662 [ERROR] ConditionMgr:805 - Attr not supported : Dmpu
2025-04-23 14:37:34,663 [ERROR] ConditionMgr:805 - Attr not supported : Dmpu
2025-04-23 14:37:34,663 [ERROR] ConditionMgr:805 - Attr not supported : Dmpu
2025-04-23 14:37:34,663 [ERROR] ConditionMgr:805 - Attr not supported : Dmpu
2025-04-23 14:37:34,666 [WARN] PackLoader:240 - Cannot read IP mode file for STMicroelectronics.X-CUBE-WB05N.2.0.0
2025-04-23 14:37:34,669 [ERROR] Engine:466 - C:\Users\eec9960\.stm32cubemx\thirdparties\pdsc\STMicroelectronics.X-CUBE-TCPP.4.2.0.pdsc: PDSC version is not supported
2025-04-23 14:37:34,672 [WARN] PackLoader:240 - Cannot read IP mode file for RealThread.X-CUBE-RT-Thread_Nano.4.1.1
2025-04-23 14:37:34,675 [WARN] PackLoader:240 - Cannot read IP mode file for STMicroelectronics.FP-ATR-SIGFOX1.3.2.0
2025-04-23 14:37:34,679 [WARN] ConditionMgr:438 - getConditionDescription Invalid condition id : Cortex-A Device cause : null
2025-04-23 14:37:34,688 [WARN] ConditionMgr:1039 - genDependencies : Invalid condition id : Cortex-A Device cause : null
2025-04-23 14:37:34,689 [WARN] ConditionMgr:1039 - genDependencies : Invalid condition id : Cortex-A Device cause : null
2025-04-23 14:37:34,690 [WARN] ConditionMgr:1039 - genDependencies : Invalid condition id : Cortex-A Device cause : null
2025-04-23 14:37:34,694 [WARN] PackLoader:240 - Cannot read IP mode file for STMicroelectronics.X-CUBE-EEPRMA1.5.1.0
2025-04-23 14:37:34,698 [WARN] PackLoader:240 - Cannot read IP mode file for wolfSSL.I-CUBE-wolfSSL.5.7.6
2025-04-23 14:37:34,701 [WARN] PackLoader:240 - Cannot read IP mode file for ITTIA_DB.I-CUBE-ITTIADB.8.9.0
2025-04-23 14:37:34,714 [WARN] PackLoader:240 - Cannot read IP mode file for SEGGER.I-CUBE-embOS.1.3.1
2025-04-23 14:37:34,730 [WARN] PackLoader:240 - Cannot read IP mode file for STMicroelectronics.X-CUBE-ALGOBUILD.1.4.0
2025-04-23 14:37:34,737 [WARN] PackLoader:240 - Cannot read IP mode file for STMicroelectronics.X-CUBE-AZRTOS-F4.1.1.0
2025-04-23 14:37:34,745 [ERROR] Engine:466 - C:\Users\eec9960\.stm32cubemx\thirdparties\pdsc\Avnet-IotConnect.X-CUBE-IoTC-DA16k-PMOD.1.0.0.pdsc: PDSC version is not supported
2025-04-23 14:37:34,748 [WARN] PackLoader:240 - Cannot read IP mode file for STMicroelectronics.X-CUBE-ISPU.2.1.0
2025-04-23 14:37:34,757 [WARN] PackLoader:240 - Cannot read IP mode file for STMicroelectronics.X-CUBE-AZRTOS-L5.2.0.0
2025-04-23 14:37:34,762 [WARN] PackLoader:240 - Cannot read IP mode file for STMicroelectronics.X-CUBE-NFC6.3.1.0
2025-04-23 14:37:34,766 [WARN] PackLoader:240 - Cannot read IP mode file for STMicroelectronics.X-CUBE-DPower.1.2.0
2025-04-23 14:37:34,770 [WARN] PackLoader:240 - Cannot read IP mode file for STMicroelectronics.X-CUBE-FREERTOS.1.3.0
2025-04-23 14:37:34,774 [WARN] PackLoader:240 - Cannot read IP mode file for STMicroelectronics.X-CUBE-NFC7.1.0.1
2025-04-23 14:37:34,777 [WARN] PackLoader:240 - Cannot read IP mode file for STMicroelectronics.X-CUBE-DPower.1.3.0
2025-04-23 14:37:34,785 [WARN] ConditionMgr:438 - getConditionDescription Invalid condition id : LAN8742 Phy interface Condition cause : null
2025-04-23 14:37:34,786 [WARN] PackLoader:240 - Cannot read IP mode file for STMicroelectronics.X-CUBE-AZRTOS-L4.2.0.0
2025-04-23 14:37:34,786 [WARN] ConditionMgr:1039 - genDependencies : Invalid condition id : LAN8742 Phy interface Condition cause : null
2025-04-23 14:37:34,787 [WARN] ConditionMgr:1039 - genDependencies : Invalid condition id : LAN8742 Phy interface Condition cause : null
2025-04-23 14:37:34,788 [WARN] ConditionMgr:1039 - genDependencies : Invalid condition id : LAN8742 Phy interface Condition cause : null
2025-04-23 14:37:34,792 [WARN] PackLoader:240 - Cannot read IP mode file for STMicroelectronics.X-CUBE-SFXS2LP1.4.0.0
2025-04-23 14:37:34,802 [WARN] PackLoader:240 - Cannot read IP mode file for STMicroelectronics.X-CUBE-AZRTOS-H7.3.3.0
2025-04-23 14:37:34,810 [WARN] ConditionMgr:438 - getConditionDescription Invalid condition id : UX DEVICE CLASS RTOS Condition cause : null
2025-04-23 14:37:34,811 [WARN] ConditionMgr:438 - getConditionDescription Invalid condition id : UX DEVICE CLASS RTOS Condition cause : null
2025-04-23 14:37:34,813 [WARN] PackLoader:240 - Cannot read IP mode file for STMicroelectronics.X-CUBE-AZRTOS-WB.2.0.0
2025-04-23 14:37:34,814 [WARN] ConditionMgr:1039 - genDependencies : Invalid condition id : UX DEVICE CLASS RTOS Condition cause : null
2025-04-23 14:37:34,815 [WARN] ConditionMgr:1039 - genDependencies : Invalid condition id : UX DEVICE CLASS RTOS Condition cause : null
2025-04-23 14:37:34,816 [WARN] ConditionMgr:1039 - genDependencies : Invalid condition id : UX DEVICE CLASS RTOS Condition cause : null
2025-04-23 14:37:34,816 [WARN] ConditionMgr:1039 - genDependencies : Invalid condition id : UX DEVICE CLASS RTOS Condition cause : null
2025-04-23 14:37:34,817 [WARN] ConditionMgr:1039 - genDependencies : Invalid condition id : UX DEVICE CLASS RTOS Condition cause : null
2025-04-23 14:37:34,821 [WARN] PackLoader:240 - Cannot read IP mode file for STMicroelectronics.X-CUBE-GNSS1.7.0.1
2025-04-23 14:37:34,825 [WARN] PackLoader:240 - Cannot read IP mode file for STMicroelectronics.X-CUBE-TOUCHGFX.4.25.0
2025-04-23 14:37:34,829 [WARN] PackLoader:240 - Cannot read IP mode file for STMicroelectronics.FP-SNS-STBOX1.2.0.0
2025-04-23 14:37:34,836 [WARN] PackLoader:240 - Cannot read IP mode file for STMicroelectronics.X-CUBE-SUBG2.5.0.0
2025-04-23 14:37:34,846 [WARN] PackLoader:240 - Cannot read IP mode file for STMicroelectronics.X-CUBE-AZRTOS-H7RS.1.1.0
2025-04-23 14:37:34,851 [WARN] PackLoader:240 - Cannot read IP mode file for Cesanta.I-CUBE-Mongoose.7.13.0
2025-04-23 14:37:34,857 [WARN] PackLoader:240 - Cannot read IP mode file for STMicroelectronics.X-CUBE-AZRTOS-G4.2.0.0
2025-04-23 14:37:34,862 [ERROR] Engine:466 - C:\Users\eec9960\.stm32cubemx\thirdparties\pdsc\STMicroelectronics.X-CUBE-IPS.3.1.0.pdsc: PDSC version is not supported
2025-04-23 14:37:34,866 [WARN] PackLoader:240 - Cannot read IP mode file for STMicroelectronics.X-CUBE-ALS.1.0.2
2025-04-23 14:37:34,869 [WARN] PackLoader:240 - Cannot read IP mode file for STMicroelectronics.X-CUBE-TOUCHGFX.4.24.2
2025-04-23 14:37:34,871 [WARN] PackLoader:240 - Cannot read IP mode file for wolfSSL.I-CUBE-wolfTPM.3.4.0
2025-04-23 14:37:34,875 [WARN] PackLoader:240 - Cannot read IP mode file for portGmbH.I-Cube-SoM-uGOAL.1.1.0
2025-04-23 14:37:34,883 [WARN] PackLoader:240 - Cannot read IP mode file for STMicroelectronics.X-CUBE-AZRTOS-H7RS.1.0.0
2025-04-23 14:37:34,889 [WARN] PackLoader:240 - Cannot read IP mode file for STMicroelectronics.X-CUBE-TOF1.3.4.2
2025-04-23 14:37:34,896 [ERROR] Engine:466 - C:\Users\eec9960\.stm32cubemx\thirdparties\pdsc\STMicroelectronics.X-CUBE-TOF1.3.4.3.pdsc: PDSC version is not supported
2025-04-23 14:37:34,899 [WARN] PackLoader:240 - Cannot read IP mode file for wolfSSL.I-CUBE-wolfSSH.1.4.17
2025-04-23 14:37:34,900 [INFO] ThirdParty:978 - Integrity check success = true
2025-04-23 14:37:34,901 [INFO] IntegrityCheckThread:100 - exiting critical section [integrity check]
2025-04-23 14:37:34,901 [INFO] IntegrityCheckThread:103 - End integrity checks thread
2025-04-23 14:40:23,194 [INFO] McuFinderGlobals:63 - Set McuFinder mode to 2 (CubeIDE integrated)
2025-04-23 14:40:23,198 [INFO] MainUpdater:2873 - connection check result : 10
2025-04-23 14:40:23,202 [INFO] McuFinderGlobals:76 - Set McuFinderConnectedMode to true
2025-04-23 14:40:23,371 [INFO] ServerAccessManage:473 - Download File mcusAds.json._tmp_
2025-04-23 14:40:23,478 [INFO] LoadUrlFilesThread:156 - End of LoadUrlFiles Thread
2025-04-23 14:40:23,631 [INFO] ServerAccessManage:473 - Download File cube-finder-db.zip
2025-04-23 14:40:24,269 [INFO] FileExtend:240 - Unzip File : cube-finder-db.zip
2025-04-23 14:40:24,269 [INFO] FileExtend:255 - Standard Zip Deflate
2025-04-23 14:40:24,786 [INFO] LoadUrlFilesThread:156 - End of LoadUrlFiles Thread
2025-04-23 14:40:25,226 [INFO] ServerAccessManage:473 - Download File crdb.zip
2025-04-23 14:40:25,739 [INFO] FileExtend:240 - Unzip File : crdb.zip
2025-04-23 14:40:25,740 [INFO] FileExtend:255 - Standard Zip Deflate
2025-04-23 14:40:25,855 [INFO] LoadUrlFilesThread:156 - End of LoadUrlFiles Thread
2025-04-23 14:40:25,884 [INFO] ServerAccessManage:473 - Download File tutoVideoDB.zip
2025-04-23 14:40:25,888 [INFO] FileExtend:240 - Unzip File : tutoVideoDB.zip
2025-04-23 14:40:25,889 [INFO] FileExtend:255 - Standard Zip Deflate
2025-04-23 14:40:25,998 [INFO] LoadUrlFilesThread:156 - End of LoadUrlFiles Thread
2025-04-23 14:40:25,999 [WARN] DbFile:41 - Overriding database path with different value: C:\Users\eec9960\.stmcufinder\plugins\mcufinder/ => C:\Users\eec9960\.stmcufinder\plugins\mcufinder
2025-04-23 14:40:26,112 [INFO] ServerAccessManage:473 - Download File api_config.json
2025-04-23 14:40:26,220 [INFO] LoadUrlFilesThread:156 - End of LoadUrlFiles Thread
2025-04-23 14:40:26,220 [INFO] DbMcusAds:53 - JSON generation date=Thu Mar 06 09:54:22 EST 2025 (1741272862204)
2025-04-23 14:40:26,232 [INFO] LoadUrlFilesThread:185 - End of LoadServerUrlFiles without Thread
2025-04-23 14:40:26,233 [INFO] TargetSelectorAdapter:259 - Refresh data is successful
2025-04-23 14:40:26,297 [INFO] ApiDb:581 - Connected to CubeFinder SQLite database (C:\Users\eec9960\.stmcufinder\plugins\mcufinder\mcu\cube-finder-db.db)
2025-04-23 14:40:26,348 [INFO] ApiDb:668 - CubeFinder database Data Model version=2.1
2025-04-23 14:40:26,349 [INFO] ApiDb:669 - CubeFinder database Configuration version=3.0.39
2025-04-23 14:40:26,349 [INFO] ApiDb:670 - CubeFinder database generation date=2025-03-24 (1742811287)
2025-04-23 14:40:26,350 [INFO] ApiDb:671 - CubeFinder database FW Pack versions=[FP-ATR-ASTRA1_V2.0.0, FP-SNS-FLIGHT1_V5.0.2, FP-SNS-MOTENV1_V5.0.0, FP-SNS-MOTENVWB1_V1.4.0, FP-SNS-SMARTAG2_V1.2.0, FP-SNS-STBOX1_V2.0.0, STM32Cube_FW_C0_V1.4.0, STM32Cube_FW_F4_V1.28.1, STM32Cube_FW_F7_V1.17.2, STM32Cube_FW_G0_V1.6.2, STM32Cube_FW_G4_V1.6.1, STM32Cube_FW_H5_V1.5.0, STM32Cube_FW_H7RS_V1.2.0, STM32Cube_FW_H7_V1.12.1, STM32Cube_FW_L0_V1.12.2, STM32Cube_FW_L4_V1.18.1, STM32Cube_FW_L5_V1.5.1, STM32Cube_FW_N6_V1.1.0, STM32Cube_FW_U0_V1.2.0, STM32Cube_FW_U3_V1.1.0, STM32Cube_FW_U5_V1.7.0, STM32Cube_FW_WB0_V1.2.0, STM32Cube_FW_WBA_V1.6.0, STM32Cube_FW_WB_V1.22.0, STM32Cube_FW_WL3_V1.1.0, STM32Cube_FW_WL_V1.3.1, X-CUBE-ALGOBUILD_V1.4.0, X-CUBE-ALS_V1.0.2, X-CUBE-AZRTOS-F4_V1.1.0, X-CUBE-AZRTOS-F7_V1.1.0, X-CUBE-AZRTOS-G0_V1.1.0, X-CUBE-AZRTOS-G4_V2.0.0, X-CUBE-AZRTOS-H7RS_V1.0.0, X-CUBE-AZRTOS-H7_V3.3.0, X-CUBE-AZRTOS-L4_V2.0.0, X-CUBE-AZRTOS-L5_V2.0.0, X-CUBE-AZRTOS-WB_V2.0.0, X-CUBE-AZRTOS-WL_V2.0.0, X-CUBE-BLE1_V7.1.0, X-CUBE-BLE2_V3.3.0, X-CUBE-BLEMGR_V4.0.0, X-CUBE-EEPRMA1_V5.1.0, X-CUBE-FREERTOS_V1.3.0, X-CUBE-GNSS1_V6.0.0, X-CUBE-MEMS1_V11.1.0, X-CUBE-NFC4_V3.0.0, X-CUBE-NFC7_V1.0.1, X-CUBE-SFXS2LP1_V4.0.0, X-CUBE-SUBG2_V5.0.0, X-CUBE-TOF1_V3.4.2]
2025-04-23 14:40:27,541 [INFO] ApiDb:240 - Found 483 in-development CPN: [B-G473E-ZEST1S, B-WB1M-WPAN1, B-WL5M-SUBG1, NUCLEO-C031C6, NUCLEO-H503RB, NUCLEO-H533RE, NUCLEO-H563ZI, NUCLEO-H7S3L8, NUCLEO-U031R8, NUCLEO-U083RC, NUCLEO-U545RE-Q, NUCLEO-U5A5ZJ-Q, NUCLEO-WBA52CG, NUCLEO-WBA55CG, STEVAL-PROTEUS1, STEVAL-SMARTAG2, STEVAL-STWINBX1, STM320518-EVAL, STM32C0116-DK, STM32C011D6Y3TR, STM32C011D6Y6TR, STM32C011F4P3, STM32C011F4P6, STM32C011F4U3, STM32C011F4U6TR, STM32C011F6P3, STM32C011F6P6, STM32C011F6U3, STM32C011F6U6TR, STM32C011J4M3, STM32C011J4M6, STM32C011J6M3, STM32C011J6M6, STM32C0316-DK, STM32C031C4T3, STM32C031C4T6, STM32C031C4U3, STM32C031C4U6, STM32C031C6T3, STM32C031C6T6, STM32C031C6U3, STM32C031C6U6, STM32C031F4P3, STM32C031F4P6, STM32C031F6P3, STM32C031F6P6, STM32C031G4U3, STM32C031G4U6, STM32C031G6U3, STM32C031G6U6, STM32C031K4T3, STM32C031K4T6, STM32C031K4U3, STM32C031K4U6, STM32C031K6T3, STM32C031K6T6, STM32C031K6U3, STM32C031K6U6, STM32G071K8TXN, STM32G071K8UXN, STM32G081GBU6N, STM32G081KBT6N, STM32G081KBUXN, STM32G0B1CCT6N, STM32G0B1KCT6, STM32G0B1NEY6TR, STM32G0B1RCT6N, STM32G0C1CCT6, STM32G0C1CCT6N, STM32G0C1CCU6N, STM32G0C1CET6N, STM32G0C1CEU6N, STM32G0C1KCT6, STM32G0C1NEY6TR, STM32G0C1RCI6N, STM32G0C1RCT6N, STM32G0C1REI6N, STM32G0C1RET6N, STM32G0C1VCI6, STM32G0C1VEI6, STM32G471CCT6, STM32G471CCU6, STM32G471CET3, STM32G471CET6, STM32G471CEU3, STM32G471CEU6, STM32G471MCT6, STM32G471MET3, STM32G471MET6, STM32G471MEY6TR, STM32G471QCT6, STM32G471QET3, STM32G471RCT6, STM32G471RET3, STM32G471RET6, STM32G471VCH6, STM32G471VCI6, STM32G471VCT6, STM32G471VEH3, STM32G471VEH6, STM32G471VEI3, STM32G471VEI6, STM32G471VET3, STM32G471VET6, STM32G474CCT6, STM32H503CBT6, STM32H503CBU6, STM32H503EBY6TR, STM32H503KBU6, STM32H503RBT6, STM32H523CCT6, STM32H523CCU6, STM32H523CET6, STM32H523CEU6, STM32H523HEY6TR, STM32H523RCT6, STM32H523RET6, STM32H523VCI6, STM32H523VCT6, STM32H523VEI6, STM32H523VET6, STM32H523ZCJ6, STM32H523ZCT6, STM32H523ZEJ6, STM32H523ZET6, STM32H533CET6, STM32H533CEU6, STM32H533HEY6TR, STM32H533RET6, STM32H533VEI6, STM32H533VET6, STM32H533ZEJ6, STM32H533ZET6, STM32H562AGI6, STM32H562AII6, STM32H562IGK6, STM32H562IGT6, STM32H562IIK6, STM32H562IIT6, STM32H562RGT6, STM32H562RGV6, STM32H562RIT6, STM32H562RIV6, STM32H562VGT6, STM32H562VIT6, STM32H562ZGT6, STM32H562ZIT6, STM32H563AGI6, STM32H563AII3Q, STM32H563AII6, STM32H563IGK6, STM32H563IGT6, STM32H563IIK3Q, STM32H563IIK6, STM32H563IIT3Q, STM32H563IIT6, STM32H563MIY3QTR, STM32H563RGT6, STM32H563RGV6, STM32H563RIT6, STM32H563RIV6, STM32H563VGT6, STM32H563VIT3Q, STM32H563VIT6, STM32H563ZGT6, STM32H563ZIT3Q, STM32H563ZIT6, STM32H573AII3Q, STM32H573AII6, STM32H573I-DK, STM32H573IIK3Q, STM32H573IIK6, STM32H573IIT3Q, STM32H573IIT6, STM32H573MIY3QTR, STM32H573RIT6, STM32H573RIV6, STM32H573VIT3Q, STM32H573VIT6, STM32H573ZIT3Q, STM32H573ZIT6, STM32H7R3A8I6, STM32H7R3I8K6, STM32H7R3I8T6, STM32H7R3L8H6, STM32H7R3L8H6H, STM32H7R3R8V6, STM32H7R3V8H6, STM32H7R3V8T6, STM32H7R3V8Y6, STM32H7R3Z8J6, STM32H7R3Z8T6, STM32H7R7A8I6, STM32H7R7I8K6, STM32H7R7I8T6, STM32H7R7L8H6, STM32H7R7L8H6H, STM32H7R7Z8J6, STM32H7S3A8I6, STM32H7S3I8K6, STM32H7S3I8T6, STM32H7S3L8H6, STM32H7S3L8H6H, STM32H7S3R8V6, STM32H7S3V8H6, STM32H7S3V8T6, STM32H7S3V8Y6, STM32H7S3Z8J6, STM32H7S3Z8T6, STM32H7S78-DK, STM32H7S7A8I6, STM32H7S7I8K6, STM32H7S7I8T6, STM32H7S7L8H6, STM32H7S7L8H6H, STM32H7S7Z8J6, STM32L4R5QGI6STR, STM32MP131AAE3, STM32MP131AAF3, STM32MP131AAG3, STM32MP131CAE3, STM32MP131CAF3, STM32MP131CAG3, STM32MP131DAE7, STM32MP131DAF7, STM32MP131DAG7, STM32MP131FAE7, STM32MP131FAF7, STM32MP131FAG7, STM32MP133AAE3, STM32MP133AAF3, STM32MP133AAG3, STM32MP133CAE3, STM32MP133CAF3, STM32MP133CAG3, STM32MP133DAE7, STM32MP133DAF7, STM32MP133DAG7, STM32MP133FAE7, STM32MP133FAF7, STM32MP133FAG7, STM32MP135AAE3, STM32MP135AAF3, STM32MP135AAG3, STM32MP135CAE3, STM32MP135CAF3, STM32MP135CAG3, STM32MP135DAE7, STM32MP135DAF7, STM32MP135DAG7, STM32MP135F-DK, STM32MP135FAE7, STM32MP135FAF7, STM32MP135FAF7T, STM32MP135FAF7U, STM32MP135FAG7, STM32U031C6T6, STM32U031C6U6, STM32U031C8T6, STM32U031C8U6, STM32U031F4P6, STM32U031F6P6, STM32U031F8P6, STM32U031G6Y6TR, STM32U031G8Y6TR, STM32U031K4U6, STM32U031K6U6, STM32U031K8U6, STM32U031R6I6, STM32U031R6T6, STM32U031R8I6, STM32U031R8T6, STM32U073C8T6, STM32U073C8U6, STM32U073CBT6, STM32U073CBU6, STM32U073CCT6, STM32U073CCU6, STM32U073H8Y6TR, STM32U073HBY6TR, STM32U073HCY6TR, STM32U073K8U6, STM32U073KBU6, STM32U073KCU6, STM32U073M8I6, STM32U073M8T6, STM32U073MBI6, STM32U073MBT6, STM32U073MCI6, STM32U073MCT6, STM32U073R8I6, STM32U073R8T6, STM32U073RBI6, STM32U073RBT6, STM32U073RCI6, STM32U073RCT6, STM32U083C-DK, STM32U083CCT6, STM32U083CCU6, STM32U083HCY6TR, STM32U083KCU6, STM32U083MCI6, STM32U083MCT6, STM32U083RCI6, STM32U083RCT6, STM32U535CBT6, STM32U535CBT6Q, STM32U535CBU6, STM32U535CBU6Q, STM32U535CCT6, STM32U535CCT6Q, STM32U535CCU6, STM32U535CCU6Q, STM32U535CET6, STM32U535CET6Q, STM32U535CEU6, STM32U535CEU6Q, STM32U535JEY6QTR, STM32U535NCY6QTR, STM32U535NEY6QTR, STM32U535RBI6, STM32U535RBI6Q, STM32U535RBT6, STM32U535RBT6Q, STM32U535RCI6, STM32U535RCI6Q, STM32U535RCT6, STM32U535RCT6Q, STM32U535REI6, STM32U535REI6Q, STM32U535RET6, STM32U535RET6Q, STM32U535VCI6, STM32U535VCI6Q, STM32U535VCT6, STM32U535VCT6Q, STM32U535VEI6, STM32U535VEI6Q, STM32U535VET6, STM32U535VET6Q, STM32U545CET6, STM32U545CET6Q, STM32U545CEU6, STM32U545CEU6Q, STM32U545JEY6QTR, STM32U545NEY6QTR, STM32U545REI6, STM32U545REI6Q, STM32U545RET6, STM32U545RET6Q, STM32U545VEI6, STM32U545VEI6Q, STM32U545VET6, STM32U545VET6Q, STM32U595AIH6, STM32U595AIH6Q, STM32U595AJH6, STM32U595AJH6Q, STM32U595QII6, STM32U595QII6Q, STM32U595QJI6, STM32U595QJI6Q, STM32U595RIT6, STM32U595RIT6Q, STM32U595RJT6, STM32U595RJT6Q, STM32U595VIT6, STM32U595VIT6Q, STM32U595VJT6, STM32U595VJT6Q, STM32U595ZIT6, STM32U595ZIT6Q, STM32U595ZIY6QTR, STM32U595ZJT6, STM32U595ZJT6Q, STM32U595ZJY6QTR, STM32U599BJY6QTR, STM32U599NIH6Q, STM32U599NJH6Q, STM32U599VIT6Q, STM32U599VJT6, STM32U599VJT6Q, STM32U599ZIT6Q, STM32U599ZIY6QTR, STM32U599ZJT6Q, STM32U599ZJY6QTR, STM32U5A5AJH6, STM32U5A5AJH6Q, STM32U5A5QII3Q , STM32U5A5QJI6, STM32U5A5QJI6Q, STM32U5A5RJT6, STM32U5A5RJT6Q, STM32U5A5VJT6, STM32U5A5VJT6Q, STM32U5A5ZJT6, STM32U5A5ZJT6Q, STM32U5A5ZJY6QTR, STM32U5A9BJY6QTR, STM32U5A9J-DK, STM32U5A9NJH6Q, STM32U5A9VJT6Q, STM32U5A9ZJT6Q, STM32U5A9ZJY6QTR, STM32U5F7VIT6, STM32U5F7VIT6Q, STM32U5F7VJT6, STM32U5F7VJT6Q, STM32U5F9BJY6QTR, STM32U5F9NJH6Q, STM32U5F9VIT6Q, STM32U5F9VJT6Q, STM32U5F9ZIJ6QTR, STM32U5F9ZIT6Q, STM32U5F9ZJJ6QTR, STM32U5F9ZJT6Q, STM32U5G7VJT6, STM32U5G7VJT6Q, STM32U5G9BJY6QTR, STM32U5G9J-DK1, STM32U5G9J-DK2, STM32U5G9NJH6Q, STM32U5G9VJT6Q, STM32U5G9ZJJ6QTR, STM32U5G9ZJT6Q, STM32WB1MMCH6, STM32WBA50KEU6, STM32WBA50KEU6TR, STM32WBA50KGU6, STM32WBA50KGU6TR, STM32WBA52CEU6, STM32WBA52CEU6TR, STM32WBA52CEU7, STM32WBA52CEU7TR, STM32WBA52CGU6, STM32WBA52CGU6TR, STM32WBA52CGU6U, STM32WBA52CGU7, STM32WBA52CGU7TR, STM32WBA52KEU6, STM32WBA52KEU6TR, STM32WBA52KGU6, STM32WBA52KGU6TR, STM32WBA54CEU6, STM32WBA54CEU6TR, STM32WBA54CEU7, STM32WBA54CEU7TR, STM32WBA54CGU6, STM32WBA54CGU6TR, STM32WBA54CGU7, STM32WBA54CGU7TR, STM32WBA54KEU6, STM32WBA54KEU6TR, STM32WBA54KEU7, STM32WBA54KEU7TR, STM32WBA54KGU6, STM32WBA54KGU6TR, STM32WBA54KGU7, STM32WBA54KGU7TR, STM32WBA55CEU6, STM32WBA55CEU6TR, STM32WBA55CEU7, STM32WBA55CEU7TR, STM32WBA55CGU6, STM32WBA55CGU6TR, STM32WBA55CGU6U, STM32WBA55CGU7, STM32WBA55CGU7TR, STM32WBA55G-DK1, STM32WBA55HEF6, STM32WBA55HEF7, STM32WBA55HGF6, STM32WBA55HGF7, STM32WBA55UEI6, STM32WBA55UEI6TR, STM32WBA55UEI7, STM32WBA55UEI7TR, STM32WBA55UGI6, STM32WBA55UGI6TR, STM32WBA55UGI7, STM32WBA55UGI7TR, STM32WL5MOCH6, STM32WL5MOCH6TR]
2025-04-23 14:40:27,545 [INFO] DbMcus:218 - Found 4657 MCUs, 4657 are supported
2025-04-23 14:40:27,547 [INFO] ApiDb:423 - Load user favorites file C:\Users\eec9960/.stm32cubeide/favorites.mcus.txt: 0 item(s)
2025-04-23 14:40:27,547 [INFO] ApiDb:427 - User favorites MCUs=[]
2025-04-23 14:40:27,548 [INFO] DbMcus:224 - Set 0 / 0 favorites MCUs
2025-04-23 14:40:27,727 [INFO] ApiDb:668 - CubeFinder database Data Model version=2.1
2025-04-23 14:40:27,728 [INFO] ApiDb:669 - CubeFinder database Configuration version=3.0.39
2025-04-23 14:40:27,729 [INFO] ApiDb:670 - CubeFinder database generation date=2025-03-24 (1742811287)
2025-04-23 14:40:27,729 [INFO] ApiDb:671 - CubeFinder database FW Pack versions=[FP-ATR-ASTRA1_V2.0.0, FP-SNS-FLIGHT1_V5.0.2, FP-SNS-MOTENV1_V5.0.0, FP-SNS-MOTENVWB1_V1.4.0, FP-SNS-SMARTAG2_V1.2.0, FP-SNS-STBOX1_V2.0.0, STM32Cube_FW_C0_V1.4.0, STM32Cube_FW_F4_V1.28.1, STM32Cube_FW_F7_V1.17.2, STM32Cube_FW_G0_V1.6.2, STM32Cube_FW_G4_V1.6.1, STM32Cube_FW_H5_V1.5.0, STM32Cube_FW_H7RS_V1.2.0, STM32Cube_FW_H7_V1.12.1, STM32Cube_FW_L0_V1.12.2, STM32Cube_FW_L4_V1.18.1, STM32Cube_FW_L5_V1.5.1, STM32Cube_FW_N6_V1.1.0, STM32Cube_FW_U0_V1.2.0, STM32Cube_FW_U3_V1.1.0, STM32Cube_FW_U5_V1.7.0, STM32Cube_FW_WB0_V1.2.0, STM32Cube_FW_WBA_V1.6.0, STM32Cube_FW_WB_V1.22.0, STM32Cube_FW_WL3_V1.1.0, STM32Cube_FW_WL_V1.3.1, X-CUBE-ALGOBUILD_V1.4.0, X-CUBE-ALS_V1.0.2, X-CUBE-AZRTOS-F4_V1.1.0, X-CUBE-AZRTOS-F7_V1.1.0, X-CUBE-AZRTOS-G0_V1.1.0, X-CUBE-AZRTOS-G4_V2.0.0, X-CUBE-AZRTOS-H7RS_V1.0.0, X-CUBE-AZRTOS-H7_V3.3.0, X-CUBE-AZRTOS-L4_V2.0.0, X-CUBE-AZRTOS-L5_V2.0.0, X-CUBE-AZRTOS-WB_V2.0.0, X-CUBE-AZRTOS-WL_V2.0.0, X-CUBE-BLE1_V7.1.0, X-CUBE-BLE2_V3.3.0, X-CUBE-BLEMGR_V4.0.0, X-CUBE-EEPRMA1_V5.1.0, X-CUBE-FREERTOS_V1.3.0, X-CUBE-GNSS1_V6.0.0, X-CUBE-MEMS1_V11.1.0, X-CUBE-NFC4_V3.0.0, X-CUBE-NFC7_V1.0.1, X-CUBE-SFXS2LP1_V4.0.0, X-CUBE-SUBG2_V5.0.0, X-CUBE-TOF1_V3.4.2]
2025-04-23 14:40:27,769 [INFO] DbBoardsSqlite:226 - include board P-NUCLEO-WB55-NUCLEO as a kit item of type 'Nucleo-64'
2025-04-23 14:40:27,770 [INFO] DbBoardsSqlite:226 - include board P-NUCLEO-WB55-USBDONGLE as a kit item of type 'Nucleo USB Dongle'
2025-04-23 14:40:27,770 [INFO] DbBoardsSqlite:226 - include board STEVAL-IDP005V1 as a kit item of type 'Evaluation Board'
2025-04-23 14:40:27,771 [INFO] DbBoardsSqlite:226 - include board STEVAL-IDP005V2 as a kit item of type 'Evaluation Board'
2025-04-23 14:40:27,816 [INFO] ApiDb:240 - Found 483 in-development CPN: [B-G473E-ZEST1S, B-WB1M-WPAN1, B-WL5M-SUBG1, NUCLEO-C031C6, NUCLEO-H503RB, NUCLEO-H533RE, NUCLEO-H563ZI, NUCLEO-H7S3L8, NUCLEO-U031R8, NUCLEO-U083RC, NUCLEO-U545RE-Q, NUCLEO-U5A5ZJ-Q, NUCLEO-WBA52CG, NUCLEO-WBA55CG, STEVAL-PROTEUS1, STEVAL-SMARTAG2, STEVAL-STWINBX1, STM320518-EVAL, STM32C0116-DK, STM32C011D6Y3TR, STM32C011D6Y6TR, STM32C011F4P3, STM32C011F4P6, STM32C011F4U3, STM32C011F4U6TR, STM32C011F6P3, STM32C011F6P6, STM32C011F6U3, STM32C011F6U6TR, STM32C011J4M3, STM32C011J4M6, STM32C011J6M3, STM32C011J6M6, STM32C0316-DK, STM32C031C4T3, STM32C031C4T6, STM32C031C4U3, STM32C031C4U6, STM32C031C6T3, STM32C031C6T6, STM32C031C6U3, STM32C031C6U6, STM32C031F4P3, STM32C031F4P6, STM32C031F6P3, STM32C031F6P6, STM32C031G4U3, STM32C031G4U6, STM32C031G6U3, STM32C031G6U6, STM32C031K4T3, STM32C031K4T6, STM32C031K4U3, STM32C031K4U6, STM32C031K6T3, STM32C031K6T6, STM32C031K6U3, STM32C031K6U6, STM32G071K8TXN, STM32G071K8UXN, STM32G081GBU6N, STM32G081KBT6N, STM32G081KBUXN, STM32G0B1CCT6N, STM32G0B1KCT6, STM32G0B1NEY6TR, STM32G0B1RCT6N, STM32G0C1CCT6, STM32G0C1CCT6N, STM32G0C1CCU6N, STM32G0C1CET6N, STM32G0C1CEU6N, STM32G0C1KCT6, STM32G0C1NEY6TR, STM32G0C1RCI6N, STM32G0C1RCT6N, STM32G0C1REI6N, STM32G0C1RET6N, STM32G0C1VCI6, STM32G0C1VEI6, STM32G471CCT6, STM32G471CCU6, STM32G471CET3, STM32G471CET6, STM32G471CEU3, STM32G471CEU6, STM32G471MCT6, STM32G471MET3, STM32G471MET6, STM32G471MEY6TR, STM32G471QCT6, STM32G471QET3, STM32G471RCT6, STM32G471RET3, STM32G471RET6, STM32G471VCH6, STM32G471VCI6, STM32G471VCT6, STM32G471VEH3, STM32G471VEH6, STM32G471VEI3, STM32G471VEI6, STM32G471VET3, STM32G471VET6, STM32G474CCT6, STM32H503CBT6, STM32H503CBU6, STM32H503EBY6TR, STM32H503KBU6, STM32H503RBT6, STM32H523CCT6, STM32H523CCU6, STM32H523CET6, STM32H523CEU6, STM32H523HEY6TR, STM32H523RCT6, STM32H523RET6, STM32H523VCI6, STM32H523VCT6, STM32H523VEI6, STM32H523VET6, STM32H523ZCJ6, STM32H523ZCT6, STM32H523ZEJ6, STM32H523ZET6, STM32H533CET6, STM32H533CEU6, STM32H533HEY6TR, STM32H533RET6, STM32H533VEI6, STM32H533VET6, STM32H533ZEJ6, STM32H533ZET6, STM32H562AGI6, STM32H562AII6, STM32H562IGK6, STM32H562IGT6, STM32H562IIK6, STM32H562IIT6, STM32H562RGT6, STM32H562RGV6, STM32H562RIT6, STM32H562RIV6, STM32H562VGT6, STM32H562VIT6, STM32H562ZGT6, STM32H562ZIT6, STM32H563AGI6, STM32H563AII3Q, STM32H563AII6, STM32H563IGK6, STM32H563IGT6, STM32H563IIK3Q, STM32H563IIK6, STM32H563IIT3Q, STM32H563IIT6, STM32H563MIY3QTR, STM32H563RGT6, STM32H563RGV6, STM32H563RIT6, STM32H563RIV6, STM32H563VGT6, STM32H563VIT3Q, STM32H563VIT6, STM32H563ZGT6, STM32H563ZIT3Q, STM32H563ZIT6, STM32H573AII3Q, STM32H573AII6, STM32H573I-DK, STM32H573IIK3Q, STM32H573IIK6, STM32H573IIT3Q, STM32H573IIT6, STM32H573MIY3QTR, STM32H573RIT6, STM32H573RIV6, STM32H573VIT3Q, STM32H573VIT6, STM32H573ZIT3Q, STM32H573ZIT6, STM32H7R3A8I6, STM32H7R3I8K6, STM32H7R3I8T6, STM32H7R3L8H6, STM32H7R3L8H6H, STM32H7R3R8V6, STM32H7R3V8H6, STM32H7R3V8T6, STM32H7R3V8Y6, STM32H7R3Z8J6, STM32H7R3Z8T6, STM32H7R7A8I6, STM32H7R7I8K6, STM32H7R7I8T6, STM32H7R7L8H6, STM32H7R7L8H6H, STM32H7R7Z8J6, STM32H7S3A8I6, STM32H7S3I8K6, STM32H7S3I8T6, STM32H7S3L8H6, STM32H7S3L8H6H, STM32H7S3R8V6, STM32H7S3V8H6, STM32H7S3V8T6, STM32H7S3V8Y6, STM32H7S3Z8J6, STM32H7S3Z8T6, STM32H7S78-DK, STM32H7S7A8I6, STM32H7S7I8K6, STM32H7S7I8T6, STM32H7S7L8H6, STM32H7S7L8H6H, STM32H7S7Z8J6, STM32L4R5QGI6STR, STM32MP131AAE3, STM32MP131AAF3, STM32MP131AAG3, STM32MP131CAE3, STM32MP131CAF3, STM32MP131CAG3, STM32MP131DAE7, STM32MP131DAF7, STM32MP131DAG7, STM32MP131FAE7, STM32MP131FAF7, STM32MP131FAG7, STM32MP133AAE3, STM32MP133AAF3, STM32MP133AAG3, STM32MP133CAE3, STM32MP133CAF3, STM32MP133CAG3, STM32MP133DAE7, STM32MP133DAF7, STM32MP133DAG7, STM32MP133FAE7, STM32MP133FAF7, STM32MP133FAG7, STM32MP135AAE3, STM32MP135AAF3, STM32MP135AAG3, STM32MP135CAE3, STM32MP135CAF3, STM32MP135CAG3, STM32MP135DAE7, STM32MP135DAF7, STM32MP135DAG7, STM32MP135F-DK, STM32MP135FAE7, STM32MP135FAF7, STM32MP135FAF7T, STM32MP135FAF7U, STM32MP135FAG7, STM32U031C6T6, STM32U031C6U6, STM32U031C8T6, STM32U031C8U6, STM32U031F4P6, STM32U031F6P6, STM32U031F8P6, STM32U031G6Y6TR, STM32U031G8Y6TR, STM32U031K4U6, STM32U031K6U6, STM32U031K8U6, STM32U031R6I6, STM32U031R6T6, STM32U031R8I6, STM32U031R8T6, STM32U073C8T6, STM32U073C8U6, STM32U073CBT6, STM32U073CBU6, STM32U073CCT6, STM32U073CCU6, STM32U073H8Y6TR, STM32U073HBY6TR, STM32U073HCY6TR, STM32U073K8U6, STM32U073KBU6, STM32U073KCU6, STM32U073M8I6, STM32U073M8T6, STM32U073MBI6, STM32U073MBT6, STM32U073MCI6, STM32U073MCT6, STM32U073R8I6, STM32U073R8T6, STM32U073RBI6, STM32U073RBT6, STM32U073RCI6, STM32U073RCT6, STM32U083C-DK, STM32U083CCT6, STM32U083CCU6, STM32U083HCY6TR, STM32U083KCU6, STM32U083MCI6, STM32U083MCT6, STM32U083RCI6, STM32U083RCT6, STM32U535CBT6, STM32U535CBT6Q, STM32U535CBU6, STM32U535CBU6Q, STM32U535CCT6, STM32U535CCT6Q, STM32U535CCU6, STM32U535CCU6Q, STM32U535CET6, STM32U535CET6Q, STM32U535CEU6, STM32U535CEU6Q, STM32U535JEY6QTR, STM32U535NCY6QTR, STM32U535NEY6QTR, STM32U535RBI6, STM32U535RBI6Q, STM32U535RBT6, STM32U535RBT6Q, STM32U535RCI6, STM32U535RCI6Q, STM32U535RCT6, STM32U535RCT6Q, STM32U535REI6, STM32U535REI6Q, STM32U535RET6, STM32U535RET6Q, STM32U535VCI6, STM32U535VCI6Q, STM32U535VCT6, STM32U535VCT6Q, STM32U535VEI6, STM32U535VEI6Q, STM32U535VET6, STM32U535VET6Q, STM32U545CET6, STM32U545CET6Q, STM32U545CEU6, STM32U545CEU6Q, STM32U545JEY6QTR, STM32U545NEY6QTR, STM32U545REI6, STM32U545REI6Q, STM32U545RET6, STM32U545RET6Q, STM32U545VEI6, STM32U545VEI6Q, STM32U545VET6, STM32U545VET6Q, STM32U595AIH6, STM32U595AIH6Q, STM32U595AJH6, STM32U595AJH6Q, STM32U595QII6, STM32U595QII6Q, STM32U595QJI6, STM32U595QJI6Q, STM32U595RIT6, STM32U595RIT6Q, STM32U595RJT6, STM32U595RJT6Q, STM32U595VIT6, STM32U595VIT6Q, STM32U595VJT6, STM32U595VJT6Q, STM32U595ZIT6, STM32U595ZIT6Q, STM32U595ZIY6QTR, STM32U595ZJT6, STM32U595ZJT6Q, STM32U595ZJY6QTR, STM32U599BJY6QTR, STM32U599NIH6Q, STM32U599NJH6Q, STM32U599VIT6Q, STM32U599VJT6, STM32U599VJT6Q, STM32U599ZIT6Q, STM32U599ZIY6QTR, STM32U599ZJT6Q, STM32U599ZJY6QTR, STM32U5A5AJH6, STM32U5A5AJH6Q, STM32U5A5QII3Q , STM32U5A5QJI6, STM32U5A5QJI6Q, STM32U5A5RJT6, STM32U5A5RJT6Q, STM32U5A5VJT6, STM32U5A5VJT6Q, STM32U5A5ZJT6, STM32U5A5ZJT6Q, STM32U5A5ZJY6QTR, STM32U5A9BJY6QTR, STM32U5A9J-DK, STM32U5A9NJH6Q, STM32U5A9VJT6Q, STM32U5A9ZJT6Q, STM32U5A9ZJY6QTR, STM32U5F7VIT6, STM32U5F7VIT6Q, STM32U5F7VJT6, STM32U5F7VJT6Q, STM32U5F9BJY6QTR, STM32U5F9NJH6Q, STM32U5F9VIT6Q, STM32U5F9VJT6Q, STM32U5F9ZIJ6QTR, STM32U5F9ZIT6Q, STM32U5F9ZJJ6QTR, STM32U5F9ZJT6Q, STM32U5G7VJT6, STM32U5G7VJT6Q, STM32U5G9BJY6QTR, STM32U5G9J-DK1, STM32U5G9J-DK2, STM32U5G9NJH6Q, STM32U5G9VJT6Q, STM32U5G9ZJJ6QTR, STM32U5G9ZJT6Q, STM32WB1MMCH6, STM32WBA50KEU6, STM32WBA50KEU6TR, STM32WBA50KGU6, STM32WBA50KGU6TR, STM32WBA52CEU6, STM32WBA52CEU6TR, STM32WBA52CEU7, STM32WBA52CEU7TR, STM32WBA52CGU6, STM32WBA52CGU6TR, STM32WBA52CGU6U, STM32WBA52CGU7, STM32WBA52CGU7TR, STM32WBA52KEU6, STM32WBA52KEU6TR, STM32WBA52KGU6, STM32WBA52KGU6TR, STM32WBA54CEU6, STM32WBA54CEU6TR, STM32WBA54CEU7, STM32WBA54CEU7TR, STM32WBA54CGU6, STM32WBA54CGU6TR, STM32WBA54CGU7, STM32WBA54CGU7TR, STM32WBA54KEU6, STM32WBA54KEU6TR, STM32WBA54KEU7, STM32WBA54KEU7TR, STM32WBA54KGU6, STM32WBA54KGU6TR, STM32WBA54KGU7, STM32WBA54KGU7TR, STM32WBA55CEU6, STM32WBA55CEU6TR, STM32WBA55CEU7, STM32WBA55CEU7TR, STM32WBA55CGU6, STM32WBA55CGU6TR, STM32WBA55CGU6U, STM32WBA55CGU7, STM32WBA55CGU7TR, STM32WBA55G-DK1, STM32WBA55HEF6, STM32WBA55HEF7, STM32WBA55HGF6, STM32WBA55HGF7, STM32WBA55UEI6, STM32WBA55UEI6TR, STM32WBA55UEI7, STM32WBA55UEI7TR, STM32WBA55UGI6, STM32WBA55UGI6TR, STM32WBA55UGI7, STM32WBA55UGI7TR, STM32WL5MOCH6, STM32WL5MOCH6TR]
2025-04-23 14:40:27,828 [INFO] BoardInfo:889 - No configuration file found for board NUCLEO-C051C8
2025-04-23 14:40:27,829 [INFO] DbBoards:161 - Board is not supported: NUCLEO-C051C8
2025-04-23 14:40:27,830 [INFO] BoardInfo:889 - No configuration file found for board NUCLEO-C071RB
2025-04-23 14:40:27,831 [INFO] DbBoards:161 - Board is not supported: NUCLEO-C071RB
2025-04-23 14:40:27,832 [INFO] BoardInfo:889 - No configuration file found for board NUCLEO-C092RC
2025-04-23 14:40:27,833 [INFO] DbBoards:161 - Board is not supported: NUCLEO-C092RC
2025-04-23 14:40:27,878 [INFO] BoardInfo:889 - No configuration file found for board NUCLEO-N657X0-Q
2025-04-23 14:40:27,879 [INFO] DbBoards:161 - Board is not supported: NUCLEO-N657X0-Q
2025-04-23 14:40:27,881 [INFO] BoardInfo:889 - No configuration file found for board NUCLEO-U385RG-Q
2025-04-23 14:40:27,882 [INFO] DbBoards:161 - Board is not supported: NUCLEO-U385RG-Q
2025-04-23 14:40:27,885 [INFO] BoardInfo:889 - No configuration file found for board NUCLEO-WB05KZ
2025-04-23 14:40:27,886 [INFO] DbBoards:161 - Board is not supported: NUCLEO-WB05KZ
2025-04-23 14:40:27,887 [INFO] BoardInfo:889 - No configuration file found for board NUCLEO-WB07CC
2025-04-23 14:40:27,887 [INFO] DbBoards:161 - Board is not supported: NUCLEO-WB07CC
2025-04-23 14:40:27,888 [INFO] BoardInfo:889 - No configuration file found for board NUCLEO-WB09KE
2025-04-23 14:40:27,889 [INFO] DbBoards:161 - Board is not supported: NUCLEO-WB09KE
2025-04-23 14:40:27,892 [INFO] BoardInfo:889 - No configuration file found for board NUCLEO-WBA65RI
2025-04-23 14:40:27,893 [INFO] DbBoards:161 - Board is not supported: NUCLEO-WBA65RI
2025-04-23 14:40:27,894 [INFO] BoardInfo:889 - No configuration file found for board NUCLEO-WL33CC1
2025-04-23 14:40:27,895 [INFO] DbBoards:161 - Board is not supported: NUCLEO-WL33CC1
2025-04-23 14:40:27,896 [INFO] BoardInfo:889 - No configuration file found for board NUCLEO-WL33CC2
2025-04-23 14:40:27,897 [INFO] DbBoards:161 - Board is not supported: NUCLEO-WL33CC2
2025-04-23 14:40:27,900 [INFO] BoardInfo:889 - No configuration file found for board P-NUCLEO-WB55
2025-04-23 14:40:27,901 [INFO] DbBoards:161 - Kit is not supported: P-NUCLEO-WB55
2025-04-23 14:40:27,904 [INFO] BoardInfo:889 - No configuration file found for board STEVAL-BFA001V1B
2025-04-23 14:40:27,904 [INFO] DbBoards:161 - Kit is not supported: STEVAL-BFA001V1B
2025-04-23 14:40:27,905 [INFO] BoardInfo:889 - No configuration file found for board STEVAL-BFA001V2B
2025-04-23 14:40:27,906 [INFO] DbBoards:161 - Kit is not supported: STEVAL-BFA001V2B
2025-04-23 14:40:27,964 [INFO] BoardInfo:889 - No configuration file found for board STM32MP257F-DK
2025-04-23 14:40:27,965 [INFO] DbBoards:161 - Board is not supported: STM32MP257F-DK
2025-04-23 14:40:27,966 [INFO] BoardInfo:889 - No configuration file found for board STM32MP257F-EV1
2025-04-23 14:40:27,967 [INFO] DbBoards:161 - Board is not supported: STM32MP257F-EV1
2025-04-23 14:40:27,968 [INFO] BoardInfo:889 - No configuration file found for board STM32N6570-DK
2025-04-23 14:40:27,969 [INFO] DbBoards:161 - Board is not supported: STM32N6570-DK
2025-04-23 14:40:27,974 [INFO] BoardInfo:889 - No configuration file found for board STM32WBA65I-DK1
2025-04-23 14:40:27,975 [INFO] DbBoards:161 - Board is not supported: STM32WBA65I-DK1
2025-04-23 14:40:27,976 [INFO] DbBoards:168 - Found 210 boards, 192 are supported
2025-04-23 14:40:27,977 [INFO] DbBoards:169 - Found 210 boards, 8 of them is supported for  Bsp
2025-04-23 14:40:27,979 [INFO] ApiDb:423 - Load user favorites file C:\Users\eec9960/.stm32cubeide/favorites.boards.txt: 1 item(s)
2025-04-23 14:40:27,980 [INFO] ApiDb:427 - User favorites Boards=[NUCLEO-L476RG]
2025-04-23 14:40:27,980 [INFO] DbBoards:198 - Set 1 / 1 favorites Boards
2025-04-23 14:40:27,982 [INFO] ApiDb:668 - CubeFinder database Data Model version=2.1
2025-04-23 14:40:27,983 [INFO] ApiDb:669 - CubeFinder database Configuration version=3.0.39
2025-04-23 14:40:27,983 [INFO] ApiDb:670 - CubeFinder database generation date=2025-03-24 (1742811287)
2025-04-23 14:40:27,983 [INFO] ApiDb:671 - CubeFinder database FW Pack versions=[FP-ATR-ASTRA1_V2.0.0, FP-SNS-FLIGHT1_V5.0.2, FP-SNS-MOTENV1_V5.0.0, FP-SNS-MOTENVWB1_V1.4.0, FP-SNS-SMARTAG2_V1.2.0, FP-SNS-STBOX1_V2.0.0, STM32Cube_FW_C0_V1.4.0, STM32Cube_FW_F4_V1.28.1, STM32Cube_FW_F7_V1.17.2, STM32Cube_FW_G0_V1.6.2, STM32Cube_FW_G4_V1.6.1, STM32Cube_FW_H5_V1.5.0, STM32Cube_FW_H7RS_V1.2.0, STM32Cube_FW_H7_V1.12.1, STM32Cube_FW_L0_V1.12.2, STM32Cube_FW_L4_V1.18.1, STM32Cube_FW_L5_V1.5.1, STM32Cube_FW_N6_V1.1.0, STM32Cube_FW_U0_V1.2.0, STM32Cube_FW_U3_V1.1.0, STM32Cube_FW_U5_V1.7.0, STM32Cube_FW_WB0_V1.2.0, STM32Cube_FW_WBA_V1.6.0, STM32Cube_FW_WB_V1.22.0, STM32Cube_FW_WL3_V1.1.0, STM32Cube_FW_WL_V1.3.1, X-CUBE-ALGOBUILD_V1.4.0, X-CUBE-ALS_V1.0.2, X-CUBE-AZRTOS-F4_V1.1.0, X-CUBE-AZRTOS-F7_V1.1.0, X-CUBE-AZRTOS-G0_V1.1.0, X-CUBE-AZRTOS-G4_V2.0.0, X-CUBE-AZRTOS-H7RS_V1.0.0, X-CUBE-AZRTOS-H7_V3.3.0, X-CUBE-AZRTOS-L4_V2.0.0, X-CUBE-AZRTOS-L5_V2.0.0, X-CUBE-AZRTOS-WB_V2.0.0, X-CUBE-AZRTOS-WL_V2.0.0, X-CUBE-BLE1_V7.1.0, X-CUBE-BLE2_V3.3.0, X-CUBE-BLEMGR_V4.0.0, X-CUBE-EEPRMA1_V5.1.0, X-CUBE-FREERTOS_V1.3.0, X-CUBE-GNSS1_V6.0.0, X-CUBE-MEMS1_V11.1.0, X-CUBE-NFC4_V3.0.0, X-CUBE-NFC7_V1.0.1, X-CUBE-SFXS2LP1_V4.0.0, X-CUBE-SUBG2_V5.0.0, X-CUBE-TOF1_V3.4.2]
2025-04-23 14:40:28,339 [ERROR] DbExamplesSqlite:437 - Missing JSON key: board_cpn
2025-04-23 14:40:28,339 [ERROR] DbExamplesSqlite:437 - Missing JSON key: board_cpn
2025-04-23 14:40:28,340 [ERROR] DbExamplesSqlite:437 - Missing JSON key: board_cpn
2025-04-23 14:40:28,341 [ERROR] DbExamplesSqlite:437 - Missing JSON key: board_cpn
2025-04-23 14:40:28,407 [ERROR] DbExamplesSqlite:437 - Missing JSON key: board_cpn
2025-04-23 14:40:28,408 [ERROR] DbExamplesSqlite:437 - Missing JSON key: board_cpn
2025-04-23 14:40:28,409 [ERROR] DbExamplesSqlite:437 - Missing JSON key: board_cpn
2025-04-23 14:40:28,410 [ERROR] DbExamplesSqlite:437 - Missing JSON key: board_cpn
2025-04-23 14:40:28,410 [ERROR] DbExamplesSqlite:437 - Missing JSON key: board_cpn
2025-04-23 14:40:28,411 [ERROR] DbExamplesSqlite:437 - Missing JSON key: board_cpn
2025-04-23 14:40:28,412 [ERROR] DbExamplesSqlite:437 - Missing JSON key: board_cpn
2025-04-23 14:40:28,412 [ERROR] DbExamplesSqlite:437 - Missing JSON key: board_cpn
2025-04-23 14:40:28,413 [ERROR] DbExamplesSqlite:437 - Missing JSON key: board_cpn
2025-04-23 14:40:28,500 [ERROR] DbExamplesSqlite:437 - Missing JSON key: board_cpn
2025-04-23 14:40:28,506 [INFO] DbExamplesSqlite:395 - Ignored 46 examples not supported by CubeIDE
2025-04-23 14:40:28,507 [INFO] DbExamplesSqlite:396 - Found 10814 examples active
2025-04-23 14:40:28,508 [INFO] DbExamplesSqlite:397 - Found 0 examples obsolete
2025-04-23 14:40:28,509 [INFO] DbExamplesSqlite:398 - Found 0 examples under development
2025-04-23 14:40:28,510 [INFO] DbExamplesSqlite:399 - Found 79 examples not building
2025-04-23 14:40:28,512 [INFO] DbExamples:125 - Found 10847 examples
2025-04-23 14:40:28,524 [ERROR] DbExamples:208 - Found 3 examples with invalid data (board or MCU)
2025-04-23 14:40:28,525 [INFO] DbExamples:222 - Found 133 boards with related examples
2025-04-23 14:40:28,526 [INFO] DbExamples:235 - Found 110 MCUs with related examples
2025-04-23 14:40:28,540 [INFO] ApiDb:423 - Load user favorites file C:\Users\eec9960/.stm32cubeide/favorites.examples.txt: 0 item(s)
2025-04-23 14:40:28,540 [INFO] ApiDb:427 - User favorites Examples=[]
2025-04-23 14:40:28,541 [INFO] DbExamples:250 - Set 0 / 0 favorites Examples
2025-04-23 14:40:28,624 [INFO] McuFinderGlobals:76 - Set McuFinderConnectedMode to true
2025-04-23 14:40:28,630 [INFO] MultiScanPanel:200 - Auto-refresh data requested => check proxy status ongoing
2025-04-23 14:40:28,633 [INFO] FinderPluginLoader:95 - Searching for filters in installed packs
2025-04-23 14:40:29,476 [INFO] LoadUrlFilesThread:185 - End of LoadServerUrlFiles without Thread
2025-04-23 14:40:29,520 [INFO] DetailPanel:341 - Set advertising image to C:/Users/eec9960/STM32Cube/Repository/\en.prom-stm32u3-mcu-finder.jpg
2025-04-23 14:40:37,665 [INFO] MultiScanPanel:200 - Auto-refresh data requested => check proxy status ongoing
2025-04-23 14:40:37,782 [INFO] LoadUrlFilesThread:185 - End of LoadServerUrlFiles without Thread
2025-04-23 14:40:37,783 [INFO] DetailPanel:341 - Set advertising image to C:/Users/eec9960/STM32Cube/Repository/\en.prom-stm32u3-mcu-finder.jpg
2025-04-23 14:40:37,798 [INFO] DbBoards:642 - Loading board mini-images...
2025-04-23 14:40:38,867 [INFO] DbBoards:665 - Loaded 210 board mini-images
2025-04-23 14:41:07,822 [INFO] MainUpdater:2873 - connection check result : 10
2025-04-23 14:41:07,823 [INFO] MainUpdater:2873 - connection check result : 10
2025-04-23 14:41:07,835 [INFO] MicroXplorer:468 - Change Database Path : 
2025-04-23 14:41:07,836 [INFO] MicroXplorer:498 - Change Database Version : DB.6.0.111
2025-04-23 14:41:07,840 [WARN] ThirdParty:871 - waiting for thirdparty lock release [close project]
2025-04-23 14:41:07,841 [INFO] ThirdParty:873 - entering critical section [close project]
2025-04-23 14:41:07,843 [INFO] ThirdParty:883 - exiting critical section [close project]
2025-04-23 14:41:07,845 [INFO] PinOutPanel:1561 - setPackage(No Configuration,No Configuration)
2025-04-23 14:41:07,848 [INFO] UtilMem:75 - Begin LoadConfig() Used Memory: 980439656 Bytes (1073741824)
2025-04-23 14:41:07,853 [INFO] OpenFileManager:312 - Change cursor
2025-04-23 14:41:07,882 [INFO] ProjectFactory:442 - No CPN specified for board NUCLEO-L476RG => set CPN to STM32L476RGT3
2025-04-23 14:41:07,883 [INFO] Mcu:2021 - Initializing MCU STM32L476R(C-E-G)Tx STM32L476RGTx STM32L476RGT3
2025-04-23 14:41:09,333 [INFO] Context:663 - Trying to add GPIOservice into a context  which must be forbidden
2025-04-23 14:41:09,664 [INFO] Rule:228 - rule 117617 - U5Cobra4M][GTZC] default value MPCBB3 and MPCBB5 - Not Secured memory - MPCBB1 is applicable
2025-04-23 14:41:09,665 [INFO] Rule:228 - rule 117617 - U5Cobra4M][GTZC] default value MPCBB3 and MPCBB5 - Not Secured memory - MPCBB1 is applicable
2025-04-23 14:41:09,666 [INFO] Rule:228 - rule 117617 - U5Cobra4M][GTZC] default value MPCBB3 and MPCBB5 - Not Secured memory - MPCBB2 is applicable
2025-04-23 14:41:09,667 [INFO] Rule:228 - rule 117617 - U5Cobra4M][GTZC] default value MPCBB3 and MPCBB5 - Not Secured memory - MPCBB2 is applicable
2025-04-23 14:41:09,668 [INFO] Rule:228 - rule 117617 - U5Cobra4M][GTZC] default value MPCBB3 and MPCBB5 - Not Secured memory - MPCBB3 is applicable
2025-04-23 14:41:09,668 [INFO] Rule:228 - rule 117617 - U5Cobra4M][GTZC] default value MPCBB3 and MPCBB5 - Not Secured memory - MPCBB3 is applicable
2025-04-23 14:41:09,669 [INFO] Rule:228 - rule 117617 - U5Cobra4M][GTZC] default value MPCBB3 and MPCBB5 - Not Secured memory - MPCBB4 is applicable
2025-04-23 14:41:09,669 [INFO] Rule:228 - rule 117617 - U5Cobra4M][GTZC] default value MPCBB3 and MPCBB5 - Not Secured memory - MPCBB4 is applicable
2025-04-23 14:41:09,670 [INFO] Rule:228 - rule 117617 - U5Cobra4M][GTZC] default value MPCBB3 and MPCBB5 - Secured memory - MPCBB1 is applicable
2025-04-23 14:41:09,671 [INFO] Rule:228 - rule 117617 - U5Cobra4M][GTZC] default value MPCBB3 and MPCBB5 - Secured memory - MPCBB2 is applicable
2025-04-23 14:41:09,671 [INFO] Rule:228 - rule 117617 - U5Cobra4M][GTZC] default value MPCBB3 and MPCBB5 - Secured memory - MPCBB3 is applicable
2025-04-23 14:41:09,672 [INFO] Rule:228 - rule 117617 - U5Cobra4M][GTZC] default value MPCBB3 and MPCBB5 - Secured memory - MPCBB4 is applicable
2025-04-23 14:41:09,672 [INFO] Rule:228 - rule 117617 - U5Cobra4M][GTZC] default value MPCBB3 and MPCBB5 - Privileged memory - MPCBB1 is applicable
2025-04-23 14:41:09,673 [INFO] Rule:228 - rule 117617 - U5Cobra4M][GTZC] default value MPCBB3 and MPCBB5 - Privileged memory - MPCBB2 is applicable
2025-04-23 14:41:09,674 [INFO] Rule:228 - rule 117617 - U5Cobra4M][GTZC] default value MPCBB3 and MPCBB5 - Privileged memory - MPCBB3 is applicable
2025-04-23 14:41:09,674 [INFO] Rule:228 - rule 117617 - U5Cobra4M][GTZC] default value MPCBB3 and MPCBB5 - Privileged memory - MPCBB4 is applicable
2025-04-23 14:41:09,674 [INFO] Rule:228 - rule 117617 - U5Cobra4M][GTZC] default value MPCBB3 and MPCBB5 - Not Privileged memory - MPCBB1 is applicable
2025-04-23 14:41:09,675 [INFO] Rule:228 - rule 117617 - U5Cobra4M][GTZC] default value MPCBB3 and MPCBB5 - Not Privileged memory - MPCBB2 is applicable
2025-04-23 14:41:09,675 [INFO] Rule:228 - rule 117617 - U5Cobra4M][GTZC] default value MPCBB3 and MPCBB5 - Not Privileged memory - MPCBB3 is applicable
2025-04-23 14:41:09,676 [INFO] Rule:228 - rule 117617 - U5Cobra4M][GTZC] default value MPCBB3 and MPCBB5 - Not Privileged memory - MPCBB4 is applicable
2025-04-23 14:41:09,676 [INFO] Rule:228 - rule 117617 - U5Cobra4M][GTZC] default value MPCBB3 and MPCBB5 - Privileged memory - MPCBB1 is applicable
2025-04-23 14:41:09,676 [INFO] Rule:228 - rule 117617 - U5Cobra4M][GTZC] default value MPCBB3 and MPCBB5 - Privileged memory - MPCBB2 is applicable
2025-04-23 14:41:09,677 [INFO] Rule:228 - rule 117617 - U5Cobra4M][GTZC] default value MPCBB3 and MPCBB5 - Privileged memory - MPCBB3 is applicable
2025-04-23 14:41:09,677 [INFO] Rule:228 - rule 117617 - U5Cobra4M][GTZC] default value MPCBB3 and MPCBB5 - Privileged memory - MPCBB4 is applicable
2025-04-23 14:41:09,677 [INFO] Rule:228 - rule 117617 - U5Cobra4M][GTZC] default value MPCBB3 and MPCBB5 - Privileged memory - MPCBB1 is applicable
2025-04-23 14:41:09,678 [INFO] Rule:228 - rule 117617 - U5Cobra4M][GTZC] default value MPCBB3 and MPCBB5 - Privileged memory - MPCBB2 is applicable
2025-04-23 14:41:09,678 [INFO] Rule:228 - rule 117617 - U5Cobra4M][GTZC] default value MPCBB3 and MPCBB5 - Privileged memory - MPCBB3 is applicable
2025-04-23 14:41:09,679 [INFO] Rule:228 - rule 117617 - U5Cobra4M][GTZC] default value MPCBB3 and MPCBB5 - Privileged memory - MPCBB4 is applicable
2025-04-23 14:41:09,679 [INFO] Rule:228 - rule 117617 - U5Cobra4M][GTZC] default value MPCBB3 and MPCBB5 - Not Privileged memory - MPCBB1 is applicable
2025-04-23 14:41:09,679 [INFO] Rule:228 - rule 117617 - U5Cobra4M][GTZC] default value MPCBB3 and MPCBB5 - Not Privileged memory - MPCBB2 is applicable
2025-04-23 14:41:09,680 [INFO] Rule:228 - rule 117617 - U5Cobra4M][GTZC] default value MPCBB3 and MPCBB5 - Not Privileged memory - MPCBB3 is applicable
2025-04-23 14:41:09,680 [INFO] Rule:228 - rule 117617 - U5Cobra4M][GTZC] default value MPCBB3 and MPCBB5 - Not Privileged memory - MPCBB4 is applicable
2025-04-23 14:41:09,681 [INFO] Rule:228 - rule 117617 - U5Cobra4M][GTZC] default value MPCBB3 and MPCBB5 - Privileged memory - MPCBB1 is applicable
2025-04-23 14:41:09,681 [INFO] Rule:228 - rule 117617 - U5Cobra4M][GTZC] default value MPCBB3 and MPCBB5 - Privileged memory - MPCBB2 is applicable
2025-04-23 14:41:09,681 [INFO] Rule:228 - rule 117617 - U5Cobra4M][GTZC] default value MPCBB3 and MPCBB5 - Privileged memory - MPCBB3 is applicable
2025-04-23 14:41:09,682 [INFO] Rule:228 - rule 117617 - U5Cobra4M][GTZC] default value MPCBB3 and MPCBB5 - Privileged memory - MPCBB4 is applicable
2025-04-23 14:41:09,682 [INFO] Rule:228 - rule Rename SubGHz_Phy SUBGHZ_APPLICATION SUBGHZ_PINGPONG to SUBGHZ_ADV_APPLICATION is applicable
2025-04-23 14:41:09,682 [INFO] Rule:228 - rule Rename Enabled to IBEACON is applicable
2025-04-23 14:41:09,682 [INFO] Rule:228 - rule GTZC_S instance for project manager is applicable
2025-04-23 14:41:09,683 [INFO] Rule:228 - rule GTZC_S instance for context M33S is applicable
2025-04-23 14:41:09,683 [INFO] Rule:228 - rule GTZC_S instance value for IP GTZC is applicable
2025-04-23 14:41:09,684 [INFO] Rule:228 - rule GTZC_S instance for mcu.IP is applicable
2025-04-23 14:41:09,684 [INFO] Rule:228 - rule GTZC_S instance for VP is applicable
2025-04-23 14:41:09,684 [INFO] Rule:228 - rule GTZC_S instance for signal is applicable
2025-04-23 14:41:09,685 [INFO] Rule:228 - rule GTZC_S instance for mcu.Pin is applicable
2025-04-23 14:41:09,685 [INFO] Rule:228 - rule GTZC_S instance for VP is applicable
2025-04-23 14:41:09,685 [INFO] Rule:228 - rule GTZC_S instance for signal is applicable
2025-04-23 14:41:09,686 [INFO] Rule:228 - rule GTZC_S instance for mcu is applicable
2025-04-23 14:41:09,686 [INFO] Rule:228 - rule GTZC_S instance for mcu.Pin is applicable
2025-04-23 14:41:09,687 [INFO] Rule:228 - rule GTZC_S instance value for IP GTZC is applicable
2025-04-23 14:41:09,687 [INFO] Rule:228 - rule GTZC_S instance for project manager is applicable
2025-04-23 14:41:09,687 [INFO] Rule:228 - rule GTZC_S instance for context M33S is applicable
2025-04-23 14:41:09,688 [INFO] Rule:228 - rule GTZC_S instance for VP is applicable
2025-04-23 14:41:09,688 [INFO] Rule:228 - rule GTZC_S instance for signal is applicable
2025-04-23 14:41:09,689 [INFO] Rule:228 - rule SPDIFRX instance for mcu is applicable
2025-04-23 14:41:09,689 [INFO] Rule:228 - rule Rename Tracer Mode is applicable
2025-04-23 14:41:09,689 [INFO] Rule:228 - rule SPDIFRX instance value for IP SPDIFRX is applicable
2025-04-23 14:41:09,690 [INFO] Rule:228 - rule SPDIFRX instance for signal is applicable
2025-04-23 14:41:09,690 [INFO] Rule:228 - rule SPDIFRX instance for project manager is applicable
2025-04-23 14:41:09,690 [INFO] Rule:228 - rule SPDIFRX instance for project manager is applicable
2025-04-23 14:41:09,691 [INFO] Rule:228 - rule ADC Scan  fix with FW F7 is applicable
2025-04-23 14:41:09,691 [INFO] Rule:228 - rule ADC Scan  fix with FW F7 is applicable
2025-04-23 14:41:09,692 [INFO] Rule:228 - rule WakeUp0 Mode is applicable
2025-04-23 14:41:09,692 [INFO] Rule:228 - rule WakeUp0 SIGNAL is applicable
2025-04-23 14:41:09,692 [INFO] Rule:228 - rule WakeUp1 Mode is applicable
2025-04-23 14:41:09,693 [INFO] Rule:228 - rule WakeUp1 SIGNAL is applicable
2025-04-23 14:41:09,693 [INFO] Rule:228 - rule WakeUp2 Mode is applicable
2025-04-23 14:41:09,693 [INFO] Rule:228 - rule WakeUp2 SIGNAL is applicable
2025-04-23 14:41:09,694 [INFO] Rule:228 - rule WakeUp4 Mode is applicable
2025-04-23 14:41:09,694 [INFO] Rule:228 - rule WakeUp4 SIGNAL is applicable
2025-04-23 14:41:09,694 [INFO] Rule:228 - rule WakeUp5 Mode is applicable
2025-04-23 14:41:09,695 [INFO] Rule:228 - rule WakeUp5 SIGNAL is applicable
2025-04-23 14:41:09,695 [INFO] Rule:228 - rule Add RTC Activate Clock Source is applicable
2025-04-23 14:41:09,695 [INFO] Rule:228 - rule Add RTC Activate Calendar 1 is applicable
2025-04-23 14:41:09,696 [INFO] Rule:228 - rule Add RTC Activate Calendar 2 is applicable
2025-04-23 14:41:09,696 [INFO] Rule:228 - rule Add RTC Activate Calendar 3 is applicable
2025-04-23 14:41:09,697 [INFO] Rule:228 - rule UART/USART TX Mode is applicable
2025-04-23 14:41:09,697 [INFO] Rule:228 - rule UART/USART RX Mode is applicable
2025-04-23 14:41:09,698 [INFO] Rule:228 - rule UART/USART RX TX Mode is applicable
2025-04-23 14:41:09,698 [INFO] Rule:228 - rule UART/USART PARITY NONE is applicable
2025-04-23 14:41:09,699 [INFO] Rule:228 - rule UART/USART PARITY EVEN is applicable
2025-04-23 14:41:09,699 [INFO] Rule:228 - rule UART/USART PARITY ODD is applicable
2025-04-23 14:41:09,699 [INFO] Rule:228 - rule USART StopBits 1 is applicable
2025-04-23 14:41:09,700 [INFO] Rule:228 - rule USART StopBits 2 is applicable
2025-04-23 14:41:09,700 [INFO] Rule:228 - rule USART StopBits 1.5 is applicable
2025-04-23 14:41:09,700 [INFO] Rule:228 - rule USART StopBits 0.5 is applicable
2025-04-23 14:41:09,701 [INFO] Rule:228 - rule UART/USART WORD LENGTH 7 is applicable
2025-04-23 14:41:09,701 [INFO] Rule:228 - rule UART/USART WORD LENGTH 8 is applicable
2025-04-23 14:41:09,702 [INFO] Rule:228 - rule UART/USART WORD LENGTH 9 is applicable
2025-04-23 14:41:09,702 [INFO] Rule:228 - rule Rename FMC NAND NCE signal is applicable
2025-04-23 14:41:09,702 [INFO] Rule:228 - rule Rename FMC NAND INT signal is applicable
2025-04-23 14:41:09,703 [INFO] Rule:228 - rule Change Default Value for LSE Drive Capability for WB family is applicable
2025-04-23 14:41:09,703 [INFO] Rule:228 - rule Change Default Value for ADC Clock Prescaler G0 family is applicable
2025-04-23 14:41:09,703 [INFO] Rule:228 - rule Change Default Value for ADC ExternalTrigConv L4 family is applicable
2025-04-23 14:41:09,704 [INFO] Rule:228 - rule Change Default Value for ADC ExternalTrigInjecConv L4 family is applicable
2025-04-23 14:41:09,704 [INFO] Rule:228 - rule Change Default Value for ADC ExternalTrigConv F3 family is applicable
2025-04-23 14:41:09,704 [INFO] Rule:228 - rule Change Default Value for ADC ExternalTrigInjecConv F3 family is applicable
2025-04-23 14:41:09,705 [INFO] Rule:228 - rule Change Default Value for ADC ExternalTrigConv Goldfish serie is applicable
2025-04-23 14:41:09,705 [INFO] Rule:228 - rule Change Default Value for ADC ExternalTrigInjecConv Goldfish serie is applicable
2025-04-23 14:41:09,706 [INFO] Rule:228 - rule Change Default Value for ADC ExternalTrigConv L0 family is applicable
2025-04-23 14:41:09,706 [INFO] Rule:228 - rule Change Default Value for ADC ExternalTrigConv F0 family is applicable
2025-04-23 14:41:09,707 [INFO] Rule:228 - rule Change Default Value for ADC ExternalTrigConvn L1 family is applicable
2025-04-23 14:41:09,707 [INFO] Rule:228 - rule Change Default Value for ADC ExternalTrigInjecConv L1 family is applicable
2025-04-23 14:41:09,707 [INFO] Rule:228 - rule Change Default Value for ADC ExternalTrigConv F1 family is applicable
2025-04-23 14:41:09,708 [INFO] Rule:228 - rule Change Default Value for ADC ExternalTrigInjecConv F1 family is applicable
2025-04-23 14:41:09,708 [INFO] Rule:228 - rule Change Default Value for ADC ExternalTrigConv F7 family is applicable
2025-04-23 14:41:09,709 [INFO] Rule:228 - rule Change Default Value for ADC ExternalTrigInjecConv F7 family is applicable
2025-04-23 14:41:09,709 [INFO] Rule:228 - rule Change Default Value for ADC ExternalTrigConv F4 and F2 family is applicable
2025-04-23 14:41:09,709 [INFO] Rule:228 - rule Change Default Value for ADC ExternalTrigInjecConv F4 and F2 family is applicable
2025-04-23 14:41:09,709 [INFO] Rule:228 - rule ADC SamplingTime fix with FW L0  is applicable
2025-04-23 14:41:09,710 [INFO] Rule:228 - rule ADC SamplingTime fix with FW L0  is applicable
2025-04-23 14:41:09,710 [INFO] Rule:228 - rule ADC SamplingTime fix with FW L0 is applicable
2025-04-23 14:41:09,711 [INFO] Rule:228 - rule ADC SamplingTime fix with FW L0 is applicable
2025-04-23 14:41:09,711 [INFO] Rule:228 - rule ADC SamplingTime fix with FW L0  is applicable
2025-04-23 14:41:09,711 [INFO] Rule:228 - rule ADC SamplingTime fix with FW L0 is applicable
2025-04-23 14:41:09,712 [INFO] Rule:228 - rule Rename USB_OE Signal is applicable
2025-04-23 14:41:09,712 [INFO] Rule:228 - rule Rename Activate_OE Mode is applicable
2025-04-23 14:41:09,713 [INFO] Rule:228 - rule Rename DIE462/DIE415 pin PC14/OSC32_IN -> PC14-OSC32_IN (PC14) is applicable
2025-04-23 14:41:09,713 [INFO] Rule:228 - rule Rename DIE462/DIE415 pin PC15/OSC32_OUT -> PC15-OSC32_OUT (PC15) is applicable
2025-04-23 14:41:09,713 [INFO] Rule:228 - rule Rename DIE462/DIE415 pin PH0/OSC_IN -> PH0-OSC_IN (PH0) is applicable
2025-04-23 14:41:09,714 [INFO] Rule:228 - rule Rename DIE462/DIE415 pin PH1/OSC_OUT -> PH1-OSC_OUT (PH1) is applicable
2025-04-23 14:41:09,714 [INFO] Rule:228 - rule Rename DIE462 pin PA13 -> PA13 (JTMS/SWDIO) is applicable
2025-04-23 14:41:09,715 [INFO] Rule:228 - rule Rename DIE415 pin PA13 -> PA13 (JTMS/SWDIO) is applicable
2025-04-23 14:41:09,715 [INFO] Rule:228 - rule Rename DIE462 pin PA14 -> PA14 (JTCK/SWCLK) is applicable
2025-04-23 14:41:09,715 [INFO] Rule:228 - rule Rename DIE415 pin PA14 -> PA14 (JTCK/SWCLK) is applicable
2025-04-23 14:41:09,716 [INFO] Rule:228 - rule Rename DIE462/DIE415 pin PA15 -> PA15 (JTDI) is applicable
2025-04-23 14:41:09,716 [INFO] Rule:228 - rule Rename DIE462 pin PB3 -> PB3 (JTD0/TRACESWO) is applicable
2025-04-23 14:41:09,716 [INFO] Rule:228 - rule Rename DIE415 pin PB3 -> PB3 (JTD0-TRACESWO) is applicable
2025-04-23 14:41:09,717 [INFO] Rule:228 - rule Rename DIE462/DIE415 pin PB4 -> PB4 (NJTRST) is applicable
2025-04-23 14:41:09,717 [INFO] Rule:228 - rule Rename DIE462 pin PH3/BOOT0 -> PH3-BOOT0 (BOOT0) is applicable
2025-04-23 14:41:09,718 [INFO] Rule:228 - rule Rename CRYP DataEncryptionTypesList to Algorithm is applicable
2025-04-23 14:41:09,718 [INFO] Rule:228 - rule Rename AES DataEncryptionTypesList to Algorithm is applicable
2025-04-23 14:41:09,718 [INFO] Rule:228 - rule Rename TDESECB to CRYP_TDES_ECB is applicable
2025-04-23 14:41:09,719 [INFO] Rule:228 - rule Rename TDESCBC to CRYP_TDES_CBC is applicable
2025-04-23 14:41:09,719 [INFO] Rule:228 - rule Rename DESECB to CRYP_DES_ECB is applicable
2025-04-23 14:41:09,719 [INFO] Rule:228 - rule Rename DESCBC to CRYP_DES_CBC is applicable
2025-04-23 14:41:09,720 [INFO] Rule:228 - rule Rename AESECB to CRYP_AES_ECB is applicable
2025-04-23 14:41:09,720 [INFO] Rule:228 - rule Rename AESCBC to CRYP_AES_CBC is applicable
2025-04-23 14:41:09,720 [INFO] Rule:228 - rule Rename AESCTR to CRYP_AES_CTR is applicable
2025-04-23 14:41:09,721 [INFO] Rule:228 - rule Rename AESGCM to CRYP_AES_GCM is applicable
2025-04-23 14:41:09,721 [INFO] Rule:228 - rule Rename AESCCM to CRYP_AES_CCM is applicable
2025-04-23 14:41:09,721 [INFO] Rule:228 - rule Rename CAN TimeSeg1 to BS1 is applicable
2025-04-23 14:41:09,722 [INFO] Rule:228 - rule Rename CAN TimeSeg2 to BS2 is applicable
2025-04-23 14:41:09,722 [INFO] Rule:228 - rule Rename CAN SyncJumpWidth to SJW is applicable
2025-04-23 14:41:09,723 [INFO] Rule:228 - rule TimeTriggeredMode to TTCM is applicable
2025-04-23 14:41:09,723 [INFO] Rule:228 - rule Rename CAN AutoBusOff to ABOM is applicable
2025-04-23 14:41:09,723 [INFO] Rule:228 - rule Rename CAN AutoWakeUp to AWUM is applicable
2025-04-23 14:41:09,724 [INFO] Rule:228 - rule Rename CAN AutoRetransmission to NART is applicable
2025-04-23 14:41:09,724 [INFO] Rule:228 - rule Rename CAN ReceiveFifoLocked to RFLM is applicable
2025-04-23 14:41:09,725 [INFO] Rule:228 - rule Rename CAN TransmitFifoPriority to TXFP is applicable
2025-04-23 14:41:09,725 [INFO] Rule:228 - rule Rename HRTIMER HRTIM_OUTPUTFAULTLEVEL_HIGH in HRTIMER HRTIM_OUTPUTFAULTLEVEL_HIGHZ is applicable
2025-04-23 14:41:09,726 [INFO] Rule:228 - rule Rename TIMER TIM_CLEARINPUTSOURCE_OCREFCLR in  TIMER TIM_CLEARINPUTSOURCE_NONE for F7 family is applicable
2025-04-23 14:41:09,726 [INFO] Rule:228 - rule FDCAN_R1 - Rename FDCAN mode Master into Classic is applicable
2025-04-23 14:41:09,726 [INFO] Rule:228 - rule FDCAN_R2 - Rename FDCAN mode Slave into Classic is applicable
2025-04-23 14:41:09,727 [INFO] Rule:228 - rule FDCAN1_R3 - if PA10.Mode=FullDuplex, add Pin PA12 is applicable
2025-04-23 14:41:09,727 [INFO] Rule:228 - rule FDCAN1_R3 - if PA9.Mode=FullDuplex, add Pin PA11 is applicable
2025-04-23 14:41:09,727 [INFO] Rule:228 - rule FDCAN1_R3 - Alternatepin_1 - if PE1.Mode=FullDuplex, add Pin PB9 is applicable
2025-04-23 14:41:09,728 [INFO] Rule:228 - rule FDCAN1_R3 - Alternatepin_1 - if PE0.Mode=FullDuplex, add Pin PB8 is applicable
2025-04-23 14:41:09,728 [INFO] Rule:228 - rule FDCAN1_R3 - Alternatepin_2 - if PD5.Mode=FullDuplex, add Pin PD1 is applicable
2025-04-23 14:41:09,729 [INFO] Rule:228 - rule FDCAN1_R3 - Alternatepin_2 - if PD4.Mode=FullDuplex, add Pin PD0 is applicable
2025-04-23 14:41:09,729 [INFO] Rule:228 - rule FDCAN1_R4 - Rename Mode FullDuplex into Enable FDCAN_TXFD for pin PA10 is applicable
2025-04-23 14:41:09,729 [INFO] Rule:228 - rule FDCAN1_R4 - Rename Mode FullDuplex into Enable FDCAN_TXFD for pin PA9 is applicable
2025-04-23 14:41:09,730 [INFO] Rule:228 - rule FDCAN1_R4 - Alternatepin_1 - Rename Mode FullDuplex into Enable FDCAN_TXFD for pin PE1 is applicable
2025-04-23 14:41:09,730 [INFO] Rule:228 - rule FDCAN1_R4 - Alternatepin_1 - Rename Mode FullDuplex into Enable FDCAN_TXFD for pin PE0 is applicable
2025-04-23 14:41:09,730 [INFO] Rule:228 - rule FDCAN1_R4 - Alternatepin_2 - Rename Mode FullDuplex into Enable FDCAN_TXFD for pin PD5 is applicable
2025-04-23 14:41:09,731 [INFO] Rule:228 - rule FDCAN1_R4 - Alternatepin_2 - Rename Mode FullDuplex into Enable FDCAN_TXFD for pin PD4 is applicable
2025-04-23 14:41:09,731 [INFO] Rule:228 - rule FDCAN2_R3 - if PD10.Mode=FullDuplex, add Pin PB13 is applicable
2025-04-23 14:41:09,731 [INFO] Rule:228 - rule FDCAN2_R3 - if PD9.Mode=FullDuplex, add Pin PB12 is applicable
2025-04-23 14:41:09,732 [INFO] Rule:228 - rule FDCAN2_R3 - Alternatepin_1 - if PB7.Mode=FullDuplex, add Pin PB6 is applicable
2025-04-23 14:41:09,732 [INFO] Rule:228 - rule FDCAN2_R3 - Alternatepin_1 - if PD9.Mode=FullDuplex, add Pin PB12 is applicable
2025-04-23 14:41:09,732 [INFO] Rule:228 - rule FDCAN2_R4 - Rename Mode FullDuplex into Enable FDCAN_TXFD for pin PD10 is applicable
2025-04-23 14:41:09,733 [INFO] Rule:228 - rule FDCAN2_R4 - Rename Mode FullDuplex into Enable FDCAN_TXFD for pin PD9 is applicable
2025-04-23 14:41:09,733 [INFO] Rule:228 - rule FDCAN2_R4 - Alternatepin_1 - Rename Mode FullDuplex into Enable FDCAN_TXFD for pin PB7 is applicable
2025-04-23 14:41:09,734 [INFO] Rule:228 - rule FDCAN2_R4 - Alternatepin_1 - Rename Mode FullDuplex into Enable FDCAN_TXFD for pin PD6 is applicable
2025-04-23 14:41:09,734 [INFO] Rule:228 - rule USART TxPinLevelInvertParam Mode is applicable
2025-04-23 14:41:09,735 [INFO] Rule:228 - rule USART RxPinLevelInvertParam Mode is applicable
2025-04-23 14:41:09,735 [INFO] Rule:228 - rule USART DataInvertParam Mode is applicable
2025-04-23 14:41:09,736 [INFO] Rule:228 - rule USART SwapParam Mode is applicable
2025-04-23 14:41:09,736 [INFO] Rule:228 - rule USART OverrunDisableParam Mode is applicable
2025-04-23 14:41:09,737 [INFO] Rule:228 - rule USART DMADisableonRxErrorParam Mode is applicable
2025-04-23 14:41:09,737 [INFO] Rule:228 - rule USART MSBFirstParam Mode is applicable
2025-04-23 14:41:09,738 [INFO] Rule:228 - rule Update MwName for USB_DEVICE is applicable
2025-04-23 14:41:09,738 [INFO] Rule:228 - rule Change PWR_Regulator_Voltage_Scale Default Value for RCC  H7 family is applicable
2025-04-23 14:41:09,739 [INFO] Rule:228 - rule UART/USART IPParameter rename Prescaler parameter to ClockPrescaler is applicable
2025-04-23 14:41:09,740 [INFO] Rule:228 - rule UART/USART Prescaler rename Prescaler parameter to ClockPrescaler is applicable
2025-04-23 14:41:09,740 [INFO] Rule:228 - rule TIM1CLockSelection is applicable
2025-04-23 14:41:09,741 [INFO] Rule:228 - rule TIM15CLockSelection is applicable
2025-04-23 14:41:09,741 [INFO] Rule:228 - rule align RCC SDMMC3CLockSelection default value on MP1 is applicable
2025-04-23 14:41:09,742 [INFO] Rule:228 - rule align RCC SDMMC12CLockSelection default value on MP1 is applicable
2025-04-23 14:41:09,743 [INFO] Rule:228 - rule align RCC QSPICLockSelection default value on MP1 is applicable
2025-04-23 14:41:09,743 [INFO] Rule:228 - rule align RCC QSPICLockSelection default value on MP1 is applicable
2025-04-23 14:41:09,744 [INFO] Rule:228 - rule align RCC SPI6CLockSelection default value on MP1 is applicable
2025-04-23 14:41:09,744 [INFO] Rule:228 - rule align RCC LPTIM23CLockSelection default value on MP1 is applicable
2025-04-23 14:41:09,745 [INFO] Rule:228 - rule align RCC LPTIM1CLockSelection default value on MP1 is applicable
2025-04-23 14:41:09,745 [INFO] Rule:228 - rule align RCC USART1CLockSelection default value on MP1 is applicable
2025-04-23 14:41:09,746 [INFO] Rule:228 - rule align RCC USART24CLockSelection default value on MP1 is applicable
2025-04-23 14:41:09,746 [INFO] Rule:228 - rule align RCC USART6CLockSelection default value on MP1 is applicable
2025-04-23 14:41:09,747 [INFO] Rule:228 - rule align RCC UART78CLockSelection default value on MP1 is applicable
2025-04-23 14:41:09,747 [INFO] Rule:228 - rule align RCC USART35CLockSelection default value on MP1 is applicable
2025-04-23 14:41:09,748 [INFO] Rule:228 - rule align RCC SPI45CLockSelection default value on MP1 is applicable
2025-04-23 14:41:09,748 [INFO] Rule:228 - rule align RCC I2C46CLockSelection BCLK value on MP1 is applicable
2025-04-23 14:41:09,749 [INFO] Rule:228 - rule align RCC SPI45CLockSelection default value on MP1 is applicable
2025-04-23 14:41:09,749 [INFO] Rule:228 - rule align RCC I2C12CLockSelection default value on MP1 is applicable
2025-04-23 14:41:09,750 [INFO] Rule:228 - rule align RCC I2C35CLockSelection default value on MP1 is applicable
2025-04-23 14:41:09,750 [INFO] Rule:228 - rule align RCC LPTIM45CLockSelection default value on MP1 is applicable
2025-04-23 14:41:09,751 [INFO] Rule:228 - rule Rename DCMI PIXCK signal is applicable
2025-04-23 14:41:09,751 [INFO] Rule:228 - rule Change Default Value for I2C46CLockSelection MP1 family is applicable
2025-04-23 14:41:09,752 [INFO] Rule:228 - rule Change Default Value for UART for G4, G0 and WB families is applicable
2025-04-23 14:41:09,752 [INFO] Rule:228 - rule Change Default Value for USART for G4, G0 and WB families is applicable
2025-04-23 14:41:09,753 [INFO] Rule:228 - rule Change Default Value for USART for G4 family is applicable
2025-04-23 14:41:09,753 [INFO] Rule:228 - rule Change USART1CLockSelection refparam name for MP1 is applicable
2025-04-23 14:41:09,754 [INFO] Rule:228 - rule Change USART2CLockSelection refparam name for MP1 is applicable
2025-04-23 14:41:09,755 [INFO] Rule:228 - rule Change USART3CLockSelection refparam name for MP1 is applicable
2025-04-23 14:41:09,755 [INFO] Rule:228 - rule Change UART4CLockSelection refparam name for MP1 is applicable
2025-04-23 14:41:09,756 [INFO] Rule:228 - rule Change UART5CLockSelection refparam name for MP1 is applicable
2025-04-23 14:41:09,756 [INFO] Rule:228 - rule Change LPUART1CLockSelection refparam name for MP1 is applicable
2025-04-23 14:41:09,757 [INFO] Rule:228 - rule Change LPTIM1CLockSelection refparam name for MP1 is applicable
2025-04-23 14:41:09,758 [INFO] Rule:228 - rule Change LPTIM2CLockSelection refparam name for MP1 is applicable
2025-04-23 14:41:09,759 [INFO] Rule:228 - rule Change RCC_MCO1Source refparam name for MP1 is applicable
2025-04-23 14:41:09,759 [INFO] Rule:228 - rule Change LSCOSource1 refparam name for MP1 is applicable
2025-04-23 14:41:09,760 [INFO] Rule:228 - rule Change SMPSCLockSelection refparam name for MP1 is applicable
2025-04-23 14:41:09,760 [INFO] Rule:228 - rule Change LPTIM3CLockSelection refparam name for MP1 is applicable
2025-04-23 14:41:09,760 [INFO] Rule:228 - rule Change MPCBB* Default Template Mode to Parameters is applicable
2025-04-23 14:41:09,761 [INFO] Rule:228 - rule Change MPCWM* or MPCBB* Secure Mode to Parameters is applicable
2025-04-23 14:41:09,761 [INFO] Rule:228 - rule Change MPCWM* or MPCBB* No Secure Mode to Parameters is applicable
2025-04-23 14:41:09,762 [INFO] Rule:228 - rule Change TZSC IP Secure Mode to Parameters is applicable
2025-04-23 14:41:09,762 [INFO] Rule:228 - rule Change TZSC IP No Secure Mode to Parameters is applicable
2025-04-23 14:41:09,762 [INFO] Rule:228 - rule Change TZSC IP Privilege Mode to Parameters is applicable
2025-04-23 14:41:09,763 [INFO] Rule:228 - rule Change TZSC IP No Privilege Mode to Parameters is applicable
2025-04-23 14:41:09,763 [INFO] Rule:228 - rule Change TZIC IT Secure Mode to Parameters is applicable
2025-04-23 14:41:09,763 [INFO] Rule:228 - rule Change TZIC IT No Secure Mode to Parameters is applicable
2025-04-23 14:41:09,764 [INFO] Rule:228 - rule Add MPCBB1_NonSecureArea_Start_Address value with referenced to MPCBB1_NonSecureArea_Start value is applicable
2025-04-23 14:41:09,764 [INFO] Rule:228 - rule Add MPCBB2_NonSecureArea_Start_Address value with referenced to MPCBB2_NonSecureArea_Start value is applicable
2025-04-23 14:41:09,764 [INFO] Rule:228 - rule Add MPCWM1_NonSecureArea*_Start_Address value with referenced to MPCWM1_NonSecureArea*_Start value is applicable
2025-04-23 14:41:09,765 [INFO] Rule:228 - rule Add MPCWM2_NonSecureArea*_Start_Address value with referenced to MPCWM2_NonSecureArea*_Start value is applicable
2025-04-23 14:41:09,765 [INFO] Rule:228 - rule Add MPCWM3_NonSecureArea_Start_Address value with referenced to MPCWM3_NonSecureArea_Start value is applicable
2025-04-23 14:41:09,766 [INFO] Rule:228 - rule Change Default Value for PLL1UserDefinedConfig is applicable
2025-04-23 14:41:09,766 [INFO] Rule:228 - rule Change GPIO_PuPd Default Value for USART in async mode is applicable
2025-04-23 14:41:09,767 [INFO] Rule:228 - rule Change SMPSDivider Default Value is applicable
2025-04-23 14:41:09,767 [INFO] Rule:228 - rule OPAMP is applicable
2025-04-23 14:41:09,767 [INFO] Rule:228 - rule LPUART IPParameter rename Prescaler parameter to ClockPrescaler for STM32H7 is applicable
2025-04-23 14:41:09,768 [INFO] Rule:228 - rule LPUART IPParameter rename Prescaler parameter to ClockPrescaler for STM32H7 is applicable
2025-04-23 14:41:09,768 [INFO] Rule:228 - rule LPUART IPParameter rename Prescaler parameter to ClockPrescaler for STM32WB is applicable
2025-04-23 14:41:09,768 [INFO] Rule:228 - rule LPUART IPParameter rename Prescaler parameter to ClockPrescaler for STM32WB is applicable
2025-04-23 14:41:09,769 [INFO] Rule:228 - rule LPUART IPParameter rename Prescaler parameter to ClockPrescaler for STM32G4 is applicable
2025-04-23 14:41:09,769 [INFO] Rule:228 - rule LPUART IPParameter rename Prescaler parameter to ClockPrescaler for STM32G4 is applicable
2025-04-23 14:41:09,770 [INFO] Rule:228 - rule LPUART IPParameter rename Prescaler parameter to ClockPrescaler for STM32L5 is applicable
2025-04-23 14:41:09,770 [INFO] Rule:228 - rule LPUART IPParameter rename Prescaler parameter to ClockPrescaler for STM32L5 is applicable
2025-04-23 14:41:09,770 [INFO] Rule:228 - rule LPUART IPParameter rename Prescaler parameter to ClockPrescaler for STM32G4 is applicable
2025-04-23 14:41:09,771 [INFO] Rule:228 - rule LPUART IPParameter rename Prescaler parameter to ClockPrescaler for STM32G4 is applicable
2025-04-23 14:41:09,771 [INFO] Rule:228 - rule USB device lib V2.5.3 for L0 rename USBD_SUPPORT_USER_STRING parameter to USBD_SUPPORT_USER_STRING_DESC4 is applicable
2025-04-23 14:41:09,771 [INFO] Rule:228 - rule I2SCLockSelection clock entry align is applicable
2025-04-23 14:41:09,772 [INFO] Rule:228 - rule Assign TIMx context if used as SYS timebase is applicable
2025-04-23 14:41:09,772 [INFO] Rule:228 - rule Change GPIO_Pu Default Value for I2C is applicable
2025-04-23 14:41:09,772 [INFO] Rule:228 - rule Change GPIO_Pu Default Value for SMBus is applicable
2025-04-23 14:41:09,773 [INFO] Rule:228 - rule change FDCAN default value is applicable
2025-04-23 14:41:09,773 [INFO] Rule:228 - rule Change mode sai is applicable
2025-04-23 14:41:09,773 [INFO] Rule:228 - rule **Change sai mode is applicable
2025-04-23 14:41:09,774 [INFO] Rule:228 - rule Rename STM32WPAN CFG_BLE_IRK to CFG_BLE_IR is applicable
2025-04-23 14:41:09,774 [INFO] Rule:228 - rule Rename STM32WPAN CFG_BLE_ERK to CFG_BLE_ER is applicable
2025-04-23 14:41:09,774 [INFO] Rule:228 - rule Rename STM32WPAN CFG_BLE_IRK_HEX to CFG_BLE_IR_HEX is applicable
2025-04-23 14:41:09,775 [INFO] Rule:228 - rule Rename STM32WPAN CFG_BLE_ERK_HEX to CFG_BLE_ER_HEX is applicable
2025-04-23 14:41:09,784 [INFO] DbConfProperties:307 - Apply Compatibility (49/262 Rules)
2025-04-23 14:41:09,795 [INFO] ImportTextPane:194 - (OptionalMessage_ERROR) Unable to find key (Mcu.ThirdPartyNb) in loaded IOC file
2025-04-23 14:41:09,976 [INFO] RtosManager:555 - Registered RTOS mode: class=CMSIS, group=RTOS, mode=CMSIS_V1, owner=FREERTOS
2025-04-23 14:41:09,977 [INFO] RtosManager:555 - Registered RTOS mode: class=CMSIS, group=RTOS2, mode=CMSIS_V2, owner=FREERTOS
2025-04-23 14:41:09,977 [INFO] RtosManager:555 - Registered RTOS mode: class=RTOS, group=Core, mode=CMSIS_V1, owner=FREERTOS
2025-04-23 14:41:09,978 [INFO] RtosManager:555 - Registered RTOS mode: class=RTOS, group=Core, mode=CMSIS_V2, owner=FREERTOS
2025-04-23 14:41:09,979 [WARN] ModelIntegratedComponent:184 - Missing modes for component STMicroelectronics:FreeRTOS:0.0.1:STMicroelectronics:RTOS:FreeRTOS:Core:::10.2.0:
2025-04-23 14:41:10,000 [WARN] ModelIntegratedComponent:63 - No mode defined for component null
2025-04-23 14:41:10,000 [WARN] ModelIntegratedComponent:63 - No mode defined for component null
2025-04-23 14:41:10,001 [WARN] ModelIntegratedComponent:63 - No mode defined for component null
2025-04-23 14:41:10,002 [WARN] ModelIntegratedComponent:63 - No mode defined for component null
2025-04-23 14:41:10,003 [WARN] ModelIntegratedComponent:63 - No mode defined for component null
2025-04-23 14:41:10,003 [WARN] ModelIntegratedComponent:63 - No mode defined for component null
2025-04-23 14:41:10,005 [WARN] ModelIntegratedComponent:63 - No mode defined for component null
2025-04-23 14:41:10,005 [WARN] ModelIntegratedComponent:63 - No mode defined for component null
2025-04-23 14:41:10,005 [WARN] ModelIntegratedComponent:63 - No mode defined for component null
2025-04-23 14:41:10,006 [WARN] ModelIntegratedComponent:63 - No mode defined for component null
2025-04-23 14:41:10,007 [WARN] ModelIntegratedComponent:63 - No mode defined for component null
2025-04-23 14:41:10,007 [WARN] ModelIntegratedComponent:63 - No mode defined for component null
2025-04-23 14:41:10,008 [WARN] ModelIntegratedComponent:63 - No mode defined for component null
2025-04-23 14:41:10,008 [WARN] ModelIntegratedComponent:63 - No mode defined for component null
2025-04-23 14:41:10,009 [WARN] ModelIntegratedComponent:63 - No mode defined for component null
2025-04-23 14:41:10,009 [WARN] ModelIntegratedComponent:63 - No mode defined for component null
2025-04-23 14:41:10,010 [WARN] ModelIntegratedComponent:63 - No mode defined for component null
2025-04-23 14:41:10,010 [WARN] ModelIntegratedComponent:63 - No mode defined for component null
2025-04-23 14:41:10,011 [WARN] ModelIntegratedComponent:63 - No mode defined for component null
2025-04-23 14:41:10,011 [WARN] ModelIntegratedComponent:63 - No mode defined for component null
2025-04-23 14:41:10,012 [WARN] ModelIntegratedComponent:63 - No mode defined for component null
2025-04-23 14:41:10,012 [WARN] ModelIntegratedComponent:63 - No mode defined for component null
2025-04-23 14:41:10,013 [WARN] ModelIntegratedComponent:63 - No mode defined for component null
2025-04-23 14:41:10,013 [WARN] ModelIntegratedComponent:63 - No mode defined for component null
2025-04-23 14:41:10,014 [WARN] ModelIntegratedComponent:63 - No mode defined for component null
2025-04-23 14:41:10,014 [WARN] ModelIntegratedComponent:63 - No mode defined for component null
2025-04-23 14:41:10,015 [WARN] ModelIntegratedComponent:63 - No mode defined for component null
2025-04-23 14:41:10,015 [WARN] ModelIntegratedComponent:63 - No mode defined for component null
2025-04-23 14:41:10,016 [WARN] ModelIntegratedComponent:63 - No mode defined for component null
2025-04-23 14:41:10,016 [WARN] ModelIntegratedComponent:63 - No mode defined for component null
2025-04-23 14:41:10,017 [WARN] ModelIntegratedComponent:63 - No mode defined for component null
2025-04-23 14:41:10,017 [WARN] ModelIntegratedComponent:63 - No mode defined for component null
2025-04-23 14:41:10,018 [WARN] ModelIntegratedComponent:63 - No mode defined for component null
2025-04-23 14:41:10,018 [WARN] ModelIntegratedComponent:63 - No mode defined for component null
2025-04-23 14:41:10,117 [INFO] ThirdPartyModel:298 - Start build external matchings
2025-04-23 14:41:10,515 [INFO] ThirdPartyModel:316 - End build external matchings
2025-04-23 14:41:10,534 [INFO] ImportTextPane:194 - (OptionalMessage_ERROR) IP (RCC) : Invalid parameter (FamilyName)
2025-04-23 14:41:10,535 [INFO] ImportTextPane:194 - (OptionalMessage_ERROR) IP (RCC) : Parameter (RNGFreq_Value) has invalid value (64000000)
2025-04-23 14:41:10,536 [INFO] ImportTextPane:194 - (OptionalMessage_ERROR) IP (RCC) : Parameter (SDMMCFreq_Value) has invalid value (64000000)
2025-04-23 14:41:10,537 [INFO] ImportTextPane:194 - (OptionalMessage_ERROR) IP (RCC) : Parameter (USBFreq_Value) has invalid value (64000000)
2025-04-23 14:41:10,872 [INFO] UtilMem:75 - End LoadConfig() Used Memory: 912314344 Bytes (1073741824)
2025-04-23 14:41:10,943 [WARN] ThirdParty:833 - waiting for thirdparty lock release [change project]
2025-04-23 14:41:10,944 [INFO] ThirdParty:835 - entering critical section [change project]
2025-04-23 14:41:10,944 [INFO] ThirdParty:1030 - CMSIS Pack Vendor :STMicroelectronics USBPD 4.1
2025-04-23 14:41:10,945 [INFO] ThirdParty:1030 - CMSIS Pack Vendor :STMicroelectronics X-CUBE-AZRTOS-H7 3.3.0
2025-04-23 14:41:10,945 [INFO] ThirdParty:1030 - CMSIS Pack Vendor :STMicroelectronics X-CUBE-NFC9 1.0.0
2025-04-23 14:41:10,946 [INFO] ThirdParty:1030 - CMSIS Pack Vendor :STMicroelectronics USB_HOST 2.0.0
2025-04-23 14:41:10,946 [INFO] ThirdParty:1030 - CMSIS Pack Vendor :STMicroelectronics FP-SNS-MOTENVWB1 1.4.0
2025-04-23 14:41:10,946 [INFO] ThirdParty:1030 - CMSIS Pack Vendor :STMicroelectronics X-CUBE-AZRTOS-F4 1.1.0
2025-04-23 14:41:10,947 [INFO] ThirdParty:1030 - CMSIS Pack Vendor :STMicroelectronics LIBJPEG 8.0.0
2025-04-23 14:41:10,947 [INFO] ThirdParty:1030 - CMSIS Pack Vendor :STMicroelectronics FP-ATR-ASTRA1 2.0.2
2025-04-23 14:41:10,947 [INFO] ThirdParty:1030 - CMSIS Pack Vendor :STMicroelectronics FP-ATR-ASTRA1 2.0.1
2025-04-23 14:41:10,948 [INFO] ThirdParty:1030 - CMSIS Pack Vendor :STMicroelectronics X-CUBE-BLE1 7.1.0
2025-04-23 14:41:10,948 [INFO] ThirdParty:1030 - CMSIS Pack Vendor :STMicroelectronics X-CUBE-SMBUS 2.1.0
2025-04-23 14:41:10,948 [INFO] ThirdParty:1030 - CMSIS Pack Vendor :STMicroelectronics X-CUBE-WB05N 1.1.0
2025-04-23 14:41:10,949 [INFO] ThirdParty:1030 - CMSIS Pack Vendor :STMicroelectronics USB_DEVICE 3.0.0
2025-04-23 14:41:10,949 [INFO] ThirdParty:1030 - CMSIS Pack Vendor :STMicroelectronics X-CUBE-ISPU 2.1.0
2025-04-23 14:41:10,949 [INFO] ThirdParty:1030 - CMSIS Pack Vendor :STMicroelectronics X-CUBE-AZRTOS-WB 2.0.0
2025-04-23 14:41:10,949 [INFO] ThirdParty:1030 - CMSIS Pack Vendor :STMicroelectronics X-CUBE-GNSS1 7.0.1
2025-04-23 14:41:10,950 [INFO] ThirdParty:1030 - CMSIS Pack Vendor :STMicroelectronics X-CUBE-AZRTOS-F7 1.1.0
2025-04-23 14:41:10,950 [INFO] ThirdParty:1030 - CMSIS Pack Vendor :STMicroelectronics X-CUBE-AZRTOS-L5 2.0.0
2025-04-23 14:41:10,950 [INFO] ThirdParty:1030 - CMSIS Pack Vendor :STMicroelectronics X-CUBE-TOUCHGFX 4.25.0
2025-04-23 14:41:10,951 [INFO] ThirdParty:1030 - CMSIS Pack Vendor :STMicroelectronics USB_DEVICE 2.0.0
2025-04-23 14:41:10,951 [INFO] ThirdParty:1030 - CMSIS Pack Vendor :STMicroelectronics X-CUBE-NFC6 3.1.0
2025-04-23 14:41:10,951 [INFO] ThirdParty:1030 - CMSIS Pack Vendor :STMicroelectronics FP-SNS-STBOX1 2.0.0
2025-04-23 14:41:10,952 [INFO] ThirdParty:1030 - CMSIS Pack Vendor :STMicroelectronics X-CUBE-MEMS1 11.2.0
2025-04-23 14:41:10,952 [INFO] ThirdParty:1030 - CMSIS Pack Vendor :STMicroelectronics FreeRTOS 0.0.1
2025-04-23 14:41:10,953 [INFO] ThirdParty:1030 - CMSIS Pack Vendor :STMicroelectronics X-CUBE-AZRTOS-G0 1.1.0
2025-04-23 14:41:10,953 [INFO] ThirdParty:1030 - CMSIS Pack Vendor :STMicroelectronics X-CUBE-SAFEA1 1.2.2
2025-04-23 14:41:10,953 [INFO] ThirdParty:1030 - CMSIS Pack Vendor :STMicroelectronics X-CUBE-NFC4 3.0.0
2025-04-23 14:41:10,954 [INFO] ThirdParty:1030 - CMSIS Pack Vendor :STMicroelectronics X-CUBE-DPower 1.2.0
2025-04-23 14:41:10,954 [INFO] ThirdParty:1030 - CMSIS Pack Vendor :STMicroelectronics X-CUBE-SUBG2 5.0.0
2025-04-23 14:41:10,954 [INFO] ThirdParty:1030 - CMSIS Pack Vendor :STMicroelectronics X-CUBE-AZRTOS-H7RS 1.1.0
2025-04-23 14:41:10,955 [INFO] ThirdParty:1030 - CMSIS Pack Vendor :STMicroelectronics STM32_WPAN 1.0.0
2025-04-23 14:41:10,955 [INFO] ThirdParty:1030 - CMSIS Pack Vendor :EmbeddedOffice I-CUBE-FS-RTOS 1.0.1
2025-04-23 14:41:10,955 [INFO] ThirdParty:1030 - CMSIS Pack Vendor :STMicroelectronics lwIP 2.0.3
2025-04-23 14:41:10,956 [INFO] ThirdParty:1030 - CMSIS Pack Vendor :STMicroelectronics FP-SNS-FLIGHT1 5.0.2
2025-04-23 14:41:10,956 [INFO] ThirdParty:1030 - CMSIS Pack Vendor :Cesanta I-CUBE-Mongoose 7.13.0
2025-04-23 14:41:10,957 [INFO] ThirdParty:1030 - CMSIS Pack Vendor :STMicroelectronics USB_HOST 1.0.0
2025-04-23 14:41:10,957 [INFO] ThirdParty:1030 - CMSIS Pack Vendor :Infineon AIROC-Wi-Fi-Bluetooth-STM32 1.7.0
2025-04-23 14:41:10,957 [INFO] ThirdParty:1030 - CMSIS Pack Vendor :STMicroelectronics X-CUBE-AZRTOS-G4 2.0.0
2025-04-23 14:41:10,958 [INFO] ThirdParty:1030 - CMSIS Pack Vendor :STMicroelectronics X-CUBE-WB05N 2.0.0
2025-04-23 14:41:10,958 [INFO] ThirdParty:1030 - CMSIS Pack Vendor :STMicroelectronics PDM2PCM 3.1.0
2025-04-23 14:41:10,958 [INFO] ThirdParty:1030 - CMSIS Pack Vendor :STMicroelectronics PDM2PCM 3.3.0
2025-04-23 14:41:10,958 [INFO] ThirdParty:1030 - CMSIS Pack Vendor :STMicroelectronics X-CUBE-DISPLAY 3.0.0
2025-04-23 14:41:10,959 [INFO] ThirdParty:1030 - CMSIS Pack Vendor :RealThread X-CUBE-RT-Thread_Nano 4.1.1
2025-04-23 14:41:10,959 [INFO] ThirdParty:1030 - CMSIS Pack Vendor :STMicroelectronics X-CUBE-BLE1 7.0.0
2025-04-23 14:41:10,959 [INFO] ThirdParty:1030 - CMSIS Pack Vendor :STMicroelectronics FP-ATR-SIGFOX1 3.2.0
2025-04-23 14:41:10,959 [INFO] ThirdParty:1030 - CMSIS Pack Vendor :STMicroelectronics X-CUBE-NFC10 1.0.0
2025-04-23 14:41:10,960 [INFO] ThirdParty:1030 - CMSIS Pack Vendor :quantropi X-CUBE-qispace-sdk-base 1.9.3
2025-04-23 14:41:10,960 [INFO] ThirdParty:1030 - CMSIS Pack Vendor :STMicroelectronics X-CUBE-BLEMGR 4.0.0
2025-04-23 14:41:10,960 [INFO] ThirdParty:1030 - CMSIS Pack Vendor :STMicroelectronics X-CUBE-EEPRMA1 5.1.0
2025-04-23 14:41:10,961 [INFO] ThirdParty:1030 - CMSIS Pack Vendor :STMicroelectronics HAL Drivers 0.0.0
2025-04-23 14:41:10,961 [INFO] ThirdParty:1030 - CMSIS Pack Vendor :STMicroelectronics MBEDTLS 2.16.2
2025-04-23 14:41:10,961 [INFO] ThirdParty:1030 - CMSIS Pack Vendor :STMicroelectronics X-CUBE-ALS 1.0.2
2025-04-23 14:41:10,961 [INFO] ThirdParty:1030 - CMSIS Pack Vendor :emotas I-CUBE-CANOPEN 1.3.0
2025-04-23 14:41:10,962 [INFO] ThirdParty:1030 - CMSIS Pack Vendor :STMicroelectronics X-CUBE-FREERTOS 1.3.0
2025-04-23 14:41:10,962 [INFO] ThirdParty:1030 - CMSIS Pack Vendor :STMicroelectronics X-CUBE-NFC7 1.0.1
2025-04-23 14:41:10,962 [INFO] ThirdParty:1030 - CMSIS Pack Vendor :STMicroelectronics MBEDTLS 2.14.1
2025-04-23 14:41:10,963 [INFO] ThirdParty:1030 - CMSIS Pack Vendor :wolfSSL I-CUBE-wolfSSL 5.7.6
2025-04-23 14:41:10,963 [INFO] ThirdParty:1030 - CMSIS Pack Vendor :ITTIA_DB I-CUBE-ITTIADB 8.9.0
2025-04-23 14:41:10,963 [INFO] ThirdParty:1030 - CMSIS Pack Vendor :STMicroelectronics X-CUBE-TOUCHGFX 4.24.2
2025-04-23 14:41:10,963 [INFO] ThirdParty:1030 - CMSIS Pack Vendor :wolfSSL I-CUBE-wolfTPM 3.4.0
2025-04-23 14:41:10,964 [INFO] ThirdParty:1030 - CMSIS Pack Vendor :portGmbH I-Cube-SoM-uGOAL 1.1.0
2025-04-23 14:41:10,964 [INFO] ThirdParty:1030 - CMSIS Pack Vendor :STMicroelectronics X-CUBE-AI 10.0.0
2025-04-23 14:41:10,964 [INFO] ThirdParty:1030 - CMSIS Pack Vendor :STMicroelectronics ThreadX 1.0.0
2025-04-23 14:41:10,965 [INFO] ThirdParty:1030 - CMSIS Pack Vendor :STMicroelectronics FP-SNS-SMARTAG2 1.2.0
2025-04-23 14:41:10,965 [INFO] ThirdParty:1030 - CMSIS Pack Vendor :STMicroelectronics X-CUBE-MEMS1 11.1.0
2025-04-23 14:41:10,966 [INFO] ThirdParty:1030 - CMSIS Pack Vendor :STMicroelectronics X-CUBE-AZRTOS-WL 2.0.0
2025-04-23 14:41:10,966 [INFO] ThirdParty:1030 - CMSIS Pack Vendor :SEGGER I-CUBE-embOS 1.3.1
2025-04-23 14:41:10,966 [INFO] ThirdParty:1030 - CMSIS Pack Vendor :STMicroelectronics X-CUBE-ALGOBUILD 1.4.0
2025-04-23 14:41:10,967 [INFO] ThirdParty:1030 - CMSIS Pack Vendor :STMicroelectronics X-CUBE-DPower 1.3.0
2025-04-23 14:41:10,967 [INFO] ThirdParty:1030 - CMSIS Pack Vendor :STMicroelectronics FP-SNS-MOTENV1 5.0.0
2025-04-23 14:41:10,967 [INFO] ThirdParty:1030 - CMSIS Pack Vendor :STMicroelectronics USB_DEVICE 1.0.0
2025-04-23 14:41:10,968 [INFO] ThirdParty:1030 - CMSIS Pack Vendor :STMicroelectronics X-CUBE-AZRTOS-H7RS 1.0.0
2025-04-23 14:41:10,968 [INFO] ThirdParty:1030 - CMSIS Pack Vendor :wolfSSL I-CUBE-wolfMQTT 1.19.0
2025-04-23 14:41:10,968 [INFO] ThirdParty:1030 - CMSIS Pack Vendor :STMicroelectronics X-CUBE-AZRTOS-L4 2.0.0
2025-04-23 14:41:10,969 [INFO] ThirdParty:1030 - CMSIS Pack Vendor :STMicroelectronics ThreadX 0.0.2
2025-04-23 14:41:10,969 [INFO] ThirdParty:1030 - CMSIS Pack Vendor :WES I-CUBE-Cesium 1.3.0
2025-04-23 14:41:10,969 [INFO] ThirdParty:1030 - CMSIS Pack Vendor :STMicroelectronics lwIP 2.1.2
2025-04-23 14:41:10,969 [INFO] ThirdParty:1030 - CMSIS Pack Vendor :STMicroelectronics X-CUBE-SFXS2LP1 4.0.0
2025-04-23 14:41:10,970 [INFO] ThirdParty:1030 - CMSIS Pack Vendor :STMicroelectronics X-CUBE-BLE2 3.3.0
2025-04-23 14:41:10,970 [INFO] ThirdParty:1030 - CMSIS Pack Vendor :STMicroelectronics X-CUBE-TOF1 3.4.2
2025-04-23 14:41:10,970 [INFO] ThirdParty:1030 - CMSIS Pack Vendor :STMicroelectronics PDM2PCM 3.2.0
2025-04-23 14:41:10,971 [INFO] ThirdParty:1030 - CMSIS Pack Vendor :wolfSSL I-CUBE-wolfSSH 1.4.17
2025-04-23 14:41:10,971 [INFO] ThirdParty:841 - exiting critical section [change project]
2025-04-23 14:41:11,260 [INFO] PinOutPanel:1561 - setPackage(No Configuration,No Configuration)
2025-04-23 14:41:11,262 [INFO] PinOutPanel:1561 - setPackage(STM32L476RGTx,LQFP64)
2025-04-23 14:41:11,835 [INFO] UtilMem:75 - Before build in PCC Used Memory: 952767832 Bytes (1073741824)
2025-04-23 14:41:12,703 [INFO] UtilMem:75 - After build in PCC Used Memory: 959255304 Bytes (1073741824)
2025-04-23 14:41:12,727 [INFO] IPUIPlugin:80 - create IPUIPlugin
2025-04-23 14:41:12,728 [INFO] IPUIPlugin:80 - create IPUIPlugin
2025-04-23 14:41:12,728 [INFO] IPUIPlugin:80 - create IPUIPlugin
2025-04-23 14:41:12,729 [INFO] IPUIPlugin:80 - create IPUIPlugin
2025-04-23 14:41:12,729 [INFO] IPUIPlugin:80 - create IPUIPlugin
2025-04-23 14:41:12,730 [INFO] IPUIPlugin:80 - create IPUIPlugin
2025-04-23 14:41:12,730 [INFO] IPUIPlugin:80 - create IPUIPlugin
2025-04-23 14:41:12,731 [INFO] IPUIPlugin:80 - create IPUIPlugin
2025-04-23 14:41:12,731 [INFO] IPUIPlugin:80 - create IPUIPlugin
2025-04-23 14:41:12,732 [INFO] IPUIPlugin:80 - create IPUIPlugin
2025-04-23 14:41:12,733 [INFO] IPUIPlugin:80 - create IPUIPlugin
2025-04-23 14:41:12,733 [INFO] IPUIPlugin:80 - create IPUIPlugin
2025-04-23 14:41:12,734 [INFO] IPUIPlugin:80 - create IPUIPlugin
2025-04-23 14:41:12,734 [INFO] IPUIPlugin:80 - create IPUIPlugin
2025-04-23 14:41:12,735 [INFO] IPUIPlugin:80 - create IPUIPlugin
2025-04-23 14:41:12,735 [INFO] IPUIPlugin:80 - create IPUIPlugin
2025-04-23 14:41:12,736 [INFO] IPUIPlugin:80 - create IPUIPlugin
2025-04-23 14:41:12,737 [INFO] IPUIPlugin:80 - create IPUIPlugin
2025-04-23 14:41:12,737 [INFO] IPUIPlugin:80 - create IPUIPlugin
2025-04-23 14:41:12,738 [INFO] IPUIPlugin:80 - create IPUIPlugin
2025-04-23 14:41:12,738 [INFO] IPUIPlugin:80 - create IPUIPlugin
2025-04-23 14:41:12,739 [INFO] IPUIPlugin:80 - create IPUIPlugin
2025-04-23 14:41:12,739 [INFO] IPUIPlugin:80 - create IPUIPlugin
2025-04-23 14:41:12,739 [INFO] IPUIPlugin:80 - create IPUIPlugin
2025-04-23 14:41:12,740 [INFO] IPUIPlugin:80 - create IPUIPlugin
2025-04-23 14:41:12,740 [INFO] IPUIPlugin:80 - create IPUIPlugin
2025-04-23 14:41:12,741 [INFO] IPUIPlugin:80 - create IPUIPlugin
2025-04-23 14:41:12,742 [INFO] IPUIPlugin:80 - create IPUIPlugin
2025-04-23 14:41:12,743 [INFO] IPUIPlugin:80 - create IPUIPlugin
2025-04-23 14:41:12,743 [INFO] IPUIPlugin:80 - create IPUIPlugin
2025-04-23 14:41:12,743 [INFO] IPUIPlugin:80 - create IPUIPlugin
2025-04-23 14:41:12,744 [INFO] IPUIPlugin:80 - create IPUIPlugin
2025-04-23 14:41:12,744 [INFO] IPUIPlugin:80 - create IPUIPlugin
2025-04-23 14:41:12,744 [INFO] IPUIPlugin:80 - create IPUIPlugin
2025-04-23 14:41:12,745 [INFO] IPUIPlugin:80 - create IPUIPlugin
2025-04-23 14:41:12,745 [INFO] IPUIPlugin:80 - create IPUIPlugin
2025-04-23 14:41:12,746 [INFO] IPUIPlugin:80 - create IPUIPlugin
2025-04-23 14:41:12,746 [INFO] IPUIPlugin:80 - create IPUIPlugin
2025-04-23 14:41:12,747 [INFO] IPUIPlugin:80 - create IPUIPlugin
2025-04-23 14:41:12,747 [INFO] IPUIPlugin:80 - create IPUIPlugin
2025-04-23 14:41:12,748 [INFO] IPUIPlugin:80 - create IPUIPlugin
2025-04-23 14:41:12,748 [INFO] IPUIPlugin:80 - create IPUIPlugin
2025-04-23 14:41:12,749 [INFO] IPUIPlugin:80 - create IPUIPlugin
2025-04-23 14:41:12,749 [INFO] IPUIPlugin:80 - create IPUIPlugin
2025-04-23 14:41:12,749 [INFO] IPUIPlugin:80 - create IPUIPlugin
2025-04-23 14:41:12,750 [INFO] IPUIPlugin:80 - create IPUIPlugin
2025-04-23 14:41:12,750 [INFO] IPUIPlugin:80 - create IPUIPlugin
2025-04-23 14:41:12,751 [INFO] IPUIPlugin:80 - create IPUIPlugin
2025-04-23 14:41:12,751 [INFO] IPUIPlugin:80 - create IPUIPlugin
2025-04-23 14:41:12,752 [INFO] IPUIPlugin:80 - create IPUIPlugin
2025-04-23 14:41:12,752 [INFO] IPUIPlugin:80 - create IPUIPlugin
2025-04-23 14:41:12,753 [INFO] IPUIPlugin:80 - create IPUIPlugin
2025-04-23 14:41:12,753 [INFO] IPUIPlugin:80 - create IPUIPlugin
2025-04-23 14:41:12,754 [INFO] IPUIPlugin:80 - create IPUIPlugin
2025-04-23 14:41:12,754 [INFO] IPUIPlugin:80 - create IPUIPlugin
2025-04-23 14:41:12,755 [INFO] IPUIPlugin:80 - create IPUIPlugin
2025-04-23 14:41:12,755 [INFO] IPUIPlugin:80 - create IPUIPlugin
2025-04-23 14:41:12,757 [INFO] IPUIPlugin:80 - create IPUIPlugin
2025-04-23 14:41:12,757 [INFO] IPUIPlugin:80 - create IPUIPlugin
2025-04-23 14:41:13,002 [INFO] CADModel:165 - CPN selected for project levelSTM32L476RGT3
2025-04-23 14:41:13,003 [INFO] CADModel:114 - Register for checkConnection events
2025-04-23 14:41:13,040 [INFO] OpenFileManager:343 - Restore cursor
2025-04-23 14:41:13,725 [INFO] UtilMem:75 - End SaveConfig() Used Memory: 933786056 Bytes (1073741824)
2025-04-23 14:41:16,537 [INFO] UtilMem:75 - End SaveConfig() Used Memory: 957342240 Bytes (1073741824)
2025-04-23 14:41:22,208 [INFO] BlockDiagram:2759 - set Specific Code input for plugin: SYS
2025-04-23 14:41:22,208 [INFO] BlockDiagram:2759 - set Specific Code input for plugin: RCC
2025-04-23 14:41:22,209 [INFO] BlockDiagram:2759 - set Specific Code input for plugin: NVIC
2025-04-23 14:41:22,210 [INFO] BlockDiagram:2759 - set Specific Code input for plugin: USART
2025-04-23 14:41:22,210 [INFO] BlockDiagram:2759 - set Specific Code input for plugin: GPIO
2025-04-23 14:41:22,221 [INFO] CodeGenerator:807 - code generatio: config db path: C:\ST\STM32CubeIDE_1.15.1\STM32CubeIDE\plugins\com.st.stm32cube.common.mx_6.11.1.202404110753\\db\
2025-04-23 14:41:22,474 [INFO] CodeEngine:255 - oldGeneratedFile, S:\RTOS_Lab\lab7\lab7\MXTmpFiles\license.tmp_save
2025-04-23 14:41:22,882 [INFO] CodeEngine:279 - Generated code: S:\RTOS_Lab\lab7\lab7\MXTmpFiles\license.tmp
2025-04-23 14:41:23,079 [INFO] CodeEngine:255 - oldGeneratedFile, S:\RTOS_Lab\lab7\lab7\MXTmpFiles\gpio.tmp_save
2025-04-23 14:41:23,267 [INFO] CodeEngine:279 - Generated code: S:\RTOS_Lab\lab7\lab7\MXTmpFiles\gpio.tmp
2025-04-23 14:41:23,533 [INFO] CodeEngine:255 - oldGeneratedFile, S:\RTOS_Lab\lab7\lab7\Core\Src\stm32l4xx_it.c_save
2025-04-23 14:41:23,746 [INFO] CodeEngine:279 - Generated code: S:\RTOS_Lab\lab7\lab7\Core\Src\stm32l4xx_it.c
2025-04-23 14:41:23,788 [INFO] CodeEngine:255 - oldGeneratedFile, S:\RTOS_Lab\lab7\lab7\Core\Inc\stm32l4xx_it.h_save
2025-04-23 14:41:23,919 [INFO] CodeEngine:279 - Generated code: S:\RTOS_Lab\lab7\lab7\Core\Inc\stm32l4xx_it.h
2025-04-23 14:41:24,073 [INFO] CodeEngine:255 - oldGeneratedFile, S:\RTOS_Lab\lab7\lab7\Core\Src\stm32l4xx_hal_msp.c_save
2025-04-23 14:41:24,243 [INFO] CodeEngine:279 - Generated code: S:\RTOS_Lab\lab7\lab7\Core\Src\stm32l4xx_hal_msp.c
2025-04-23 14:41:24,280 [INFO] CodeEngine:255 - oldGeneratedFile, S:\RTOS_Lab\lab7\lab7\MXTmpFiles\system.tmp_save
2025-04-23 14:41:24,364 [INFO] CodeEngine:279 - Generated code: S:\RTOS_Lab\lab7\lab7\MXTmpFiles\system.tmp
2025-04-23 14:41:24,499 [INFO] CodeEngine:311 - oldGeneratedFile, S:\RTOS_Lab\lab7\lab7\Core\Inc\stm32l4xx_hal_conf.h_save
2025-04-23 14:41:24,657 [INFO] CodeEngine:335 - Generated code: S:\RTOS_Lab\lab7\lab7\Core\Inc\stm32l4xx_hal_conf.h
2025-04-23 14:41:24,847 [INFO] CodeEngine:255 - oldGeneratedFile, S:\RTOS_Lab\lab7\lab7\Core\Inc\main.h_save
2025-04-23 14:41:25,015 [INFO] CodeEngine:279 - Generated code: S:\RTOS_Lab\lab7\lab7\Core\Inc\main.h
2025-04-23 14:41:25,070 [INFO] CodeEngine:255 - oldGeneratedFile, S:\RTOS_Lab\lab7\lab7\Core\Src\main.c_save
2025-04-23 14:41:25,244 [INFO] CodeEngine:279 - Generated code: S:\RTOS_Lab\lab7\lab7\Core\Src\main.c
2025-04-23 14:41:28,624 [INFO] ProjectBuilder:3163 - Time for Copy HAL[1] : 3233mS.
2025-04-23 14:41:28,662 [INFO] ProjectBuilder:4736 - Project Generator version: 4.3.0-B58
2025-04-23 14:41:28,697 [INFO] ConfigFileManager:1503 - The Die is : DIE415
2025-04-23 14:41:28,710 [INFO] ApiDbMcu:508 - Load IP Config File for FATFS
2025-04-23 14:41:28,714 [INFO] ApiDbMcu:508 - Load IP Config File for FREERTOS
2025-04-23 14:41:28,720 [INFO] ApiDbMcu:508 - Load IP Config File for TOUCHSENSING
2025-04-23 14:41:28,724 [INFO] ApiDbMcu:508 - Load IP Config File for USB_DEVICE
2025-04-23 14:41:28,726 [INFO] ApiDbMcu:508 - Load IP Config File for USB_HOST
2025-04-23 14:41:29,040 [INFO] LogOutputStream:77 - [STDOUT_REDIRECT] 
2025-04-23 14:41:33,213 [INFO] ProjectBuilder:5002 - Time for Generating toolchain IDE Files: 4550mS.
2025-04-23 14:41:33,221 [INFO] ProjectBuilder:3034 - Time for Copy CMSIS : 7mS.
2025-04-23 14:41:33,229 [INFO] ProjectBuilder:3034 - Time for Copy CMSIS : 1mS.
2025-04-23 14:41:34,146 [INFO] McuFinderGlobals:76 - Set McuFinderConnectedMode to true
2025-04-23 14:41:34,149 [INFO] ApiDb:448 - Save user favorites file C:\Users\eec9960/.stm32cubeide/favorites.mcus.txt: 0 item(s)
2025-04-23 14:41:34,150 [INFO] ApiDb:452 - User favorites MCUs=[]
2025-04-23 14:41:34,152 [INFO] ApiDb:448 - Save user favorites file C:\Users\eec9960/.stm32cubeide/favorites.boards.txt: 1 item(s)
2025-04-23 14:41:34,153 [INFO] ApiDb:452 - User favorites Boards=[NUCLEO-L476RG]
2025-04-23 14:52:26,368 [INFO] NvicIntPanel:101 - NVIC parent = com.st.microxplorer.plugins.ip.nvic.MultiNvicIntPanel[,0,0,0x0,invalid,layout=javax.swing.BoxLayout,alignmentX=0.0,alignmentY=0.0,border=,flags=9,maximumSize=,minimumSize=,preferredSize=]
2025-04-23 14:53:29,407 [INFO] UtilMem:75 - End SaveConfig() Used Memory: 930927200 Bytes (1073741824)
2025-04-23 14:53:32,523 [INFO] UtilMem:75 - End SaveConfig() Used Memory: 684566880 Bytes (1073741824)
2025-04-23 14:53:38,984 [INFO] UtilMem:75 - End SaveConfig() Used Memory: 802911416 Bytes (1073741824)
2025-04-23 14:53:46,176 [INFO] BlockDiagram:2759 - set Specific Code input for plugin: SYS
2025-04-23 14:53:46,176 [INFO] BlockDiagram:2759 - set Specific Code input for plugin: RCC
2025-04-23 14:53:46,177 [INFO] BlockDiagram:2759 - set Specific Code input for plugin: NVIC
2025-04-23 14:53:46,177 [INFO] BlockDiagram:2759 - set Specific Code input for plugin: USART
2025-04-23 14:53:46,177 [INFO] BlockDiagram:2759 - set Specific Code input for plugin: TIM1_8L4
2025-04-23 14:53:46,178 [INFO] BlockDiagram:2759 - set Specific Code input for plugin: GPIO
2025-04-23 14:53:46,187 [INFO] CodeGenerator:807 - code generatio: config db path: C:\ST\STM32CubeIDE_1.15.1\STM32CubeIDE\plugins\com.st.stm32cube.common.mx_6.11.1.202404110753\\db\
2025-04-23 14:53:46,331 [INFO] CodeEngine:255 - oldGeneratedFile, S:\RTOS_Lab\lab7\lab7\MXTmpFiles\license.tmp_save
2025-04-23 14:53:46,485 [INFO] CodeEngine:279 - Generated code: S:\RTOS_Lab\lab7\lab7\MXTmpFiles\license.tmp
2025-04-23 14:53:46,670 [INFO] CodeEngine:255 - oldGeneratedFile, S:\RTOS_Lab\lab7\lab7\MXTmpFiles\gpio.tmp_save
2025-04-23 14:53:46,780 [INFO] CodeEngine:279 - Generated code: S:\RTOS_Lab\lab7\lab7\MXTmpFiles\gpio.tmp
2025-04-23 14:53:47,058 [INFO] CodeEngine:255 - oldGeneratedFile, S:\RTOS_Lab\lab7\lab7\Core\Src\stm32l4xx_it.c_save
2025-04-23 14:53:47,284 [INFO] CodeEngine:279 - Generated code: S:\RTOS_Lab\lab7\lab7\Core\Src\stm32l4xx_it.c
2025-04-23 14:53:47,337 [INFO] CodeEngine:255 - oldGeneratedFile, S:\RTOS_Lab\lab7\lab7\Core\Inc\stm32l4xx_it.h_save
2025-04-23 14:53:47,475 [INFO] CodeEngine:279 - Generated code: S:\RTOS_Lab\lab7\lab7\Core\Inc\stm32l4xx_it.h
2025-04-23 14:53:47,689 [INFO] CodeEngine:255 - oldGeneratedFile, S:\RTOS_Lab\lab7\lab7\Core\Src\stm32l4xx_hal_msp.c_save
2025-04-23 14:53:47,911 [INFO] CodeEngine:279 - Generated code: S:\RTOS_Lab\lab7\lab7\Core\Src\stm32l4xx_hal_msp.c
2025-04-23 14:53:47,980 [INFO] CodeEngine:255 - oldGeneratedFile, S:\RTOS_Lab\lab7\lab7\MXTmpFiles\system.tmp_save
2025-04-23 14:53:48,072 [INFO] CodeEngine:279 - Generated code: S:\RTOS_Lab\lab7\lab7\MXTmpFiles\system.tmp
2025-04-23 14:53:48,254 [INFO] CodeEngine:311 - oldGeneratedFile, S:\RTOS_Lab\lab7\lab7\Core\Inc\stm32l4xx_hal_conf.h_save
2025-04-23 14:53:48,460 [INFO] CodeEngine:335 - Generated code: S:\RTOS_Lab\lab7\lab7\Core\Inc\stm32l4xx_hal_conf.h
2025-04-23 14:53:48,582 [WARN] IPConfigManager:3513 - IP not found : TIM
2025-04-23 14:53:48,583 [WARN] CodeGenerator:3951 - IP not found : null
2025-04-23 14:53:48,742 [INFO] CodeEngine:255 - oldGeneratedFile, S:\RTOS_Lab\lab7\lab7\Core\Inc\main.h_save
2025-04-23 14:53:48,880 [INFO] CodeEngine:279 - Generated code: S:\RTOS_Lab\lab7\lab7\Core\Inc\main.h
2025-04-23 14:53:48,965 [INFO] CodeEngine:255 - oldGeneratedFile, S:\RTOS_Lab\lab7\lab7\Core\Src\main.c_save
2025-04-23 14:53:49,181 [INFO] CodeEngine:279 - Generated code: S:\RTOS_Lab\lab7\lab7\Core\Src\main.c
2025-04-23 14:53:52,536 [INFO] ProjectBuilder:3163 - Time for Copy HAL[1] : 3163mS.
2025-04-23 14:53:52,549 [INFO] ProjectBuilder:4736 - Project Generator version: 4.3.0-B58
2025-04-23 14:53:52,579 [INFO] ConfigFileManager:1503 - The Die is : DIE415
2025-04-23 14:53:53,718 [INFO] ProjectBuilder:5002 - Time for Generating toolchain IDE Files: 1169mS.
2025-04-23 14:53:53,727 [INFO] ProjectBuilder:3034 - Time for Copy CMSIS : 8mS.
2025-04-23 14:53:53,734 [INFO] ProjectBuilder:3034 - Time for Copy CMSIS : 1mS.
2025-04-23 14:53:53,941 [INFO] UtilMem:75 - End SaveConfig() Used Memory: 791892344 Bytes (1073741824)
2025-04-23 14:53:59,291 [INFO] BlockDiagram:2759 - set Specific Code input for plugin: SYS
2025-04-23 14:53:59,291 [INFO] BlockDiagram:2759 - set Specific Code input for plugin: RCC
2025-04-23 14:53:59,292 [INFO] BlockDiagram:2759 - set Specific Code input for plugin: NVIC
2025-04-23 14:53:59,292 [INFO] BlockDiagram:2759 - set Specific Code input for plugin: USART
2025-04-23 14:53:59,292 [INFO] BlockDiagram:2759 - set Specific Code input for plugin: TIM1_8L4
2025-04-23 14:53:59,293 [INFO] BlockDiagram:2759 - set Specific Code input for plugin: GPIO
2025-04-23 14:53:59,301 [INFO] CodeGenerator:807 - code generatio: config db path: C:\ST\STM32CubeIDE_1.15.1\STM32CubeIDE\plugins\com.st.stm32cube.common.mx_6.11.1.202404110753\\db\
2025-04-23 14:53:59,436 [INFO] CodeEngine:255 - oldGeneratedFile, S:\RTOS_Lab\lab7\lab7\MXTmpFiles\license.tmp_save
2025-04-23 14:53:59,544 [INFO] CodeEngine:279 - Generated code: S:\RTOS_Lab\lab7\lab7\MXTmpFiles\license.tmp
2025-04-23 14:53:59,721 [INFO] CodeEngine:255 - oldGeneratedFile, S:\RTOS_Lab\lab7\lab7\MXTmpFiles\gpio.tmp_save
2025-04-23 14:53:59,838 [INFO] CodeEngine:279 - Generated code: S:\RTOS_Lab\lab7\lab7\MXTmpFiles\gpio.tmp
2025-04-23 14:54:00,095 [INFO] CodeEngine:255 - oldGeneratedFile, S:\RTOS_Lab\lab7\lab7\Core\Src\stm32l4xx_it.c_save
2025-04-23 14:54:00,215 [INFO] CodeEngine:279 - Generated code: S:\RTOS_Lab\lab7\lab7\Core\Src\stm32l4xx_it.c
2025-04-23 14:54:00,265 [INFO] CodeEngine:255 - oldGeneratedFile, S:\RTOS_Lab\lab7\lab7\Core\Inc\stm32l4xx_it.h_save
2025-04-23 14:54:00,380 [INFO] CodeEngine:279 - Generated code: S:\RTOS_Lab\lab7\lab7\Core\Inc\stm32l4xx_it.h
2025-04-23 14:54:00,570 [INFO] CodeEngine:255 - oldGeneratedFile, S:\RTOS_Lab\lab7\lab7\Core\Src\stm32l4xx_hal_msp.c_save
2025-04-23 14:54:00,714 [INFO] CodeEngine:279 - Generated code: S:\RTOS_Lab\lab7\lab7\Core\Src\stm32l4xx_hal_msp.c
2025-04-23 14:54:00,746 [INFO] CodeEngine:255 - oldGeneratedFile, S:\RTOS_Lab\lab7\lab7\MXTmpFiles\system.tmp_save
2025-04-23 14:54:00,829 [INFO] CodeEngine:279 - Generated code: S:\RTOS_Lab\lab7\lab7\MXTmpFiles\system.tmp
2025-04-23 14:54:01,019 [INFO] CodeEngine:311 - oldGeneratedFile, S:\RTOS_Lab\lab7\lab7\Core\Inc\stm32l4xx_hal_conf.h_save
2025-04-23 14:54:01,202 [INFO] CodeEngine:335 - Generated code: S:\RTOS_Lab\lab7\lab7\Core\Inc\stm32l4xx_hal_conf.h
2025-04-23 14:54:01,293 [WARN] IPConfigManager:3513 - IP not found : TIM
2025-04-23 14:54:01,294 [WARN] CodeGenerator:3951 - IP not found : null
2025-04-23 14:54:01,443 [INFO] CodeEngine:255 - oldGeneratedFile, S:\RTOS_Lab\lab7\lab7\Core\Inc\main.h_save
2025-04-23 14:54:01,563 [INFO] CodeEngine:279 - Generated code: S:\RTOS_Lab\lab7\lab7\Core\Inc\main.h
2025-04-23 14:54:01,645 [INFO] CodeEngine:255 - oldGeneratedFile, S:\RTOS_Lab\lab7\lab7\Core\Src\main.c_save
2025-04-23 14:54:01,803 [INFO] CodeEngine:279 - Generated code: S:\RTOS_Lab\lab7\lab7\Core\Src\main.c
2025-04-23 14:54:05,263 [INFO] ProjectBuilder:3163 - Time for Copy HAL[1] : 3326mS.
2025-04-23 14:54:05,275 [INFO] ProjectBuilder:4736 - Project Generator version: 4.3.0-B58
2025-04-23 14:54:05,305 [INFO] ConfigFileManager:1503 - The Die is : DIE415
2025-04-23 14:54:06,307 [INFO] ProjectBuilder:5002 - Time for Generating toolchain IDE Files: 1032mS.
2025-04-23 14:54:06,315 [INFO] ProjectBuilder:3034 - Time for Copy CMSIS : 6mS.
2025-04-23 14:54:06,321 [INFO] ProjectBuilder:3034 - Time for Copy CMSIS : 1mS.
2025-04-23 14:59:00,684 [INFO] NvicIntPanel:101 - NVIC parent = com.st.microxplorer.plugins.ip.nvic.MultiNvicIntPanel[,0,0,0x0,invalid,layout=javax.swing.BoxLayout,alignmentX=0.0,alignmentY=0.0,border=,flags=9,maximumSize=,minimumSize=,preferredSize=]
2025-04-23 14:59:12,968 [INFO] UtilMem:75 - End SaveConfig() Used Memory: 752003448 Bytes (1073741824)
2025-04-23 14:59:16,253 [INFO] UtilMem:75 - End SaveConfig() Used Memory: 823306616 Bytes (1073741824)
2025-04-23 14:59:23,205 [INFO] BlockDiagram:2759 - set Specific Code input for plugin: SYS
2025-04-23 14:59:23,205 [INFO] BlockDiagram:2759 - set Specific Code input for plugin: RCC
2025-04-23 14:59:23,207 [INFO] BlockDiagram:2759 - set Specific Code input for plugin: NVIC
2025-04-23 14:59:23,207 [INFO] BlockDiagram:2759 - set Specific Code input for plugin: USART
2025-04-23 14:59:23,207 [INFO] BlockDiagram:2759 - set Specific Code input for plugin: TIM1_8L4
2025-04-23 14:59:23,208 [INFO] BlockDiagram:2759 - set Specific Code input for plugin: GPIO
2025-04-23 14:59:23,219 [INFO] CodeGenerator:807 - code generatio: config db path: C:\ST\STM32CubeIDE_1.15.1\STM32CubeIDE\plugins\com.st.stm32cube.common.mx_6.11.1.202404110753\\db\
2025-04-23 14:59:23,374 [INFO] CodeEngine:255 - oldGeneratedFile, S:\RTOS_Lab\lab7\lab7\MXTmpFiles\license.tmp_save
2025-04-23 14:59:23,506 [INFO] CodeEngine:279 - Generated code: S:\RTOS_Lab\lab7\lab7\MXTmpFiles\license.tmp
2025-04-23 14:59:23,686 [INFO] CodeEngine:255 - oldGeneratedFile, S:\RTOS_Lab\lab7\lab7\MXTmpFiles\gpio.tmp_save
2025-04-23 14:59:23,814 [INFO] CodeEngine:279 - Generated code: S:\RTOS_Lab\lab7\lab7\MXTmpFiles\gpio.tmp
2025-04-23 14:59:24,063 [INFO] CodeEngine:255 - oldGeneratedFile, S:\RTOS_Lab\lab7\lab7\Core\Src\stm32l4xx_it.c_save
2025-04-23 14:59:24,270 [INFO] CodeEngine:279 - Generated code: S:\RTOS_Lab\lab7\lab7\Core\Src\stm32l4xx_it.c
2025-04-23 14:59:24,345 [INFO] CodeEngine:255 - oldGeneratedFile, S:\RTOS_Lab\lab7\lab7\Core\Inc\stm32l4xx_it.h_save
2025-04-23 14:59:24,526 [INFO] CodeEngine:279 - Generated code: S:\RTOS_Lab\lab7\lab7\Core\Inc\stm32l4xx_it.h
2025-04-23 14:59:24,750 [INFO] CodeEngine:255 - oldGeneratedFile, S:\RTOS_Lab\lab7\lab7\Core\Src\stm32l4xx_hal_msp.c_save
2025-04-23 14:59:24,945 [INFO] CodeEngine:279 - Generated code: S:\RTOS_Lab\lab7\lab7\Core\Src\stm32l4xx_hal_msp.c
2025-04-23 14:59:25,011 [INFO] CodeEngine:255 - oldGeneratedFile, S:\RTOS_Lab\lab7\lab7\MXTmpFiles\system.tmp_save
2025-04-23 14:59:25,096 [INFO] CodeEngine:279 - Generated code: S:\RTOS_Lab\lab7\lab7\MXTmpFiles\system.tmp
2025-04-23 14:59:25,286 [INFO] CodeEngine:311 - oldGeneratedFile, S:\RTOS_Lab\lab7\lab7\Core\Inc\stm32l4xx_hal_conf.h_save
2025-04-23 14:59:25,474 [INFO] CodeEngine:335 - Generated code: S:\RTOS_Lab\lab7\lab7\Core\Inc\stm32l4xx_hal_conf.h
2025-04-23 14:59:25,564 [WARN] IPConfigManager:3513 - IP not found : TIM
2025-04-23 14:59:25,566 [WARN] CodeGenerator:3951 - IP not found : null
2025-04-23 14:59:25,731 [INFO] CodeEngine:255 - oldGeneratedFile, S:\RTOS_Lab\lab7\lab7\Core\Inc\main.h_save
2025-04-23 14:59:25,876 [INFO] CodeEngine:279 - Generated code: S:\RTOS_Lab\lab7\lab7\Core\Inc\main.h
2025-04-23 14:59:25,974 [INFO] CodeEngine:255 - oldGeneratedFile, S:\RTOS_Lab\lab7\lab7\Core\Src\main.c_save
2025-04-23 14:59:26,161 [INFO] CodeEngine:279 - Generated code: S:\RTOS_Lab\lab7\lab7\Core\Src\main.c
2025-04-23 14:59:29,713 [INFO] ProjectBuilder:3163 - Time for Copy HAL[1] : 3369mS.
2025-04-23 14:59:29,720 [INFO] ProjectBuilder:4736 - Project Generator version: 4.3.0-B58
2025-04-23 14:59:29,749 [INFO] ConfigFileManager:1503 - The Die is : DIE415
2025-04-23 14:59:30,531 [INFO] ProjectBuilder:5002 - Time for Generating toolchain IDE Files: 811mS.
2025-04-23 14:59:30,539 [INFO] ProjectBuilder:3034 - Time for Copy CMSIS : 6mS.
2025-04-23 14:59:30,544 [INFO] ProjectBuilder:3034 - Time for Copy CMSIS : 1mS.
2025-04-23 15:06:10,323 [INFO] NvicIntPanel:101 - NVIC parent = com.st.microxplorer.plugins.ip.nvic.MultiNvicIntPanel[,0,0,0x0,invalid,layout=javax.swing.BoxLayout,alignmentX=0.0,alignmentY=0.0,border=,flags=9,maximumSize=,minimumSize=,preferredSize=]
2025-04-23 15:09:10,100 [INFO] NvicIntPanel:101 - NVIC parent = com.st.microxplorer.plugins.ip.nvic.MultiNvicIntPanel[,0,0,0x0,invalid,layout=javax.swing.BoxLayout,alignmentX=0.0,alignmentY=0.0,border=,flags=9,maximumSize=,minimumSize=,preferredSize=]
2025-04-23 15:09:26,127 [INFO] NvicIntPanel:101 - NVIC parent = com.st.microxplorer.plugins.ip.nvic.MultiNvicIntPanel[,0,0,0x0,invalid,layout=javax.swing.BoxLayout,alignmentX=0.0,alignmentY=0.0,border=,flags=9,maximumSize=,minimumSize=,preferredSize=]
2025-04-23 15:09:43,771 [INFO] UtilMem:75 - End SaveConfig() Used Memory: 713954648 Bytes (1073741824)
2025-04-23 15:09:52,410 [INFO] UtilMem:75 - End SaveConfig() Used Memory: 850795864 Bytes (1073741824)
2025-04-23 15:09:56,009 [INFO] BlockDiagram:2759 - set Specific Code input for plugin: SYS
2025-04-23 15:09:56,010 [INFO] BlockDiagram:2759 - set Specific Code input for plugin: RCC
2025-04-23 15:09:56,010 [INFO] BlockDiagram:2759 - set Specific Code input for plugin: NVIC
2025-04-23 15:09:56,011 [INFO] BlockDiagram:2759 - set Specific Code input for plugin: USART
2025-04-23 15:09:56,011 [INFO] BlockDiagram:2759 - set Specific Code input for plugin: TIM1_8L4
2025-04-23 15:09:56,012 [INFO] BlockDiagram:2759 - set Specific Code input for plugin: GPIO
2025-04-23 15:09:56,021 [INFO] CodeGenerator:807 - code generatio: config db path: C:\ST\STM32CubeIDE_1.15.1\STM32CubeIDE\plugins\com.st.stm32cube.common.mx_6.11.1.202404110753\\db\
2025-04-23 15:09:56,160 [INFO] CodeEngine:255 - oldGeneratedFile, S:\RTOS_Lab\lab7\lab7\MXTmpFiles\license.tmp_save
2025-04-23 15:09:56,299 [INFO] CodeEngine:279 - Generated code: S:\RTOS_Lab\lab7\lab7\MXTmpFiles\license.tmp
2025-04-23 15:09:56,483 [INFO] CodeEngine:255 - oldGeneratedFile, S:\RTOS_Lab\lab7\lab7\MXTmpFiles\gpio.tmp_save
2025-04-23 15:09:56,621 [INFO] CodeEngine:279 - Generated code: S:\RTOS_Lab\lab7\lab7\MXTmpFiles\gpio.tmp
2025-04-23 15:09:56,868 [INFO] CodeEngine:255 - oldGeneratedFile, S:\RTOS_Lab\lab7\lab7\Core\Src\stm32l4xx_it.c_save
2025-04-23 15:09:57,049 [INFO] CodeEngine:279 - Generated code: S:\RTOS_Lab\lab7\lab7\Core\Src\stm32l4xx_it.c
2025-04-23 15:09:57,105 [INFO] CodeEngine:255 - oldGeneratedFile, S:\RTOS_Lab\lab7\lab7\Core\Inc\stm32l4xx_it.h_save
2025-04-23 15:09:57,224 [INFO] CodeEngine:279 - Generated code: S:\RTOS_Lab\lab7\lab7\Core\Inc\stm32l4xx_it.h
2025-04-23 15:09:57,426 [INFO] CodeEngine:255 - oldGeneratedFile, S:\RTOS_Lab\lab7\lab7\Core\Src\stm32l4xx_hal_msp.c_save
2025-04-23 15:09:57,576 [INFO] CodeEngine:279 - Generated code: S:\RTOS_Lab\lab7\lab7\Core\Src\stm32l4xx_hal_msp.c
2025-04-23 15:09:57,611 [INFO] CodeEngine:255 - oldGeneratedFile, S:\RTOS_Lab\lab7\lab7\MXTmpFiles\system.tmp_save
2025-04-23 15:09:57,693 [INFO] CodeEngine:279 - Generated code: S:\RTOS_Lab\lab7\lab7\MXTmpFiles\system.tmp
2025-04-23 15:09:57,884 [INFO] CodeEngine:311 - oldGeneratedFile, S:\RTOS_Lab\lab7\lab7\Core\Inc\stm32l4xx_hal_conf.h_save
2025-04-23 15:09:58,070 [INFO] CodeEngine:335 - Generated code: S:\RTOS_Lab\lab7\lab7\Core\Inc\stm32l4xx_hal_conf.h
2025-04-23 15:09:58,153 [WARN] IPConfigManager:3513 - IP not found : TIM
2025-04-23 15:09:58,155 [WARN] CodeGenerator:3951 - IP not found : null
2025-04-23 15:09:58,307 [INFO] CodeEngine:255 - oldGeneratedFile, S:\RTOS_Lab\lab7\lab7\Core\Inc\main.h_save
2025-04-23 15:09:58,477 [INFO] CodeEngine:279 - Generated code: S:\RTOS_Lab\lab7\lab7\Core\Inc\main.h
2025-04-23 15:09:58,570 [INFO] CodeEngine:255 - oldGeneratedFile, S:\RTOS_Lab\lab7\lab7\Core\Src\main.c_save
2025-04-23 15:09:58,785 [INFO] CodeEngine:279 - Generated code: S:\RTOS_Lab\lab7\lab7\Core\Src\main.c
2025-04-23 15:10:01,886 [INFO] ProjectBuilder:3163 - Time for Copy HAL[1] : 2929mS.
2025-04-23 15:10:01,897 [INFO] ProjectBuilder:4736 - Project Generator version: 4.3.0-B58
2025-04-23 15:10:01,927 [INFO] ConfigFileManager:1503 - The Die is : DIE415
2025-04-23 15:10:02,874 [INFO] ProjectBuilder:5002 - Time for Generating toolchain IDE Files: 977mS.
2025-04-23 15:10:02,882 [INFO] ProjectBuilder:3034 - Time for Copy CMSIS : 6mS.
2025-04-23 15:10:02,889 [INFO] ProjectBuilder:3034 - Time for Copy CMSIS : 2mS.
2025-04-23 15:17:24,334 [INFO] NvicIntPanel:101 - NVIC parent = com.st.microxplorer.plugins.ip.nvic.MultiNvicIntPanel[,0,0,0x0,invalid,layout=javax.swing.BoxLayout,alignmentX=0.0,alignmentY=0.0,border=,flags=9,maximumSize=,minimumSize=,preferredSize=]
2025-04-23 15:17:41,760 [INFO] NvicIntPanel:101 - NVIC parent = com.st.microxplorer.plugins.ip.nvic.MultiNvicIntPanel[,0,0,0x0,invalid,layout=javax.swing.BoxLayout,alignmentX=0.0,alignmentY=0.0,border=,flags=9,maximumSize=,minimumSize=,preferredSize=]
2025-04-23 15:17:44,180 [INFO] NvicIntPanel:101 - NVIC parent = com.st.microxplorer.plugins.ip.nvic.MultiNvicIntPanel[,0,0,0x0,invalid,layout=javax.swing.BoxLayout,alignmentX=0.0,alignmentY=0.0,border=,flags=9,maximumSize=,minimumSize=,preferredSize=]
2025-04-23 15:18:52,265 [INFO] NvicIntPanel:101 - NVIC parent = com.st.microxplorer.plugins.ip.nvic.MultiNvicIntPanel[,0,0,0x0,invalid,layout=javax.swing.BoxLayout,alignmentX=0.0,alignmentY=0.0,border=,flags=9,maximumSize=,minimumSize=,preferredSize=]
2025-04-23 15:18:57,098 [INFO] UtilMem:75 - End SaveConfig() Used Memory: 814537840 Bytes (1073741824)
2025-04-23 15:19:02,486 [INFO] UtilMem:75 - End SaveConfig() Used Memory: 845026768 Bytes (1073741824)
2025-04-23 15:19:06,095 [INFO] UtilMem:75 - End SaveConfig() Used Memory: 883137304 Bytes (1073741824)
2025-04-23 15:19:10,752 [INFO] BlockDiagram:2759 - set Specific Code input for plugin: SYS
2025-04-23 15:19:10,752 [INFO] BlockDiagram:2759 - set Specific Code input for plugin: RCC
2025-04-23 15:19:10,753 [INFO] BlockDiagram:2759 - set Specific Code input for plugin: NVIC
2025-04-23 15:19:10,753 [INFO] BlockDiagram:2759 - set Specific Code input for plugin: USART
2025-04-23 15:19:10,754 [INFO] BlockDiagram:2759 - set Specific Code input for plugin: TIM1_8L4
2025-04-23 15:19:10,754 [INFO] BlockDiagram:2759 - set Specific Code input for plugin: TIM1_8L4
2025-04-23 15:19:10,755 [INFO] BlockDiagram:2759 - set Specific Code input for plugin: GPIO
2025-04-23 15:19:10,764 [INFO] CodeGenerator:807 - code generatio: config db path: C:\ST\STM32CubeIDE_1.15.1\STM32CubeIDE\plugins\com.st.stm32cube.common.mx_6.11.1.202404110753\\db\
2025-04-23 15:19:10,954 [INFO] CodeEngine:255 - oldGeneratedFile, S:\RTOS_Lab\lab7\lab7\MXTmpFiles\license.tmp_save
2025-04-23 15:19:11,072 [INFO] CodeEngine:279 - Generated code: S:\RTOS_Lab\lab7\lab7\MXTmpFiles\license.tmp
2025-04-23 15:19:11,237 [INFO] CodeEngine:255 - oldGeneratedFile, S:\RTOS_Lab\lab7\lab7\MXTmpFiles\gpio.tmp_save
2025-04-23 15:19:11,352 [INFO] CodeEngine:279 - Generated code: S:\RTOS_Lab\lab7\lab7\MXTmpFiles\gpio.tmp
2025-04-23 15:19:11,606 [INFO] CodeEngine:255 - oldGeneratedFile, S:\RTOS_Lab\lab7\lab7\Core\Src\stm32l4xx_it.c_save
2025-04-23 15:19:11,838 [INFO] CodeEngine:279 - Generated code: S:\RTOS_Lab\lab7\lab7\Core\Src\stm32l4xx_it.c
2025-04-23 15:19:11,908 [INFO] CodeEngine:255 - oldGeneratedFile, S:\RTOS_Lab\lab7\lab7\Core\Inc\stm32l4xx_it.h_save
2025-04-23 15:19:12,050 [INFO] CodeEngine:279 - Generated code: S:\RTOS_Lab\lab7\lab7\Core\Inc\stm32l4xx_it.h
2025-04-23 15:19:12,269 [INFO] CodeEngine:255 - oldGeneratedFile, S:\RTOS_Lab\lab7\lab7\Core\Src\stm32l4xx_hal_msp.c_save
2025-04-23 15:19:12,460 [INFO] CodeEngine:279 - Generated code: S:\RTOS_Lab\lab7\lab7\Core\Src\stm32l4xx_hal_msp.c
2025-04-23 15:19:12,520 [INFO] CodeEngine:255 - oldGeneratedFile, S:\RTOS_Lab\lab7\lab7\MXTmpFiles\system.tmp_save
2025-04-23 15:19:12,609 [INFO] CodeEngine:279 - Generated code: S:\RTOS_Lab\lab7\lab7\MXTmpFiles\system.tmp
2025-04-23 15:19:12,796 [INFO] CodeEngine:311 - oldGeneratedFile, S:\RTOS_Lab\lab7\lab7\Core\Inc\stm32l4xx_hal_conf.h_save
2025-04-23 15:19:12,975 [INFO] CodeEngine:335 - Generated code: S:\RTOS_Lab\lab7\lab7\Core\Inc\stm32l4xx_hal_conf.h
2025-04-23 15:19:13,051 [WARN] IPConfigManager:3513 - IP not found : TIM
2025-04-23 15:19:13,052 [WARN] CodeGenerator:3951 - IP not found : null
2025-04-23 15:19:13,207 [INFO] CodeEngine:255 - oldGeneratedFile, S:\RTOS_Lab\lab7\lab7\Core\Inc\main.h_save
2025-04-23 15:19:13,326 [INFO] CodeEngine:279 - Generated code: S:\RTOS_Lab\lab7\lab7\Core\Inc\main.h
2025-04-23 15:19:13,409 [INFO] CodeEngine:255 - oldGeneratedFile, S:\RTOS_Lab\lab7\lab7\Core\Src\main.c_save
2025-04-23 15:19:13,633 [INFO] CodeEngine:279 - Generated code: S:\RTOS_Lab\lab7\lab7\Core\Src\main.c
2025-04-23 15:19:16,774 [INFO] ProjectBuilder:3163 - Time for Copy HAL[1] : 2974mS.
2025-04-23 15:19:16,783 [INFO] ProjectBuilder:4736 - Project Generator version: 4.3.0-B58
2025-04-23 15:19:16,812 [INFO] ConfigFileManager:1503 - The Die is : DIE415
2025-04-23 15:19:17,942 [INFO] ProjectBuilder:5002 - Time for Generating toolchain IDE Files: 1159mS.
2025-04-23 15:19:17,949 [INFO] ProjectBuilder:3034 - Time for Copy CMSIS : 6mS.
2025-04-23 15:19:17,964 [INFO] ProjectBuilder:3034 - Time for Copy CMSIS : 1mS.
2025-04-23 15:20:48,228 [INFO] NvicIntPanel:101 - NVIC parent = com.st.microxplorer.plugins.ip.nvic.MultiNvicIntPanel[,0,0,0x0,invalid,layout=javax.swing.BoxLayout,alignmentX=0.0,alignmentY=0.0,border=,flags=9,maximumSize=,minimumSize=,preferredSize=]
2025-04-23 15:21:37,585 [INFO] NvicIntPanel:101 - NVIC parent = com.st.microxplorer.plugins.ip.nvic.MultiNvicIntPanel[,0,0,0x0,invalid,layout=javax.swing.BoxLayout,alignmentX=0.0,alignmentY=0.0,border=,flags=9,maximumSize=,minimumSize=,preferredSize=]
2025-04-23 15:21:38,283 [INFO] UtilMem:75 - End SaveConfig() Used Memory: 795522456 Bytes (1073741824)
2025-04-23 15:21:45,146 [INFO] UtilMem:75 - End SaveConfig() Used Memory: 824952160 Bytes (1073741824)
2025-04-23 15:21:48,999 [INFO] UtilMem:75 - End SaveConfig() Used Memory: 863153560 Bytes (1073741824)
2025-04-23 15:21:53,937 [INFO] BlockDiagram:2759 - set Specific Code input for plugin: TIM6_7L4
2025-04-23 15:21:53,937 [INFO] BlockDiagram:2759 - set Specific Code input for plugin: SYS
2025-04-23 15:21:53,938 [INFO] BlockDiagram:2759 - set Specific Code input for plugin: RCC
2025-04-23 15:21:53,939 [INFO] BlockDiagram:2759 - set Specific Code input for plugin: NVIC
2025-04-23 15:21:53,939 [INFO] BlockDiagram:2759 - set Specific Code input for plugin: USART
2025-04-23 15:21:53,940 [INFO] BlockDiagram:2759 - set Specific Code input for plugin: TIM1_8L4
2025-04-23 15:21:53,941 [INFO] BlockDiagram:2759 - set Specific Code input for plugin: TIM1_8L4
2025-04-23 15:21:53,941 [INFO] BlockDiagram:2759 - set Specific Code input for plugin: GPIO
2025-04-23 15:21:53,950 [INFO] CodeGenerator:807 - code generatio: config db path: C:\ST\STM32CubeIDE_1.15.1\STM32CubeIDE\plugins\com.st.stm32cube.common.mx_6.11.1.202404110753\\db\
2025-04-23 15:21:54,101 [INFO] CodeEngine:255 - oldGeneratedFile, S:\RTOS_Lab\lab7\lab7\MXTmpFiles\license.tmp_save
2025-04-23 15:21:54,214 [INFO] CodeEngine:279 - Generated code: S:\RTOS_Lab\lab7\lab7\MXTmpFiles\license.tmp
2025-04-23 15:21:54,389 [INFO] CodeEngine:255 - oldGeneratedFile, S:\RTOS_Lab\lab7\lab7\MXTmpFiles\gpio.tmp_save
2025-04-23 15:21:54,497 [INFO] CodeEngine:279 - Generated code: S:\RTOS_Lab\lab7\lab7\MXTmpFiles\gpio.tmp
2025-04-23 15:21:54,768 [INFO] CodeEngine:255 - oldGeneratedFile, S:\RTOS_Lab\lab7\lab7\Core\Src\stm32l4xx_it.c_save
2025-04-23 15:21:54,888 [INFO] CodeEngine:279 - Generated code: S:\RTOS_Lab\lab7\lab7\Core\Src\stm32l4xx_it.c
2025-04-23 15:21:54,937 [INFO] CodeEngine:255 - oldGeneratedFile, S:\RTOS_Lab\lab7\lab7\Core\Inc\stm32l4xx_it.h_save
2025-04-23 15:21:55,038 [INFO] CodeEngine:279 - Generated code: S:\RTOS_Lab\lab7\lab7\Core\Inc\stm32l4xx_it.h
2025-04-23 15:21:55,234 [INFO] CodeEngine:255 - oldGeneratedFile, S:\RTOS_Lab\lab7\lab7\Core\Src\stm32l4xx_hal_msp.c_save
2025-04-23 15:21:55,446 [INFO] CodeEngine:279 - Generated code: S:\RTOS_Lab\lab7\lab7\Core\Src\stm32l4xx_hal_msp.c
2025-04-23 15:21:55,504 [INFO] CodeEngine:255 - oldGeneratedFile, S:\RTOS_Lab\lab7\lab7\MXTmpFiles\system.tmp_save
2025-04-23 15:21:55,589 [INFO] CodeEngine:279 - Generated code: S:\RTOS_Lab\lab7\lab7\MXTmpFiles\system.tmp
2025-04-23 15:21:55,767 [INFO] CodeEngine:311 - oldGeneratedFile, S:\RTOS_Lab\lab7\lab7\Core\Inc\stm32l4xx_hal_conf.h_save
2025-04-23 15:21:55,947 [INFO] CodeEngine:335 - Generated code: S:\RTOS_Lab\lab7\lab7\Core\Inc\stm32l4xx_hal_conf.h
2025-04-23 15:21:56,045 [WARN] IPConfigManager:3513 - IP not found : TIM
2025-04-23 15:21:56,046 [WARN] CodeGenerator:3951 - IP not found : null
2025-04-23 15:21:56,187 [INFO] CodeEngine:255 - oldGeneratedFile, S:\RTOS_Lab\lab7\lab7\Core\Inc\main.h_save
2025-04-23 15:21:56,299 [INFO] CodeEngine:279 - Generated code: S:\RTOS_Lab\lab7\lab7\Core\Inc\main.h
2025-04-23 15:21:56,375 [INFO] CodeEngine:255 - oldGeneratedFile, S:\RTOS_Lab\lab7\lab7\Core\Src\main.c_save
2025-04-23 15:21:56,579 [INFO] CodeEngine:279 - Generated code: S:\RTOS_Lab\lab7\lab7\Core\Src\main.c
2025-04-23 15:21:59,361 [INFO] ProjectBuilder:3163 - Time for Copy HAL[1] : 2639mS.
2025-04-23 15:21:59,370 [INFO] ProjectBuilder:4736 - Project Generator version: 4.3.0-B58
2025-04-23 15:21:59,400 [INFO] ConfigFileManager:1503 - The Die is : DIE415
2025-04-23 15:22:00,450 [INFO] ProjectBuilder:5002 - Time for Generating toolchain IDE Files: 1080mS.
2025-04-23 15:22:00,461 [INFO] ProjectBuilder:3034 - Time for Copy CMSIS : 8mS.
2025-04-23 15:22:00,466 [INFO] ProjectBuilder:3034 - Time for Copy CMSIS : 1mS.
2025-04-23 15:23:44,073 [INFO] NvicIntPanel:101 - NVIC parent = com.st.microxplorer.plugins.ip.nvic.MultiNvicIntPanel[,0,0,0x0,invalid,layout=javax.swing.BoxLayout,alignmentX=0.0,alignmentY=0.0,border=,flags=9,maximumSize=,minimumSize=,preferredSize=]
2025-04-23 15:24:56,815 [INFO] NvicIntPanel:101 - NVIC parent = com.st.microxplorer.plugins.ip.nvic.MultiNvicIntPanel[,0,0,450x426,layout=javax.swing.BoxLayout,alignmentX=0.0,alignmentY=0.0,border=,flags=9,maximumSize=,minimumSize=,preferredSize=]
2025-04-23 15:25:15,536 [INFO] UtilMem:75 - End SaveConfig() Used Memory: 940983480 Bytes (1073741824)
2025-04-23 15:25:19,490 [INFO] UtilMem:75 - End SaveConfig() Used Memory: 801978752 Bytes (1073741824)
2025-04-23 15:25:28,183 [INFO] BlockDiagram:2759 - set Specific Code input for plugin: TIM6_7L4
2025-04-23 15:25:28,184 [INFO] BlockDiagram:2759 - set Specific Code input for plugin: SYS
2025-04-23 15:25:28,185 [INFO] BlockDiagram:2759 - set Specific Code input for plugin: RCC
2025-04-23 15:25:28,185 [INFO] BlockDiagram:2759 - set Specific Code input for plugin: NVIC
2025-04-23 15:25:28,186 [INFO] BlockDiagram:2759 - set Specific Code input for plugin: USART
2025-04-23 15:25:28,186 [INFO] BlockDiagram:2759 - set Specific Code input for plugin: TIM1_8L4
2025-04-23 15:25:28,187 [INFO] BlockDiagram:2759 - set Specific Code input for plugin: TIM1_8L4
2025-04-23 15:25:28,187 [INFO] BlockDiagram:2759 - set Specific Code input for plugin: GPIO
2025-04-23 15:25:28,196 [INFO] CodeGenerator:807 - code generatio: config db path: C:\ST\STM32CubeIDE_1.15.1\STM32CubeIDE\plugins\com.st.stm32cube.common.mx_6.11.1.202404110753\\db\
2025-04-23 15:25:28,357 [INFO] CodeEngine:255 - oldGeneratedFile, S:\RTOS_Lab\lab7\lab7\MXTmpFiles\license.tmp_save
2025-04-23 15:25:28,484 [INFO] CodeEngine:279 - Generated code: S:\RTOS_Lab\lab7\lab7\MXTmpFiles\license.tmp
2025-04-23 15:25:28,674 [INFO] CodeEngine:255 - oldGeneratedFile, S:\RTOS_Lab\lab7\lab7\MXTmpFiles\gpio.tmp_save
2025-04-23 15:25:28,795 [INFO] CodeEngine:279 - Generated code: S:\RTOS_Lab\lab7\lab7\MXTmpFiles\gpio.tmp
2025-04-23 15:25:29,133 [INFO] CodeEngine:255 - oldGeneratedFile, S:\RTOS_Lab\lab7\lab7\Core\Src\stm32l4xx_it.c_save
2025-04-23 15:25:29,350 [INFO] CodeEngine:279 - Generated code: S:\RTOS_Lab\lab7\lab7\Core\Src\stm32l4xx_it.c
2025-04-23 15:25:29,452 [INFO] CodeEngine:255 - oldGeneratedFile, S:\RTOS_Lab\lab7\lab7\Core\Inc\stm32l4xx_it.h_save
2025-04-23 15:25:29,630 [INFO] CodeEngine:279 - Generated code: S:\RTOS_Lab\lab7\lab7\Core\Inc\stm32l4xx_it.h
2025-04-23 15:25:29,859 [INFO] CodeEngine:255 - oldGeneratedFile, S:\RTOS_Lab\lab7\lab7\Core\Src\stm32l4xx_hal_msp.c_save
2025-04-23 15:25:30,081 [INFO] CodeEngine:279 - Generated code: S:\RTOS_Lab\lab7\lab7\Core\Src\stm32l4xx_hal_msp.c
2025-04-23 15:25:30,143 [INFO] CodeEngine:255 - oldGeneratedFile, S:\RTOS_Lab\lab7\lab7\MXTmpFiles\system.tmp_save
2025-04-23 15:25:30,242 [INFO] CodeEngine:279 - Generated code: S:\RTOS_Lab\lab7\lab7\MXTmpFiles\system.tmp
2025-04-23 15:25:30,440 [INFO] CodeEngine:311 - oldGeneratedFile, S:\RTOS_Lab\lab7\lab7\Core\Inc\stm32l4xx_hal_conf.h_save
2025-04-23 15:25:30,647 [INFO] CodeEngine:335 - Generated code: S:\RTOS_Lab\lab7\lab7\Core\Inc\stm32l4xx_hal_conf.h
2025-04-23 15:25:30,748 [WARN] IPConfigManager:3513 - IP not found : TIM
2025-04-23 15:25:30,749 [WARN] CodeGenerator:3951 - IP not found : null
2025-04-23 15:25:30,930 [INFO] CodeEngine:255 - oldGeneratedFile, S:\RTOS_Lab\lab7\lab7\Core\Inc\main.h_save
2025-04-23 15:25:31,068 [INFO] CodeEngine:279 - Generated code: S:\RTOS_Lab\lab7\lab7\Core\Inc\main.h
2025-04-23 15:25:31,156 [INFO] CodeEngine:255 - oldGeneratedFile, S:\RTOS_Lab\lab7\lab7\Core\Src\main.c_save
2025-04-23 15:25:31,383 [INFO] CodeEngine:279 - Generated code: S:\RTOS_Lab\lab7\lab7\Core\Src\main.c
2025-04-23 15:25:34,429 [INFO] ProjectBuilder:3163 - Time for Copy HAL[1] : 2901mS.
2025-04-23 15:25:34,437 [INFO] ProjectBuilder:4736 - Project Generator version: 4.3.0-B58
2025-04-23 15:25:34,465 [INFO] ConfigFileManager:1503 - The Die is : DIE415
2025-04-23 15:25:35,600 [INFO] ProjectBuilder:5002 - Time for Generating toolchain IDE Files: 1163mS.
2025-04-23 15:25:35,607 [INFO] ProjectBuilder:3034 - Time for Copy CMSIS : 6mS.
2025-04-23 15:25:35,611 [INFO] ProjectBuilder:3034 - Time for Copy CMSIS : 1mS.
2025-04-23 15:27:12,266 [INFO] RtosManager:919 - Current active RTOS is FREERTOS [Cortex-M4NS]
2025-04-23 15:27:12,585 [ERROR] RtosPanel:558 - Can not restore the selected Tab for FREERTOS(A reason can be that the tab is no more available.)
2025-04-23 15:27:12,618 [ERROR] RtosPanel:558 - Can not restore the selected Tab for FREERTOS(A reason can be that the tab is no more available.)
2025-04-23 15:27:14,703 [INFO] TasksAndQueuesTab:757 - Dynamic
2025-04-23 15:27:14,704 [WARN] TasksAndQueuesTab:763 - 128 128
2025-04-23 15:27:14,705 [WARN] TasksAndQueuesTab:775 - max value is: 750.0
2025-04-23 15:27:17,947 [INFO] EditThreadDialog:704 - RAM SIZE (in KB): 128
2025-04-23 15:27:17,948 [INFO] EditThreadDialog:706 - RAM SIZE (in words): 32768
2025-04-23 15:27:42,309 [INFO] TasksAndQueuesTab:757 - Dynamic
2025-04-23 15:27:42,309 [WARN] TasksAndQueuesTab:763 - 128 128
2025-04-23 15:27:42,310 [WARN] TasksAndQueuesTab:775 - max value is: 750.0
2025-04-23 15:27:42,358 [ERROR] RtosPanel:558 - Can not restore the selected Tab for FREERTOS(A reason can be that the tab is no more available.)
2025-04-23 15:29:44,912 [INFO] TasksAndQueuesTab:757 - Dynamic
2025-04-23 15:29:44,922 [WARN] TasksAndQueuesTab:763 - 128 128
2025-04-23 15:29:44,922 [WARN] TasksAndQueuesTab:775 - max value is: 750.0
2025-04-23 15:29:48,119 [INFO] EditThreadDialog:704 - RAM SIZE (in KB): 128
2025-04-23 15:29:48,121 [INFO] EditThreadDialog:706 - RAM SIZE (in words): 32768
2025-04-23 15:29:54,655 [INFO] TasksAndQueuesTab:757 - Dynamic
2025-04-23 15:29:54,656 [WARN] TasksAndQueuesTab:763 - 128 128
2025-04-23 15:29:54,657 [WARN] TasksAndQueuesTab:775 - max value is: 750.0
2025-04-23 15:30:00,962 [INFO] UtilMem:75 - End SaveConfig() Used Memory: 781640328 Bytes (1073741824)
2025-04-23 15:30:05,118 [INFO] UtilMem:75 - End SaveConfig() Used Memory: 855040648 Bytes (1073741824)
2025-04-23 15:30:20,456 [INFO] BlockDiagram:2759 - set Specific Code input for plugin: FREERTOS
2025-04-23 15:30:20,457 [INFO] BlockDiagram:2759 - set Specific Code input for plugin: SYS
2025-04-23 15:30:20,457 [INFO] BlockDiagram:2759 - set Specific Code input for plugin: RCC
2025-04-23 15:30:20,457 [INFO] BlockDiagram:2759 - set Specific Code input for plugin: NVIC
2025-04-23 15:30:20,458 [INFO] BlockDiagram:2759 - set Specific Code input for plugin: USART
2025-04-23 15:30:20,458 [INFO] BlockDiagram:2759 - set Specific Code input for plugin: TIM1_8L4
2025-04-23 15:30:20,459 [INFO] BlockDiagram:2759 - set Specific Code input for plugin: TIM1_8L4
2025-04-23 15:30:20,459 [INFO] BlockDiagram:2759 - set Specific Code input for plugin: GPIO
2025-04-23 15:30:20,469 [INFO] CodeGenerator:807 - code generatio: config db path: C:\ST\STM32CubeIDE_1.15.1\STM32CubeIDE\plugins\com.st.stm32cube.common.mx_6.11.1.202404110753\\db\
2025-04-23 15:30:20,625 [INFO] CodeEngine:255 - oldGeneratedFile, S:\RTOS_Lab\lab7\lab7\MXTmpFiles\license.tmp_save
2025-04-23 15:30:20,753 [INFO] CodeEngine:279 - Generated code: S:\RTOS_Lab\lab7\lab7\MXTmpFiles\license.tmp
2025-04-23 15:30:20,922 [INFO] CodeEngine:255 - oldGeneratedFile, S:\RTOS_Lab\lab7\lab7\MXTmpFiles\gpio.tmp_save
2025-04-23 15:30:21,025 [INFO] CodeEngine:279 - Generated code: S:\RTOS_Lab\lab7\lab7\MXTmpFiles\gpio.tmp
2025-04-23 15:30:21,151 [INFO] Middleware:1439 - No code input for Bsp Dependency
2025-04-23 15:30:21,270 [INFO] CodeEngine:255 - oldGeneratedFile, S:\RTOS_Lab\lab7\lab7\MXTmpFiles\rtos_inc.tmp_save
2025-04-23 15:30:21,384 [INFO] CodeEngine:279 - Generated code: S:\RTOS_Lab\lab7\lab7\MXTmpFiles\rtos_inc.tmp
2025-04-23 15:30:21,438 [INFO] CodeEngine:255 - oldGeneratedFile, S:\RTOS_Lab\lab7\lab7\MXTmpFiles\rtos_vars.tmp_save
2025-04-23 15:30:21,542 [INFO] CodeEngine:279 - Generated code: S:\RTOS_Lab\lab7\lab7\MXTmpFiles\rtos_vars.tmp
2025-04-23 15:30:21,594 [INFO] CodeEngine:255 - oldGeneratedFile, S:\RTOS_Lab\lab7\lab7\MXTmpFiles\rtos_pfp.tmp_save
2025-04-23 15:30:21,700 [INFO] CodeEngine:279 - Generated code: S:\RTOS_Lab\lab7\lab7\MXTmpFiles\rtos_pfp.tmp
2025-04-23 15:30:21,746 [INFO] CodeEngine:255 - oldGeneratedFile, S:\RTOS_Lab\lab7\lab7\MXTmpFiles\rtos_obj_creat.tmp_save
2025-04-23 15:30:21,855 [INFO] CodeEngine:279 - Generated code: S:\RTOS_Lab\lab7\lab7\MXTmpFiles\rtos_obj_creat.tmp
2025-04-23 15:30:21,901 [INFO] CodeEngine:255 - oldGeneratedFile, S:\RTOS_Lab\lab7\lab7\MXTmpFiles\rtos_kernelStart.tmp_save
2025-04-23 15:30:22,000 [INFO] CodeEngine:279 - Generated code: S:\RTOS_Lab\lab7\lab7\MXTmpFiles\rtos_kernelStart.tmp
2025-04-23 15:30:22,057 [INFO] CodeEngine:255 - oldGeneratedFile, S:\RTOS_Lab\lab7\lab7\MXTmpFiles\rtos_default_thread.tmp_save
2025-04-23 15:30:22,164 [INFO] CodeEngine:279 - Generated code: S:\RTOS_Lab\lab7\lab7\MXTmpFiles\rtos_default_thread.tmp
2025-04-23 15:30:22,218 [INFO] CodeEngine:255 - oldGeneratedFile, S:\RTOS_Lab\lab7\lab7\MXTmpFiles\rtos_threads.tmp_save
2025-04-23 15:30:22,289 [INFO] CodeEngine:279 - Generated code: S:\RTOS_Lab\lab7\lab7\MXTmpFiles\rtos_threads.tmp
2025-04-23 15:30:22,329 [INFO] Middleware:1439 - No code input for Bsp Dependency
2025-04-23 15:30:22,463 [INFO] CodeEngine:255 - oldGeneratedFile, S:\RTOS_Lab\lab7\lab7\MXTmpFiles\rtos_inc.tmp_save
2025-04-23 15:30:22,570 [INFO] CodeEngine:279 - Generated code: S:\RTOS_Lab\lab7\lab7\MXTmpFiles\rtos_inc.tmp
2025-04-23 15:30:22,632 [INFO] CodeEngine:255 - oldGeneratedFile, S:\RTOS_Lab\lab7\lab7\MXTmpFiles\rtos_vars.tmp_save
2025-04-23 15:30:22,738 [INFO] CodeEngine:279 - Generated code: S:\RTOS_Lab\lab7\lab7\MXTmpFiles\rtos_vars.tmp
2025-04-23 15:30:22,794 [INFO] CodeEngine:255 - oldGeneratedFile, S:\RTOS_Lab\lab7\lab7\MXTmpFiles\rtos_pfp.tmp_save
2025-04-23 15:30:22,894 [INFO] CodeEngine:279 - Generated code: S:\RTOS_Lab\lab7\lab7\MXTmpFiles\rtos_pfp.tmp
2025-04-23 15:30:22,994 [INFO] CodeEngine:255 - oldGeneratedFile, S:\RTOS_Lab\lab7\lab7\MXTmpFiles\rtos_obj_creat.tmp_save
2025-04-23 15:30:23,092 [INFO] CodeEngine:279 - Generated code: S:\RTOS_Lab\lab7\lab7\MXTmpFiles\rtos_obj_creat.tmp
2025-04-23 15:30:23,148 [INFO] CodeEngine:255 - oldGeneratedFile, S:\RTOS_Lab\lab7\lab7\MXTmpFiles\rtos_kernelStart.tmp_save
2025-04-23 15:30:23,244 [INFO] CodeEngine:279 - Generated code: S:\RTOS_Lab\lab7\lab7\MXTmpFiles\rtos_kernelStart.tmp
2025-04-23 15:30:23,300 [INFO] CodeEngine:255 - oldGeneratedFile, S:\RTOS_Lab\lab7\lab7\MXTmpFiles\rtos_default_thread.tmp_save
2025-04-23 15:30:23,394 [INFO] CodeEngine:279 - Generated code: S:\RTOS_Lab\lab7\lab7\MXTmpFiles\rtos_default_thread.tmp
2025-04-23 15:30:23,450 [INFO] CodeEngine:255 - oldGeneratedFile, S:\RTOS_Lab\lab7\lab7\MXTmpFiles\rtos_threads.tmp_save
2025-04-23 15:30:23,537 [INFO] CodeEngine:279 - Generated code: S:\RTOS_Lab\lab7\lab7\MXTmpFiles\rtos_threads.tmp
2025-04-23 15:30:23,590 [INFO] CodeEngine:255 - oldGeneratedFile, S:\RTOS_Lab\lab7\lab7\Core\Inc\FreeRTOSConfig.h_save
2025-04-23 15:30:23,752 [INFO] CodeEngine:279 - Generated code: S:\RTOS_Lab\lab7\lab7\Core\Inc\FreeRTOSConfig.h
2025-04-23 15:30:23,803 [INFO] CodeEngine:255 - oldGeneratedFile, S:\RTOS_Lab\lab7\lab7\Core\Src\freertos.c_save
2025-04-23 15:30:23,974 [INFO] CodeEngine:279 - Generated code: S:\RTOS_Lab\lab7\lab7\Core\Src\freertos.c
2025-04-23 15:30:24,227 [INFO] CodeEngine:255 - oldGeneratedFile, S:\RTOS_Lab\lab7\lab7\Core\Src\stm32l4xx_it.c_save
2025-04-23 15:30:24,417 [INFO] CodeEngine:279 - Generated code: S:\RTOS_Lab\lab7\lab7\Core\Src\stm32l4xx_it.c
2025-04-23 15:30:24,490 [INFO] CodeEngine:255 - oldGeneratedFile, S:\RTOS_Lab\lab7\lab7\Core\Inc\stm32l4xx_it.h_save
2025-04-23 15:30:24,655 [INFO] CodeEngine:279 - Generated code: S:\RTOS_Lab\lab7\lab7\Core\Inc\stm32l4xx_it.h
2025-04-23 15:30:24,896 [INFO] CodeEngine:255 - oldGeneratedFile, S:\RTOS_Lab\lab7\lab7\Core\Src\stm32l4xx_hal_msp.c_save
2025-04-23 15:30:25,127 [INFO] CodeEngine:279 - Generated code: S:\RTOS_Lab\lab7\lab7\Core\Src\stm32l4xx_hal_msp.c
2025-04-23 15:30:25,225 [INFO] CodeEngine:255 - oldGeneratedFile, S:\RTOS_Lab\lab7\lab7\MXTmpFiles\system.tmp_save
2025-04-23 15:30:25,350 [INFO] CodeEngine:279 - Generated code: S:\RTOS_Lab\lab7\lab7\MXTmpFiles\system.tmp
2025-04-23 15:30:25,419 [INFO] CodeEngine:255 - oldGeneratedFile, S:\RTOS_Lab\lab7\lab7\Core\Src\stm32l4xx_hal_timebase_tim.c_save
2025-04-23 15:30:25,617 [INFO] CodeEngine:279 - Generated code: S:\RTOS_Lab\lab7\lab7\Core\Src\stm32l4xx_hal_timebase_tim.c
2025-04-23 15:30:25,843 [INFO] CodeEngine:311 - oldGeneratedFile, S:\RTOS_Lab\lab7\lab7\Core\Inc\stm32l4xx_hal_conf.h_save
2025-04-23 15:30:26,074 [INFO] CodeEngine:335 - Generated code: S:\RTOS_Lab\lab7\lab7\Core\Inc\stm32l4xx_hal_conf.h
2025-04-23 15:30:26,209 [WARN] IPConfigManager:3513 - IP not found : TIM
2025-04-23 15:30:26,210 [WARN] CodeGenerator:3951 - IP not found : null
2025-04-23 15:30:26,385 [INFO] CodeEngine:255 - oldGeneratedFile, S:\RTOS_Lab\lab7\lab7\Core\Inc\main.h_save
2025-04-23 15:30:26,563 [INFO] CodeEngine:279 - Generated code: S:\RTOS_Lab\lab7\lab7\Core\Inc\main.h
2025-04-23 15:30:26,663 [INFO] CodeEngine:255 - oldGeneratedFile, S:\RTOS_Lab\lab7\lab7\Core\Src\main.c_save
2025-04-23 15:30:26,941 [INFO] CodeEngine:279 - Generated code: S:\RTOS_Lab\lab7\lab7\Core\Src\main.c
2025-04-23 15:30:31,207 [INFO] ProjectBuilder:3163 - Time for Copy HAL[1] : 4025mS.
2025-04-23 15:30:31,224 [INFO] ProjectBuilder:4736 - Project Generator version: 4.3.0-B58
2025-04-23 15:30:31,253 [INFO] ConfigFileManager:1503 - The Die is : DIE415
2025-04-23 15:30:32,633 [INFO] ProjectBuilder:5002 - Time for Generating toolchain IDE Files: 1409mS.
2025-04-23 15:30:32,640 [INFO] ProjectBuilder:3034 - Time for Copy CMSIS : 6mS.
2025-04-23 15:30:32,651 [INFO] ProjectBuilder:3034 - Time for Copy CMSIS : 1mS.
2025-04-23 15:30:49,994 [INFO] UtilMem:75 - End SaveConfig() Used Memory: 877003304 Bytes (1073741824)
2025-04-23 15:30:53,445 [INFO] UtilMem:75 - End SaveConfig() Used Memory: 771318008 Bytes (1073741824)
2025-04-23 15:31:00,709 [INFO] UtilMem:75 - End SaveConfig() Used Memory: 794236280 Bytes (1073741824)
2025-04-23 15:31:08,674 [INFO] BlockDiagram:2759 - set Specific Code input for plugin: FREERTOS
2025-04-23 15:31:08,675 [INFO] BlockDiagram:2759 - set Specific Code input for plugin: SYS
2025-04-23 15:31:08,676 [INFO] BlockDiagram:2759 - set Specific Code input for plugin: RCC
2025-04-23 15:31:08,676 [INFO] BlockDiagram:2759 - set Specific Code input for plugin: NVIC
2025-04-23 15:31:08,677 [INFO] BlockDiagram:2759 - set Specific Code input for plugin: USART
2025-04-23 15:31:08,677 [INFO] BlockDiagram:2759 - set Specific Code input for plugin: TIM1_8L4
2025-04-23 15:31:08,678 [INFO] BlockDiagram:2759 - set Specific Code input for plugin: TIM1_8L4
2025-04-23 15:31:08,678 [INFO] BlockDiagram:2759 - set Specific Code input for plugin: GPIO
2025-04-23 15:31:08,686 [INFO] CodeGenerator:807 - code generatio: config db path: C:\ST\STM32CubeIDE_1.15.1\STM32CubeIDE\plugins\com.st.stm32cube.common.mx_6.11.1.202404110753\\db\
2025-04-23 15:31:08,838 [INFO] CodeEngine:255 - oldGeneratedFile, S:\RTOS_Lab\lab7\lab7\MXTmpFiles\license.tmp_save
2025-04-23 15:31:08,960 [INFO] CodeEngine:279 - Generated code: S:\RTOS_Lab\lab7\lab7\MXTmpFiles\license.tmp
2025-04-23 15:31:09,149 [INFO] CodeEngine:255 - oldGeneratedFile, S:\RTOS_Lab\lab7\lab7\MXTmpFiles\gpio.tmp_save
2025-04-23 15:31:09,247 [INFO] CodeEngine:279 - Generated code: S:\RTOS_Lab\lab7\lab7\MXTmpFiles\gpio.tmp
2025-04-23 15:31:09,375 [INFO] Middleware:1439 - No code input for Bsp Dependency
2025-04-23 15:31:09,477 [INFO] CodeEngine:255 - oldGeneratedFile, S:\RTOS_Lab\lab7\lab7\MXTmpFiles\rtos_inc.tmp_save
2025-04-23 15:31:09,577 [INFO] CodeEngine:279 - Generated code: S:\RTOS_Lab\lab7\lab7\MXTmpFiles\rtos_inc.tmp
2025-04-23 15:31:09,612 [INFO] CodeEngine:255 - oldGeneratedFile, S:\RTOS_Lab\lab7\lab7\MXTmpFiles\rtos_vars.tmp_save
2025-04-23 15:31:09,698 [INFO] CodeEngine:279 - Generated code: S:\RTOS_Lab\lab7\lab7\MXTmpFiles\rtos_vars.tmp
2025-04-23 15:31:09,732 [INFO] CodeEngine:255 - oldGeneratedFile, S:\RTOS_Lab\lab7\lab7\MXTmpFiles\rtos_pfp.tmp_save
2025-04-23 15:31:09,821 [INFO] CodeEngine:279 - Generated code: S:\RTOS_Lab\lab7\lab7\MXTmpFiles\rtos_pfp.tmp
2025-04-23 15:31:09,866 [INFO] CodeEngine:255 - oldGeneratedFile, S:\RTOS_Lab\lab7\lab7\MXTmpFiles\rtos_obj_creat.tmp_save
2025-04-23 15:31:09,951 [INFO] CodeEngine:279 - Generated code: S:\RTOS_Lab\lab7\lab7\MXTmpFiles\rtos_obj_creat.tmp
2025-04-23 15:31:09,982 [INFO] CodeEngine:255 - oldGeneratedFile, S:\RTOS_Lab\lab7\lab7\MXTmpFiles\rtos_kernelStart.tmp_save
2025-04-23 15:31:10,066 [INFO] CodeEngine:279 - Generated code: S:\RTOS_Lab\lab7\lab7\MXTmpFiles\rtos_kernelStart.tmp
2025-04-23 15:31:10,105 [INFO] CodeEngine:255 - oldGeneratedFile, S:\RTOS_Lab\lab7\lab7\MXTmpFiles\rtos_default_thread.tmp_save
2025-04-23 15:31:10,188 [INFO] CodeEngine:279 - Generated code: S:\RTOS_Lab\lab7\lab7\MXTmpFiles\rtos_default_thread.tmp
2025-04-23 15:31:10,224 [INFO] CodeEngine:255 - oldGeneratedFile, S:\RTOS_Lab\lab7\lab7\MXTmpFiles\rtos_threads.tmp_save
2025-04-23 15:31:10,296 [INFO] CodeEngine:279 - Generated code: S:\RTOS_Lab\lab7\lab7\MXTmpFiles\rtos_threads.tmp
2025-04-23 15:31:10,345 [INFO] Middleware:1439 - No code input for Bsp Dependency
2025-04-23 15:31:10,465 [INFO] CodeEngine:255 - oldGeneratedFile, S:\RTOS_Lab\lab7\lab7\MXTmpFiles\rtos_inc.tmp_save
2025-04-23 15:31:10,558 [INFO] CodeEngine:279 - Generated code: S:\RTOS_Lab\lab7\lab7\MXTmpFiles\rtos_inc.tmp
2025-04-23 15:31:10,609 [INFO] CodeEngine:255 - oldGeneratedFile, S:\RTOS_Lab\lab7\lab7\MXTmpFiles\rtos_vars.tmp_save
2025-04-23 15:31:10,695 [INFO] CodeEngine:279 - Generated code: S:\RTOS_Lab\lab7\lab7\MXTmpFiles\rtos_vars.tmp
2025-04-23 15:31:10,745 [INFO] CodeEngine:255 - oldGeneratedFile, S:\RTOS_Lab\lab7\lab7\MXTmpFiles\rtos_pfp.tmp_save
2025-04-23 15:31:10,833 [INFO] CodeEngine:279 - Generated code: S:\RTOS_Lab\lab7\lab7\MXTmpFiles\rtos_pfp.tmp
2025-04-23 15:31:10,908 [INFO] CodeEngine:255 - oldGeneratedFile, S:\RTOS_Lab\lab7\lab7\MXTmpFiles\rtos_obj_creat.tmp_save
2025-04-23 15:31:10,998 [INFO] CodeEngine:279 - Generated code: S:\RTOS_Lab\lab7\lab7\MXTmpFiles\rtos_obj_creat.tmp
2025-04-23 15:31:11,049 [INFO] CodeEngine:255 - oldGeneratedFile, S:\RTOS_Lab\lab7\lab7\MXTmpFiles\rtos_kernelStart.tmp_save
2025-04-23 15:31:11,136 [INFO] CodeEngine:279 - Generated code: S:\RTOS_Lab\lab7\lab7\MXTmpFiles\rtos_kernelStart.tmp
2025-04-23 15:31:11,189 [INFO] CodeEngine:255 - oldGeneratedFile, S:\RTOS_Lab\lab7\lab7\MXTmpFiles\rtos_default_thread.tmp_save
2025-04-23 15:31:11,277 [INFO] CodeEngine:279 - Generated code: S:\RTOS_Lab\lab7\lab7\MXTmpFiles\rtos_default_thread.tmp
2025-04-23 15:31:11,327 [INFO] CodeEngine:255 - oldGeneratedFile, S:\RTOS_Lab\lab7\lab7\MXTmpFiles\rtos_threads.tmp_save
2025-04-23 15:31:11,404 [INFO] CodeEngine:279 - Generated code: S:\RTOS_Lab\lab7\lab7\MXTmpFiles\rtos_threads.tmp
2025-04-23 15:31:11,484 [INFO] CodeEngine:255 - oldGeneratedFile, S:\RTOS_Lab\lab7\lab7\Core\Inc\FreeRTOSConfig.h_save
2025-04-23 15:31:11,647 [INFO] CodeEngine:279 - Generated code: S:\RTOS_Lab\lab7\lab7\Core\Inc\FreeRTOSConfig.h
2025-04-23 15:31:11,752 [INFO] CodeEngine:255 - oldGeneratedFile, S:\RTOS_Lab\lab7\lab7\Core\Src\freertos.c_save
2025-04-23 15:31:11,866 [INFO] CodeEngine:279 - Generated code: S:\RTOS_Lab\lab7\lab7\Core\Src\freertos.c
2025-04-23 15:31:12,054 [INFO] CodeEngine:255 - oldGeneratedFile, S:\RTOS_Lab\lab7\lab7\Core\Src\stm32l4xx_it.c_save
2025-04-23 15:31:12,189 [INFO] CodeEngine:279 - Generated code: S:\RTOS_Lab\lab7\lab7\Core\Src\stm32l4xx_it.c
2025-04-23 15:31:12,257 [INFO] CodeEngine:255 - oldGeneratedFile, S:\RTOS_Lab\lab7\lab7\Core\Inc\stm32l4xx_it.h_save
2025-04-23 15:31:12,370 [INFO] CodeEngine:279 - Generated code: S:\RTOS_Lab\lab7\lab7\Core\Inc\stm32l4xx_it.h
2025-04-23 15:31:12,563 [INFO] CodeEngine:255 - oldGeneratedFile, S:\RTOS_Lab\lab7\lab7\Core\Src\stm32l4xx_hal_msp.c_save
2025-04-23 15:31:12,688 [INFO] CodeEngine:279 - Generated code: S:\RTOS_Lab\lab7\lab7\Core\Src\stm32l4xx_hal_msp.c
2025-04-23 15:31:12,715 [INFO] CodeEngine:255 - oldGeneratedFile, S:\RTOS_Lab\lab7\lab7\MXTmpFiles\system.tmp_save
2025-04-23 15:31:12,799 [INFO] CodeEngine:279 - Generated code: S:\RTOS_Lab\lab7\lab7\MXTmpFiles\system.tmp
2025-04-23 15:31:12,878 [INFO] CodeEngine:255 - oldGeneratedFile, S:\RTOS_Lab\lab7\lab7\Core\Src\stm32l4xx_hal_timebase_tim.c_save
2025-04-23 15:31:13,007 [INFO] CodeEngine:279 - Generated code: S:\RTOS_Lab\lab7\lab7\Core\Src\stm32l4xx_hal_timebase_tim.c
2025-04-23 15:31:13,185 [INFO] CodeEngine:311 - oldGeneratedFile, S:\RTOS_Lab\lab7\lab7\Core\Inc\stm32l4xx_hal_conf.h_save
2025-04-23 15:31:13,365 [INFO] CodeEngine:335 - Generated code: S:\RTOS_Lab\lab7\lab7\Core\Inc\stm32l4xx_hal_conf.h
2025-04-23 15:31:13,440 [WARN] IPConfigManager:3513 - IP not found : TIM
2025-04-23 15:31:13,441 [WARN] CodeGenerator:3951 - IP not found : null
2025-04-23 15:31:13,597 [INFO] CodeEngine:255 - oldGeneratedFile, S:\RTOS_Lab\lab7\lab7\Core\Inc\main.h_save
2025-04-23 15:31:13,715 [INFO] CodeEngine:279 - Generated code: S:\RTOS_Lab\lab7\lab7\Core\Inc\main.h
2025-04-23 15:31:13,798 [INFO] CodeEngine:255 - oldGeneratedFile, S:\RTOS_Lab\lab7\lab7\Core\Src\main.c_save
2025-04-23 15:31:14,022 [INFO] CodeEngine:279 - Generated code: S:\RTOS_Lab\lab7\lab7\Core\Src\main.c
2025-04-23 15:31:17,952 [INFO] ProjectBuilder:3163 - Time for Copy HAL[1] : 3741mS.
2025-04-23 15:31:17,961 [INFO] ProjectBuilder:4736 - Project Generator version: 4.3.0-B58
2025-04-23 15:31:18,004 [INFO] ConfigFileManager:1503 - The Die is : DIE415
2025-04-23 15:31:19,195 [INFO] ProjectBuilder:5002 - Time for Generating toolchain IDE Files: 1234mS.
2025-04-23 15:31:19,202 [INFO] ProjectBuilder:3034 - Time for Copy CMSIS : 6mS.
2025-04-23 15:31:19,217 [INFO] ProjectBuilder:3034 - Time for Copy CMSIS : 1mS.
2025-04-23 15:31:19,442 [INFO] UtilMem:75 - End SaveConfig() Used Memory: 757169672 Bytes (1073741824)
2025-04-23 15:31:24,356 [INFO] BlockDiagram:2759 - set Specific Code input for plugin: FREERTOS
2025-04-23 15:31:24,357 [INFO] BlockDiagram:2759 - set Specific Code input for plugin: SYS
2025-04-23 15:31:24,357 [INFO] BlockDiagram:2759 - set Specific Code input for plugin: RCC
2025-04-23 15:31:24,358 [INFO] BlockDiagram:2759 - set Specific Code input for plugin: NVIC
2025-04-23 15:31:24,358 [INFO] BlockDiagram:2759 - set Specific Code input for plugin: USART
2025-04-23 15:31:24,358 [INFO] BlockDiagram:2759 - set Specific Code input for plugin: TIM1_8L4
2025-04-23 15:31:24,359 [INFO] BlockDiagram:2759 - set Specific Code input for plugin: TIM1_8L4
2025-04-23 15:31:24,360 [INFO] BlockDiagram:2759 - set Specific Code input for plugin: GPIO
2025-04-23 15:31:24,367 [INFO] CodeGenerator:807 - code generatio: config db path: C:\ST\STM32CubeIDE_1.15.1\STM32CubeIDE\plugins\com.st.stm32cube.common.mx_6.11.1.202404110753\\db\
2025-04-23 15:31:24,500 [INFO] CodeEngine:255 - oldGeneratedFile, S:\RTOS_Lab\lab7\lab7\MXTmpFiles\license.tmp_save
2025-04-23 15:31:24,598 [INFO] CodeEngine:279 - Generated code: S:\RTOS_Lab\lab7\lab7\MXTmpFiles\license.tmp
2025-04-23 15:31:24,761 [INFO] CodeEngine:255 - oldGeneratedFile, S:\RTOS_Lab\lab7\lab7\MXTmpFiles\gpio.tmp_save
2025-04-23 15:31:24,852 [INFO] CodeEngine:279 - Generated code: S:\RTOS_Lab\lab7\lab7\MXTmpFiles\gpio.tmp
2025-04-23 15:31:24,970 [INFO] Middleware:1439 - No code input for Bsp Dependency
2025-04-23 15:31:25,071 [INFO] CodeEngine:255 - oldGeneratedFile, S:\RTOS_Lab\lab7\lab7\MXTmpFiles\rtos_inc.tmp_save
2025-04-23 15:31:25,175 [INFO] CodeEngine:279 - Generated code: S:\RTOS_Lab\lab7\lab7\MXTmpFiles\rtos_inc.tmp
2025-04-23 15:31:25,209 [INFO] CodeEngine:255 - oldGeneratedFile, S:\RTOS_Lab\lab7\lab7\MXTmpFiles\rtos_vars.tmp_save
2025-04-23 15:31:25,287 [INFO] CodeEngine:279 - Generated code: S:\RTOS_Lab\lab7\lab7\MXTmpFiles\rtos_vars.tmp
2025-04-23 15:31:25,318 [INFO] CodeEngine:255 - oldGeneratedFile, S:\RTOS_Lab\lab7\lab7\MXTmpFiles\rtos_pfp.tmp_save
2025-04-23 15:31:25,400 [INFO] CodeEngine:279 - Generated code: S:\RTOS_Lab\lab7\lab7\MXTmpFiles\rtos_pfp.tmp
2025-04-23 15:31:25,444 [INFO] CodeEngine:255 - oldGeneratedFile, S:\RTOS_Lab\lab7\lab7\MXTmpFiles\rtos_obj_creat.tmp_save
2025-04-23 15:31:25,531 [INFO] CodeEngine:279 - Generated code: S:\RTOS_Lab\lab7\lab7\MXTmpFiles\rtos_obj_creat.tmp
2025-04-23 15:31:25,565 [INFO] CodeEngine:255 - oldGeneratedFile, S:\RTOS_Lab\lab7\lab7\MXTmpFiles\rtos_kernelStart.tmp_save
2025-04-23 15:31:25,644 [INFO] CodeEngine:279 - Generated code: S:\RTOS_Lab\lab7\lab7\MXTmpFiles\rtos_kernelStart.tmp
2025-04-23 15:31:25,672 [INFO] CodeEngine:255 - oldGeneratedFile, S:\RTOS_Lab\lab7\lab7\MXTmpFiles\rtos_default_thread.tmp_save
2025-04-23 15:31:25,744 [INFO] CodeEngine:279 - Generated code: S:\RTOS_Lab\lab7\lab7\MXTmpFiles\rtos_default_thread.tmp
2025-04-23 15:31:25,775 [INFO] CodeEngine:255 - oldGeneratedFile, S:\RTOS_Lab\lab7\lab7\MXTmpFiles\rtos_threads.tmp_save
2025-04-23 15:31:25,840 [INFO] CodeEngine:279 - Generated code: S:\RTOS_Lab\lab7\lab7\MXTmpFiles\rtos_threads.tmp
2025-04-23 15:31:25,871 [INFO] Middleware:1439 - No code input for Bsp Dependency
2025-04-23 15:31:25,984 [INFO] CodeEngine:255 - oldGeneratedFile, S:\RTOS_Lab\lab7\lab7\MXTmpFiles\rtos_inc.tmp_save
2025-04-23 15:31:26,069 [INFO] CodeEngine:279 - Generated code: S:\RTOS_Lab\lab7\lab7\MXTmpFiles\rtos_inc.tmp
2025-04-23 15:31:26,118 [INFO] CodeEngine:255 - oldGeneratedFile, S:\RTOS_Lab\lab7\lab7\MXTmpFiles\rtos_vars.tmp_save
2025-04-23 15:31:26,203 [INFO] CodeEngine:279 - Generated code: S:\RTOS_Lab\lab7\lab7\MXTmpFiles\rtos_vars.tmp
2025-04-23 15:31:26,250 [INFO] CodeEngine:255 - oldGeneratedFile, S:\RTOS_Lab\lab7\lab7\MXTmpFiles\rtos_pfp.tmp_save
2025-04-23 15:31:26,333 [INFO] CodeEngine:279 - Generated code: S:\RTOS_Lab\lab7\lab7\MXTmpFiles\rtos_pfp.tmp
2025-04-23 15:31:26,404 [INFO] CodeEngine:255 - oldGeneratedFile, S:\RTOS_Lab\lab7\lab7\MXTmpFiles\rtos_obj_creat.tmp_save
2025-04-23 15:31:26,488 [INFO] CodeEngine:279 - Generated code: S:\RTOS_Lab\lab7\lab7\MXTmpFiles\rtos_obj_creat.tmp
2025-04-23 15:31:26,536 [INFO] CodeEngine:255 - oldGeneratedFile, S:\RTOS_Lab\lab7\lab7\MXTmpFiles\rtos_kernelStart.tmp_save
2025-04-23 15:31:26,627 [INFO] CodeEngine:279 - Generated code: S:\RTOS_Lab\lab7\lab7\MXTmpFiles\rtos_kernelStart.tmp
2025-04-23 15:31:26,677 [INFO] CodeEngine:255 - oldGeneratedFile, S:\RTOS_Lab\lab7\lab7\MXTmpFiles\rtos_default_thread.tmp_save
2025-04-23 15:31:26,777 [INFO] CodeEngine:279 - Generated code: S:\RTOS_Lab\lab7\lab7\MXTmpFiles\rtos_default_thread.tmp
2025-04-23 15:31:26,822 [INFO] CodeEngine:255 - oldGeneratedFile, S:\RTOS_Lab\lab7\lab7\MXTmpFiles\rtos_threads.tmp_save
2025-04-23 15:31:26,892 [INFO] CodeEngine:279 - Generated code: S:\RTOS_Lab\lab7\lab7\MXTmpFiles\rtos_threads.tmp
2025-04-23 15:31:26,971 [INFO] CodeEngine:255 - oldGeneratedFile, S:\RTOS_Lab\lab7\lab7\Core\Inc\FreeRTOSConfig.h_save
2025-04-23 15:31:27,077 [INFO] CodeEngine:279 - Generated code: S:\RTOS_Lab\lab7\lab7\Core\Inc\FreeRTOSConfig.h
2025-04-23 15:31:27,145 [INFO] CodeEngine:255 - oldGeneratedFile, S:\RTOS_Lab\lab7\lab7\Core\Src\freertos.c_save
2025-04-23 15:31:27,249 [INFO] CodeEngine:279 - Generated code: S:\RTOS_Lab\lab7\lab7\Core\Src\freertos.c
2025-04-23 15:31:27,422 [INFO] CodeEngine:255 - oldGeneratedFile, S:\RTOS_Lab\lab7\lab7\Core\Src\stm32l4xx_it.c_save
2025-04-23 15:31:27,528 [INFO] CodeEngine:279 - Generated code: S:\RTOS_Lab\lab7\lab7\Core\Src\stm32l4xx_it.c
2025-04-23 15:31:27,573 [INFO] CodeEngine:255 - oldGeneratedFile, S:\RTOS_Lab\lab7\lab7\Core\Inc\stm32l4xx_it.h_save
2025-04-23 15:31:27,671 [INFO] CodeEngine:279 - Generated code: S:\RTOS_Lab\lab7\lab7\Core\Inc\stm32l4xx_it.h
2025-04-23 15:31:27,842 [INFO] CodeEngine:255 - oldGeneratedFile, S:\RTOS_Lab\lab7\lab7\Core\Src\stm32l4xx_hal_msp.c_save
2025-04-23 15:31:27,955 [INFO] CodeEngine:279 - Generated code: S:\RTOS_Lab\lab7\lab7\Core\Src\stm32l4xx_hal_msp.c
2025-04-23 15:31:27,980 [INFO] CodeEngine:255 - oldGeneratedFile, S:\RTOS_Lab\lab7\lab7\MXTmpFiles\system.tmp_save
2025-04-23 15:31:28,056 [INFO] CodeEngine:279 - Generated code: S:\RTOS_Lab\lab7\lab7\MXTmpFiles\system.tmp
2025-04-23 15:31:28,128 [INFO] CodeEngine:255 - oldGeneratedFile, S:\RTOS_Lab\lab7\lab7\Core\Src\stm32l4xx_hal_timebase_tim.c_save
2025-04-23 15:31:28,229 [INFO] CodeEngine:279 - Generated code: S:\RTOS_Lab\lab7\lab7\Core\Src\stm32l4xx_hal_timebase_tim.c
2025-04-23 15:31:28,399 [INFO] CodeEngine:311 - oldGeneratedFile, S:\RTOS_Lab\lab7\lab7\Core\Inc\stm32l4xx_hal_conf.h_save
2025-04-23 15:31:28,559 [INFO] CodeEngine:335 - Generated code: S:\RTOS_Lab\lab7\lab7\Core\Inc\stm32l4xx_hal_conf.h
2025-04-23 15:31:28,633 [WARN] IPConfigManager:3513 - IP not found : TIM
2025-04-23 15:31:28,634 [WARN] CodeGenerator:3951 - IP not found : null
2025-04-23 15:31:28,788 [INFO] CodeEngine:255 - oldGeneratedFile, S:\RTOS_Lab\lab7\lab7\Core\Inc\main.h_save
2025-04-23 15:31:28,897 [INFO] CodeEngine:279 - Generated code: S:\RTOS_Lab\lab7\lab7\Core\Inc\main.h
2025-04-23 15:31:28,985 [INFO] CodeEngine:255 - oldGeneratedFile, S:\RTOS_Lab\lab7\lab7\Core\Src\main.c_save
2025-04-23 15:31:29,208 [INFO] CodeEngine:279 - Generated code: S:\RTOS_Lab\lab7\lab7\Core\Src\main.c
2025-04-23 15:31:33,165 [INFO] ProjectBuilder:3163 - Time for Copy HAL[1] : 3761mS.
2025-04-23 15:31:33,173 [INFO] ProjectBuilder:4736 - Project Generator version: 4.3.0-B58
2025-04-23 15:31:33,202 [INFO] ConfigFileManager:1503 - The Die is : DIE415
2025-04-23 15:31:34,410 [INFO] ProjectBuilder:5002 - Time for Generating toolchain IDE Files: 1237mS.
2025-04-23 15:31:34,416 [INFO] ProjectBuilder:3034 - Time for Copy CMSIS : 5mS.
2025-04-23 15:31:34,423 [INFO] ProjectBuilder:3034 - Time for Copy CMSIS : 2mS.
2025-04-23 15:34:25,740 [INFO] UtilMem:75 - End SaveConfig() Used Memory: 757709640 Bytes (1073741824)
2025-04-23 15:34:31,870 [INFO] UtilMem:75 - End SaveConfig() Used Memory: 793860896 Bytes (1073741824)
2025-04-23 15:34:35,700 [INFO] UtilMem:75 - End SaveConfig() Used Memory: 833729352 Bytes (1073741824)
2025-04-23 15:35:01,040 [INFO] BlockDiagram:2759 - set Specific Code input for plugin: FREERTOS
2025-04-23 15:35:01,041 [INFO] BlockDiagram:2759 - set Specific Code input for plugin: SYS
2025-04-23 15:35:01,041 [INFO] BlockDiagram:2759 - set Specific Code input for plugin: RCC
2025-04-23 15:35:01,042 [INFO] BlockDiagram:2759 - set Specific Code input for plugin: NVIC
2025-04-23 15:35:01,042 [INFO] BlockDiagram:2759 - set Specific Code input for plugin: USART
2025-04-23 15:35:01,043 [INFO] BlockDiagram:2759 - set Specific Code input for plugin: TIM1_8L4
2025-04-23 15:35:01,043 [INFO] BlockDiagram:2759 - set Specific Code input for plugin: TIM1_8L4
2025-04-23 15:35:01,044 [INFO] BlockDiagram:2759 - set Specific Code input for plugin: GPIO
2025-04-23 15:35:01,051 [INFO] CodeGenerator:807 - code generatio: config db path: C:\ST\STM32CubeIDE_1.15.1\STM32CubeIDE\plugins\com.st.stm32cube.common.mx_6.11.1.202404110753\\db\
2025-04-23 15:35:01,200 [INFO] CodeEngine:255 - oldGeneratedFile, S:\RTOS_Lab\lab7\lab7\MXTmpFiles\license.tmp_save
2025-04-23 15:35:01,336 [INFO] CodeEngine:279 - Generated code: S:\RTOS_Lab\lab7\lab7\MXTmpFiles\license.tmp
2025-04-23 15:35:01,526 [INFO] CodeEngine:255 - oldGeneratedFile, S:\RTOS_Lab\lab7\lab7\MXTmpFiles\gpio.tmp_save
2025-04-23 15:35:01,628 [INFO] CodeEngine:279 - Generated code: S:\RTOS_Lab\lab7\lab7\MXTmpFiles\gpio.tmp
2025-04-23 15:35:01,741 [INFO] Middleware:1439 - No code input for Bsp Dependency
2025-04-23 15:35:01,857 [INFO] CodeEngine:255 - oldGeneratedFile, S:\RTOS_Lab\lab7\lab7\MXTmpFiles\rtos_inc.tmp_save
2025-04-23 15:35:01,953 [INFO] CodeEngine:279 - Generated code: S:\RTOS_Lab\lab7\lab7\MXTmpFiles\rtos_inc.tmp
2025-04-23 15:35:01,992 [INFO] CodeEngine:255 - oldGeneratedFile, S:\RTOS_Lab\lab7\lab7\MXTmpFiles\rtos_vars.tmp_save
2025-04-23 15:35:02,105 [INFO] CodeEngine:279 - Generated code: S:\RTOS_Lab\lab7\lab7\MXTmpFiles\rtos_vars.tmp
2025-04-23 15:35:02,145 [INFO] CodeEngine:255 - oldGeneratedFile, S:\RTOS_Lab\lab7\lab7\MXTmpFiles\rtos_pfp.tmp_save
2025-04-23 15:35:02,241 [INFO] CodeEngine:279 - Generated code: S:\RTOS_Lab\lab7\lab7\MXTmpFiles\rtos_pfp.tmp
2025-04-23 15:35:02,305 [INFO] CodeEngine:255 - oldGeneratedFile, S:\RTOS_Lab\lab7\lab7\MXTmpFiles\rtos_obj_creat.tmp_save
2025-04-23 15:35:02,417 [INFO] CodeEngine:279 - Generated code: S:\RTOS_Lab\lab7\lab7\MXTmpFiles\rtos_obj_creat.tmp
2025-04-23 15:35:02,475 [INFO] CodeEngine:255 - oldGeneratedFile, S:\RTOS_Lab\lab7\lab7\MXTmpFiles\rtos_kernelStart.tmp_save
2025-04-23 15:35:02,580 [INFO] CodeEngine:279 - Generated code: S:\RTOS_Lab\lab7\lab7\MXTmpFiles\rtos_kernelStart.tmp
2025-04-23 15:35:02,634 [INFO] CodeEngine:255 - oldGeneratedFile, S:\RTOS_Lab\lab7\lab7\MXTmpFiles\rtos_default_thread.tmp_save
2025-04-23 15:35:02,732 [INFO] CodeEngine:279 - Generated code: S:\RTOS_Lab\lab7\lab7\MXTmpFiles\rtos_default_thread.tmp
2025-04-23 15:35:02,771 [INFO] CodeEngine:255 - oldGeneratedFile, S:\RTOS_Lab\lab7\lab7\MXTmpFiles\rtos_threads.tmp_save
2025-04-23 15:35:02,861 [INFO] CodeEngine:279 - Generated code: S:\RTOS_Lab\lab7\lab7\MXTmpFiles\rtos_threads.tmp
2025-04-23 15:35:02,904 [INFO] Middleware:1439 - No code input for Bsp Dependency
2025-04-23 15:35:03,049 [INFO] CodeEngine:255 - oldGeneratedFile, S:\RTOS_Lab\lab7\lab7\MXTmpFiles\rtos_inc.tmp_save
2025-04-23 15:35:03,144 [INFO] CodeEngine:279 - Generated code: S:\RTOS_Lab\lab7\lab7\MXTmpFiles\rtos_inc.tmp
2025-04-23 15:35:03,200 [INFO] CodeEngine:255 - oldGeneratedFile, S:\RTOS_Lab\lab7\lab7\MXTmpFiles\rtos_vars.tmp_save
2025-04-23 15:35:03,296 [INFO] CodeEngine:279 - Generated code: S:\RTOS_Lab\lab7\lab7\MXTmpFiles\rtos_vars.tmp
2025-04-23 15:35:03,355 [INFO] CodeEngine:255 - oldGeneratedFile, S:\RTOS_Lab\lab7\lab7\MXTmpFiles\rtos_pfp.tmp_save
2025-04-23 15:35:03,449 [INFO] CodeEngine:279 - Generated code: S:\RTOS_Lab\lab7\lab7\MXTmpFiles\rtos_pfp.tmp
2025-04-23 15:35:03,539 [INFO] CodeEngine:255 - oldGeneratedFile, S:\RTOS_Lab\lab7\lab7\MXTmpFiles\rtos_obj_creat.tmp_save
2025-04-23 15:35:03,640 [INFO] CodeEngine:279 - Generated code: S:\RTOS_Lab\lab7\lab7\MXTmpFiles\rtos_obj_creat.tmp
2025-04-23 15:35:03,708 [INFO] CodeEngine:255 - oldGeneratedFile, S:\RTOS_Lab\lab7\lab7\MXTmpFiles\rtos_kernelStart.tmp_save
2025-04-23 15:35:03,806 [INFO] CodeEngine:279 - Generated code: S:\RTOS_Lab\lab7\lab7\MXTmpFiles\rtos_kernelStart.tmp
2025-04-23 15:35:03,862 [INFO] CodeEngine:255 - oldGeneratedFile, S:\RTOS_Lab\lab7\lab7\MXTmpFiles\rtos_default_thread.tmp_save
2025-04-23 15:35:03,958 [INFO] CodeEngine:279 - Generated code: S:\RTOS_Lab\lab7\lab7\MXTmpFiles\rtos_default_thread.tmp
2025-04-23 15:35:04,016 [INFO] CodeEngine:255 - oldGeneratedFile, S:\RTOS_Lab\lab7\lab7\MXTmpFiles\rtos_threads.tmp_save
2025-04-23 15:35:04,106 [INFO] CodeEngine:279 - Generated code: S:\RTOS_Lab\lab7\lab7\MXTmpFiles\rtos_threads.tmp
2025-04-23 15:35:04,194 [INFO] CodeEngine:255 - oldGeneratedFile, S:\RTOS_Lab\lab7\lab7\Core\Inc\FreeRTOSConfig.h_save
2025-04-23 15:35:04,383 [INFO] CodeEngine:279 - Generated code: S:\RTOS_Lab\lab7\lab7\Core\Inc\FreeRTOSConfig.h
2025-04-23 15:35:04,505 [INFO] CodeEngine:255 - oldGeneratedFile, S:\RTOS_Lab\lab7\lab7\Core\Src\freertos.c_save
2025-04-23 15:35:04,649 [INFO] CodeEngine:279 - Generated code: S:\RTOS_Lab\lab7\lab7\Core\Src\freertos.c
2025-04-23 15:35:04,881 [INFO] CodeEngine:255 - oldGeneratedFile, S:\RTOS_Lab\lab7\lab7\Core\Src\stm32l4xx_it.c_save
2025-04-23 15:35:05,072 [INFO] CodeEngine:279 - Generated code: S:\RTOS_Lab\lab7\lab7\Core\Src\stm32l4xx_it.c
2025-04-23 15:35:05,147 [INFO] CodeEngine:255 - oldGeneratedFile, S:\RTOS_Lab\lab7\lab7\Core\Inc\stm32l4xx_it.h_save
2025-04-23 15:35:05,303 [INFO] CodeEngine:279 - Generated code: S:\RTOS_Lab\lab7\lab7\Core\Inc\stm32l4xx_it.h
2025-04-23 15:35:05,536 [INFO] CodeEngine:255 - oldGeneratedFile, S:\RTOS_Lab\lab7\lab7\Core\Src\stm32l4xx_hal_msp.c_save
2025-04-23 15:35:05,692 [INFO] CodeEngine:279 - Generated code: S:\RTOS_Lab\lab7\lab7\Core\Src\stm32l4xx_hal_msp.c
2025-04-23 15:35:05,729 [INFO] CodeEngine:255 - oldGeneratedFile, S:\RTOS_Lab\lab7\lab7\MXTmpFiles\system.tmp_save
2025-04-23 15:35:05,821 [INFO] CodeEngine:279 - Generated code: S:\RTOS_Lab\lab7\lab7\MXTmpFiles\system.tmp
2025-04-23 15:35:06,022 [INFO] CodeEngine:311 - oldGeneratedFile, S:\RTOS_Lab\lab7\lab7\Core\Inc\stm32l4xx_hal_conf.h_save
2025-04-23 15:35:06,247 [INFO] CodeEngine:335 - Generated code: S:\RTOS_Lab\lab7\lab7\Core\Inc\stm32l4xx_hal_conf.h
2025-04-23 15:35:06,331 [WARN] IPConfigManager:3513 - IP not found : TIM
2025-04-23 15:35:06,332 [WARN] CodeGenerator:3951 - IP not found : null
2025-04-23 15:35:06,486 [INFO] CodeEngine:255 - oldGeneratedFile, S:\RTOS_Lab\lab7\lab7\Core\Inc\main.h_save
2025-04-23 15:35:06,620 [INFO] CodeEngine:279 - Generated code: S:\RTOS_Lab\lab7\lab7\Core\Inc\main.h
2025-04-23 15:35:06,702 [INFO] CodeEngine:255 - oldGeneratedFile, S:\RTOS_Lab\lab7\lab7\Core\Src\main.c_save
2025-04-23 15:35:06,987 [INFO] CodeEngine:279 - Generated code: S:\RTOS_Lab\lab7\lab7\Core\Src\main.c
2025-04-23 15:35:11,419 [INFO] ProjectBuilder:3163 - Time for Copy HAL[1] : 4186mS.
2025-04-23 15:35:11,430 [INFO] ProjectBuilder:4736 - Project Generator version: 4.3.0-B58
2025-04-23 15:35:11,459 [INFO] ConfigFileManager:1503 - The Die is : DIE415
2025-04-23 15:35:12,896 [INFO] ProjectBuilder:5002 - Time for Generating toolchain IDE Files: 1466mS.
2025-04-23 15:35:12,902 [INFO] ProjectBuilder:3034 - Time for Copy CMSIS : 6mS.
2025-04-23 15:35:12,915 [INFO] ProjectBuilder:3034 - Time for Copy CMSIS : 1mS.
2025-04-23 15:37:12,806 [ERROR] RtosPanel:558 - Can not restore the selected Tab for FREERTOS(A reason can be that the tab is no more available.)
2025-04-23 15:38:25,621 [INFO] UtilMem:75 - End SaveConfig() Used Memory: 751467112 Bytes (1073741824)
2025-04-23 15:38:29,574 [INFO] UtilMem:75 - End SaveConfig() Used Memory: 785021544 Bytes (1073741824)
2025-04-23 15:38:37,132 [INFO] UtilMem:75 - End SaveConfig() Used Memory: 808612456 Bytes (1073741824)
2025-04-23 15:38:44,941 [INFO] BlockDiagram:2759 - set Specific Code input for plugin: FREERTOS
2025-04-23 15:38:44,942 [INFO] BlockDiagram:2759 - set Specific Code input for plugin: SYS
2025-04-23 15:38:44,942 [INFO] BlockDiagram:2759 - set Specific Code input for plugin: RCC
2025-04-23 15:38:44,943 [INFO] BlockDiagram:2759 - set Specific Code input for plugin: NVIC
2025-04-23 15:38:44,943 [INFO] BlockDiagram:2759 - set Specific Code input for plugin: USART
2025-04-23 15:38:44,944 [INFO] BlockDiagram:2759 - set Specific Code input for plugin: TIM1_8L4
2025-04-23 15:38:44,944 [INFO] BlockDiagram:2759 - set Specific Code input for plugin: TIM1_8L4
2025-04-23 15:38:44,945 [INFO] BlockDiagram:2759 - set Specific Code input for plugin: GPIO
2025-04-23 15:38:44,954 [INFO] CodeGenerator:807 - code generatio: config db path: C:\ST\STM32CubeIDE_1.15.1\STM32CubeIDE\plugins\com.st.stm32cube.common.mx_6.11.1.202404110753\\db\
2025-04-23 15:38:45,100 [INFO] CodeEngine:255 - oldGeneratedFile, S:\RTOS_Lab\lab7\lab7\MXTmpFiles\license.tmp_save
2025-04-23 15:38:45,205 [INFO] CodeEngine:279 - Generated code: S:\RTOS_Lab\lab7\lab7\MXTmpFiles\license.tmp
2025-04-23 15:38:45,359 [INFO] CodeEngine:255 - oldGeneratedFile, S:\RTOS_Lab\lab7\lab7\MXTmpFiles\gpio.tmp_save
2025-04-23 15:38:45,475 [INFO] CodeEngine:279 - Generated code: S:\RTOS_Lab\lab7\lab7\MXTmpFiles\gpio.tmp
2025-04-23 15:38:45,595 [INFO] Middleware:1439 - No code input for Bsp Dependency
2025-04-23 15:38:45,697 [INFO] CodeEngine:255 - oldGeneratedFile, S:\RTOS_Lab\lab7\lab7\MXTmpFiles\rtos_inc.tmp_save
2025-04-23 15:38:45,803 [INFO] CodeEngine:279 - Generated code: S:\RTOS_Lab\lab7\lab7\MXTmpFiles\rtos_inc.tmp
2025-04-23 15:38:45,853 [INFO] CodeEngine:255 - oldGeneratedFile, S:\RTOS_Lab\lab7\lab7\MXTmpFiles\rtos_vars.tmp_save
2025-04-23 15:38:45,940 [INFO] CodeEngine:279 - Generated code: S:\RTOS_Lab\lab7\lab7\MXTmpFiles\rtos_vars.tmp
2025-04-23 15:38:45,975 [INFO] CodeEngine:255 - oldGeneratedFile, S:\RTOS_Lab\lab7\lab7\MXTmpFiles\rtos_pfp.tmp_save
2025-04-23 15:38:46,057 [INFO] CodeEngine:279 - Generated code: S:\RTOS_Lab\lab7\lab7\MXTmpFiles\rtos_pfp.tmp
2025-04-23 15:38:46,106 [INFO] CodeEngine:255 - oldGeneratedFile, S:\RTOS_Lab\lab7\lab7\MXTmpFiles\rtos_obj_creat.tmp_save
2025-04-23 15:38:46,191 [INFO] CodeEngine:279 - Generated code: S:\RTOS_Lab\lab7\lab7\MXTmpFiles\rtos_obj_creat.tmp
2025-04-23 15:38:46,242 [INFO] CodeEngine:255 - oldGeneratedFile, S:\RTOS_Lab\lab7\lab7\MXTmpFiles\rtos_kernelStart.tmp_save
2025-04-23 15:38:46,328 [INFO] CodeEngine:279 - Generated code: S:\RTOS_Lab\lab7\lab7\MXTmpFiles\rtos_kernelStart.tmp
2025-04-23 15:38:46,360 [INFO] CodeEngine:255 - oldGeneratedFile, S:\RTOS_Lab\lab7\lab7\MXTmpFiles\rtos_default_thread.tmp_save
2025-04-23 15:38:46,455 [INFO] CodeEngine:279 - Generated code: S:\RTOS_Lab\lab7\lab7\MXTmpFiles\rtos_default_thread.tmp
2025-04-23 15:38:46,502 [INFO] CodeEngine:255 - oldGeneratedFile, S:\RTOS_Lab\lab7\lab7\MXTmpFiles\rtos_threads.tmp_save
2025-04-23 15:38:46,574 [INFO] CodeEngine:279 - Generated code: S:\RTOS_Lab\lab7\lab7\MXTmpFiles\rtos_threads.tmp
2025-04-23 15:38:46,609 [INFO] Middleware:1439 - No code input for Bsp Dependency
2025-04-23 15:38:46,743 [INFO] CodeEngine:255 - oldGeneratedFile, S:\RTOS_Lab\lab7\lab7\MXTmpFiles\rtos_inc.tmp_save
2025-04-23 15:38:46,839 [INFO] CodeEngine:279 - Generated code: S:\RTOS_Lab\lab7\lab7\MXTmpFiles\rtos_inc.tmp
2025-04-23 15:38:46,881 [INFO] CodeEngine:255 - oldGeneratedFile, S:\RTOS_Lab\lab7\lab7\MXTmpFiles\rtos_vars.tmp_save
2025-04-23 15:38:46,968 [INFO] CodeEngine:279 - Generated code: S:\RTOS_Lab\lab7\lab7\MXTmpFiles\rtos_vars.tmp
2025-04-23 15:38:47,029 [INFO] CodeEngine:255 - oldGeneratedFile, S:\RTOS_Lab\lab7\lab7\MXTmpFiles\rtos_pfp.tmp_save
2025-04-23 15:38:47,115 [INFO] CodeEngine:279 - Generated code: S:\RTOS_Lab\lab7\lab7\MXTmpFiles\rtos_pfp.tmp
2025-04-23 15:38:47,201 [INFO] CodeEngine:255 - oldGeneratedFile, S:\RTOS_Lab\lab7\lab7\MXTmpFiles\rtos_obj_creat.tmp_save
2025-04-23 15:38:47,286 [INFO] CodeEngine:279 - Generated code: S:\RTOS_Lab\lab7\lab7\MXTmpFiles\rtos_obj_creat.tmp
2025-04-23 15:38:47,341 [INFO] CodeEngine:255 - oldGeneratedFile, S:\RTOS_Lab\lab7\lab7\MXTmpFiles\rtos_kernelStart.tmp_save
2025-04-23 15:38:47,434 [INFO] CodeEngine:279 - Generated code: S:\RTOS_Lab\lab7\lab7\MXTmpFiles\rtos_kernelStart.tmp
2025-04-23 15:38:47,489 [INFO] CodeEngine:255 - oldGeneratedFile, S:\RTOS_Lab\lab7\lab7\MXTmpFiles\rtos_default_thread.tmp_save
2025-04-23 15:38:47,584 [INFO] CodeEngine:279 - Generated code: S:\RTOS_Lab\lab7\lab7\MXTmpFiles\rtos_default_thread.tmp
2025-04-23 15:38:47,637 [INFO] CodeEngine:255 - oldGeneratedFile, S:\RTOS_Lab\lab7\lab7\MXTmpFiles\rtos_threads.tmp_save
2025-04-23 15:38:47,714 [INFO] CodeEngine:279 - Generated code: S:\RTOS_Lab\lab7\lab7\MXTmpFiles\rtos_threads.tmp
2025-04-23 15:38:47,799 [INFO] CodeEngine:255 - oldGeneratedFile, S:\RTOS_Lab\lab7\lab7\Core\Inc\FreeRTOSConfig.h_save
2025-04-23 15:38:47,932 [INFO] CodeEngine:279 - Generated code: S:\RTOS_Lab\lab7\lab7\Core\Inc\FreeRTOSConfig.h
2025-04-23 15:38:48,026 [INFO] CodeEngine:255 - oldGeneratedFile, S:\RTOS_Lab\lab7\lab7\Core\Src\freertos.c_save
2025-04-23 15:38:48,140 [INFO] CodeEngine:279 - Generated code: S:\RTOS_Lab\lab7\lab7\Core\Src\freertos.c
2025-04-23 15:38:48,349 [INFO] CodeEngine:255 - oldGeneratedFile, S:\RTOS_Lab\lab7\lab7\Core\Src\stm32l4xx_it.c_save
2025-04-23 15:38:48,495 [INFO] CodeEngine:279 - Generated code: S:\RTOS_Lab\lab7\lab7\Core\Src\stm32l4xx_it.c
2025-04-23 15:38:48,568 [INFO] CodeEngine:255 - oldGeneratedFile, S:\RTOS_Lab\lab7\lab7\Core\Inc\stm32l4xx_it.h_save
2025-04-23 15:38:48,696 [INFO] CodeEngine:279 - Generated code: S:\RTOS_Lab\lab7\lab7\Core\Inc\stm32l4xx_it.h
2025-04-23 15:38:48,944 [INFO] CodeEngine:255 - oldGeneratedFile, S:\RTOS_Lab\lab7\lab7\Core\Src\stm32l4xx_hal_msp.c_save
2025-04-23 15:38:49,078 [INFO] CodeEngine:279 - Generated code: S:\RTOS_Lab\lab7\lab7\Core\Src\stm32l4xx_hal_msp.c
2025-04-23 15:38:49,105 [INFO] CodeEngine:255 - oldGeneratedFile, S:\RTOS_Lab\lab7\lab7\MXTmpFiles\system.tmp_save
2025-04-23 15:38:49,183 [INFO] CodeEngine:279 - Generated code: S:\RTOS_Lab\lab7\lab7\MXTmpFiles\system.tmp
2025-04-23 15:38:49,234 [INFO] CodeEngine:255 - oldGeneratedFile, S:\RTOS_Lab\lab7\lab7\Core\Src\stm32l4xx_hal_timebase_tim.c_save
2025-04-23 15:38:49,359 [INFO] CodeEngine:279 - Generated code: S:\RTOS_Lab\lab7\lab7\Core\Src\stm32l4xx_hal_timebase_tim.c
2025-04-23 15:38:49,540 [INFO] CodeEngine:311 - oldGeneratedFile, S:\RTOS_Lab\lab7\lab7\Core\Inc\stm32l4xx_hal_conf.h_save
2025-04-23 15:38:49,726 [INFO] CodeEngine:335 - Generated code: S:\RTOS_Lab\lab7\lab7\Core\Inc\stm32l4xx_hal_conf.h
2025-04-23 15:38:49,816 [WARN] IPConfigManager:3513 - IP not found : TIM
2025-04-23 15:38:49,817 [WARN] CodeGenerator:3951 - IP not found : null
2025-04-23 15:38:50,023 [INFO] CodeEngine:255 - oldGeneratedFile, S:\RTOS_Lab\lab7\lab7\Core\Inc\main.h_save
2025-04-23 15:38:50,178 [INFO] CodeEngine:279 - Generated code: S:\RTOS_Lab\lab7\lab7\Core\Inc\main.h
2025-04-23 15:38:50,278 [INFO] CodeEngine:255 - oldGeneratedFile, S:\RTOS_Lab\lab7\lab7\Core\Src\main.c_save
2025-04-23 15:38:50,504 [INFO] CodeEngine:279 - Generated code: S:\RTOS_Lab\lab7\lab7\Core\Src\main.c
2025-04-23 15:38:54,972 [INFO] ProjectBuilder:3163 - Time for Copy HAL[1] : 4249mS.
2025-04-23 15:38:54,984 [INFO] ProjectBuilder:4736 - Project Generator version: 4.3.0-B58
2025-04-23 15:38:55,013 [INFO] ConfigFileManager:1503 - The Die is : DIE415
2025-04-23 15:38:56,364 [INFO] ProjectBuilder:5002 - Time for Generating toolchain IDE Files: 1380mS.
2025-04-23 15:38:56,380 [INFO] ProjectBuilder:3034 - Time for Copy CMSIS : 15mS.
2025-04-23 15:38:56,387 [INFO] ProjectBuilder:3034 - Time for Copy CMSIS : 1mS.
2025-04-23 15:38:56,578 [INFO] UtilMem:75 - End SaveConfig() Used Memory: 751018624 Bytes (1073741824)
2025-04-23 15:39:02,264 [INFO] BlockDiagram:2759 - set Specific Code input for plugin: FREERTOS
2025-04-23 15:39:02,265 [INFO] BlockDiagram:2759 - set Specific Code input for plugin: SYS
2025-04-23 15:39:02,265 [INFO] BlockDiagram:2759 - set Specific Code input for plugin: RCC
2025-04-23 15:39:02,265 [INFO] BlockDiagram:2759 - set Specific Code input for plugin: NVIC
2025-04-23 15:39:02,266 [INFO] BlockDiagram:2759 - set Specific Code input for plugin: USART
2025-04-23 15:39:02,266 [INFO] BlockDiagram:2759 - set Specific Code input for plugin: TIM1_8L4
2025-04-23 15:39:02,267 [INFO] BlockDiagram:2759 - set Specific Code input for plugin: TIM1_8L4
2025-04-23 15:39:02,267 [INFO] BlockDiagram:2759 - set Specific Code input for plugin: GPIO
2025-04-23 15:39:02,275 [INFO] CodeGenerator:807 - code generatio: config db path: C:\ST\STM32CubeIDE_1.15.1\STM32CubeIDE\plugins\com.st.stm32cube.common.mx_6.11.1.202404110753\\db\
2025-04-23 15:39:02,413 [INFO] CodeEngine:255 - oldGeneratedFile, S:\RTOS_Lab\lab7\lab7\MXTmpFiles\license.tmp_save
2025-04-23 15:39:02,512 [INFO] CodeEngine:279 - Generated code: S:\RTOS_Lab\lab7\lab7\MXTmpFiles\license.tmp
2025-04-23 15:39:02,673 [INFO] CodeEngine:255 - oldGeneratedFile, S:\RTOS_Lab\lab7\lab7\MXTmpFiles\gpio.tmp_save
2025-04-23 15:39:02,774 [INFO] CodeEngine:279 - Generated code: S:\RTOS_Lab\lab7\lab7\MXTmpFiles\gpio.tmp
2025-04-23 15:39:02,879 [INFO] Middleware:1439 - No code input for Bsp Dependency
2025-04-23 15:39:02,981 [INFO] CodeEngine:255 - oldGeneratedFile, S:\RTOS_Lab\lab7\lab7\MXTmpFiles\rtos_inc.tmp_save
2025-04-23 15:39:03,089 [INFO] CodeEngine:279 - Generated code: S:\RTOS_Lab\lab7\lab7\MXTmpFiles\rtos_inc.tmp
2025-04-23 15:39:03,126 [INFO] CodeEngine:255 - oldGeneratedFile, S:\RTOS_Lab\lab7\lab7\MXTmpFiles\rtos_vars.tmp_save
2025-04-23 15:39:03,208 [INFO] CodeEngine:279 - Generated code: S:\RTOS_Lab\lab7\lab7\MXTmpFiles\rtos_vars.tmp
2025-04-23 15:39:03,241 [INFO] CodeEngine:255 - oldGeneratedFile, S:\RTOS_Lab\lab7\lab7\MXTmpFiles\rtos_pfp.tmp_save
2025-04-23 15:39:03,321 [INFO] CodeEngine:279 - Generated code: S:\RTOS_Lab\lab7\lab7\MXTmpFiles\rtos_pfp.tmp
2025-04-23 15:39:03,366 [INFO] CodeEngine:255 - oldGeneratedFile, S:\RTOS_Lab\lab7\lab7\MXTmpFiles\rtos_obj_creat.tmp_save
2025-04-23 15:39:03,449 [INFO] CodeEngine:279 - Generated code: S:\RTOS_Lab\lab7\lab7\MXTmpFiles\rtos_obj_creat.tmp
2025-04-23 15:39:03,480 [INFO] CodeEngine:255 - oldGeneratedFile, S:\RTOS_Lab\lab7\lab7\MXTmpFiles\rtos_kernelStart.tmp_save
2025-04-23 15:39:03,557 [INFO] CodeEngine:279 - Generated code: S:\RTOS_Lab\lab7\lab7\MXTmpFiles\rtos_kernelStart.tmp
2025-04-23 15:39:03,585 [INFO] CodeEngine:255 - oldGeneratedFile, S:\RTOS_Lab\lab7\lab7\MXTmpFiles\rtos_default_thread.tmp_save
2025-04-23 15:39:03,674 [INFO] CodeEngine:279 - Generated code: S:\RTOS_Lab\lab7\lab7\MXTmpFiles\rtos_default_thread.tmp
2025-04-23 15:39:03,717 [INFO] CodeEngine:255 - oldGeneratedFile, S:\RTOS_Lab\lab7\lab7\MXTmpFiles\rtos_threads.tmp_save
2025-04-23 15:39:03,790 [INFO] CodeEngine:279 - Generated code: S:\RTOS_Lab\lab7\lab7\MXTmpFiles\rtos_threads.tmp
2025-04-23 15:39:03,842 [INFO] Middleware:1439 - No code input for Bsp Dependency
2025-04-23 15:39:03,964 [INFO] CodeEngine:255 - oldGeneratedFile, S:\RTOS_Lab\lab7\lab7\MXTmpFiles\rtos_inc.tmp_save
2025-04-23 15:39:04,062 [INFO] CodeEngine:279 - Generated code: S:\RTOS_Lab\lab7\lab7\MXTmpFiles\rtos_inc.tmp
2025-04-23 15:39:04,109 [INFO] CodeEngine:255 - oldGeneratedFile, S:\RTOS_Lab\lab7\lab7\MXTmpFiles\rtos_vars.tmp_save
2025-04-23 15:39:04,200 [INFO] CodeEngine:279 - Generated code: S:\RTOS_Lab\lab7\lab7\MXTmpFiles\rtos_vars.tmp
2025-04-23 15:39:04,247 [INFO] CodeEngine:255 - oldGeneratedFile, S:\RTOS_Lab\lab7\lab7\MXTmpFiles\rtos_pfp.tmp_save
2025-04-23 15:39:04,330 [INFO] CodeEngine:279 - Generated code: S:\RTOS_Lab\lab7\lab7\MXTmpFiles\rtos_pfp.tmp
2025-04-23 15:39:04,396 [INFO] CodeEngine:255 - oldGeneratedFile, S:\RTOS_Lab\lab7\lab7\MXTmpFiles\rtos_obj_creat.tmp_save
2025-04-23 15:39:04,489 [INFO] CodeEngine:279 - Generated code: S:\RTOS_Lab\lab7\lab7\MXTmpFiles\rtos_obj_creat.tmp
2025-04-23 15:39:04,537 [INFO] CodeEngine:255 - oldGeneratedFile, S:\RTOS_Lab\lab7\lab7\MXTmpFiles\rtos_kernelStart.tmp_save
2025-04-23 15:39:04,625 [INFO] CodeEngine:279 - Generated code: S:\RTOS_Lab\lab7\lab7\MXTmpFiles\rtos_kernelStart.tmp
2025-04-23 15:39:04,681 [INFO] CodeEngine:255 - oldGeneratedFile, S:\RTOS_Lab\lab7\lab7\MXTmpFiles\rtos_default_thread.tmp_save
2025-04-23 15:39:04,769 [INFO] CodeEngine:279 - Generated code: S:\RTOS_Lab\lab7\lab7\MXTmpFiles\rtos_default_thread.tmp
2025-04-23 15:39:04,815 [INFO] CodeEngine:255 - oldGeneratedFile, S:\RTOS_Lab\lab7\lab7\MXTmpFiles\rtos_threads.tmp_save
2025-04-23 15:39:04,886 [INFO] CodeEngine:279 - Generated code: S:\RTOS_Lab\lab7\lab7\MXTmpFiles\rtos_threads.tmp
2025-04-23 15:39:04,963 [INFO] CodeEngine:255 - oldGeneratedFile, S:\RTOS_Lab\lab7\lab7\Core\Inc\FreeRTOSConfig.h_save
2025-04-23 15:39:05,066 [INFO] CodeEngine:279 - Generated code: S:\RTOS_Lab\lab7\lab7\Core\Inc\FreeRTOSConfig.h
2025-04-23 15:39:05,138 [INFO] CodeEngine:255 - oldGeneratedFile, S:\RTOS_Lab\lab7\lab7\Core\Src\freertos.c_save
2025-04-23 15:39:05,244 [INFO] CodeEngine:279 - Generated code: S:\RTOS_Lab\lab7\lab7\Core\Src\freertos.c
2025-04-23 15:39:05,426 [INFO] CodeEngine:255 - oldGeneratedFile, S:\RTOS_Lab\lab7\lab7\Core\Src\stm32l4xx_it.c_save
2025-04-23 15:39:05,540 [INFO] CodeEngine:279 - Generated code: S:\RTOS_Lab\lab7\lab7\Core\Src\stm32l4xx_it.c
2025-04-23 15:39:05,591 [INFO] CodeEngine:255 - oldGeneratedFile, S:\RTOS_Lab\lab7\lab7\Core\Inc\stm32l4xx_it.h_save
2025-04-23 15:39:05,706 [INFO] CodeEngine:279 - Generated code: S:\RTOS_Lab\lab7\lab7\Core\Inc\stm32l4xx_it.h
2025-04-23 15:39:05,923 [INFO] CodeEngine:255 - oldGeneratedFile, S:\RTOS_Lab\lab7\lab7\Core\Src\stm32l4xx_hal_msp.c_save
2025-04-23 15:39:06,080 [INFO] CodeEngine:279 - Generated code: S:\RTOS_Lab\lab7\lab7\Core\Src\stm32l4xx_hal_msp.c
2025-04-23 15:39:06,131 [INFO] CodeEngine:255 - oldGeneratedFile, S:\RTOS_Lab\lab7\lab7\MXTmpFiles\system.tmp_save
2025-04-23 15:39:06,218 [INFO] CodeEngine:279 - Generated code: S:\RTOS_Lab\lab7\lab7\MXTmpFiles\system.tmp
2025-04-23 15:39:06,289 [INFO] CodeEngine:255 - oldGeneratedFile, S:\RTOS_Lab\lab7\lab7\Core\Src\stm32l4xx_hal_timebase_tim.c_save
2025-04-23 15:39:06,396 [INFO] CodeEngine:279 - Generated code: S:\RTOS_Lab\lab7\lab7\Core\Src\stm32l4xx_hal_timebase_tim.c
2025-04-23 15:39:06,586 [INFO] CodeEngine:311 - oldGeneratedFile, S:\RTOS_Lab\lab7\lab7\Core\Inc\stm32l4xx_hal_conf.h_save
2025-04-23 15:39:06,790 [INFO] CodeEngine:335 - Generated code: S:\RTOS_Lab\lab7\lab7\Core\Inc\stm32l4xx_hal_conf.h
2025-04-23 15:39:06,888 [WARN] IPConfigManager:3513 - IP not found : TIM
2025-04-23 15:39:06,889 [WARN] CodeGenerator:3951 - IP not found : null
2025-04-23 15:39:07,060 [INFO] CodeEngine:255 - oldGeneratedFile, S:\RTOS_Lab\lab7\lab7\Core\Inc\main.h_save
2025-04-23 15:39:07,181 [INFO] CodeEngine:279 - Generated code: S:\RTOS_Lab\lab7\lab7\Core\Inc\main.h
2025-04-23 15:39:07,255 [INFO] CodeEngine:255 - oldGeneratedFile, S:\RTOS_Lab\lab7\lab7\Core\Src\main.c_save
2025-04-23 15:39:07,469 [INFO] CodeEngine:279 - Generated code: S:\RTOS_Lab\lab7\lab7\Core\Src\main.c
2025-04-23 15:39:11,245 [INFO] ProjectBuilder:3163 - Time for Copy HAL[1] : 3596mS.
2025-04-23 15:39:11,254 [INFO] ProjectBuilder:4736 - Project Generator version: 4.3.0-B58
2025-04-23 15:39:11,283 [INFO] ConfigFileManager:1503 - The Die is : DIE415
2025-04-23 15:39:12,578 [INFO] ProjectBuilder:5002 - Time for Generating toolchain IDE Files: 1324mS.
2025-04-23 15:39:12,584 [INFO] ProjectBuilder:3034 - Time for Copy CMSIS : 5mS.
2025-04-23 15:39:12,591 [INFO] ProjectBuilder:3034 - Time for Copy CMSIS : 1mS.
2025-04-23 15:40:22,177 [ERROR] LogOutputStream:75 - [STDERR_REDIRECT] java.io.IOException: The system cannot find the file specified
2025-04-23 15:40:22,179 [ERROR] LogOutputStream:75 - [STDERR_REDIRECT] 	at java.base/java.io.FileOutputStream.writeBytes(Native Method)
2025-04-23 15:40:22,180 [ERROR] LogOutputStream:75 - [STDERR_REDIRECT] 	at java.base/java.io.FileOutputStream.write(FileOutputStream.java:349)
2025-04-23 15:40:22,182 [ERROR] LogOutputStream:75 - [STDERR_REDIRECT] 	at java.base/sun.nio.cs.StreamEncoder.writeBytes(StreamEncoder.java:234)
2025-04-23 15:40:22,184 [ERROR] LogOutputStream:75 - [STDERR_REDIRECT] 	at java.base/sun.nio.cs.StreamEncoder.implFlushBuffer(StreamEncoder.java:313)
2025-04-23 15:40:22,186 [ERROR] LogOutputStream:75 - [STDERR_REDIRECT] 	at java.base/sun.nio.cs.StreamEncoder.implFlush(StreamEncoder.java:318)
2025-04-23 15:40:22,187 [ERROR] LogOutputStream:75 - [STDERR_REDIRECT] 	at java.base/sun.nio.cs.StreamEncoder.flush(StreamEncoder.java:160)
2025-04-23 15:40:22,189 [ERROR] LogOutputStream:75 - [STDERR_REDIRECT] 	at java.base/java.io.OutputStreamWriter.flush(OutputStreamWriter.java:248)
2025-04-23 15:40:22,191 [ERROR] LogOutputStream:75 - [STDERR_REDIRECT] 	at java.base/java.io.BufferedWriter.flush(BufferedWriter.java:257)
2025-04-23 15:40:22,192 [ERROR] LogOutputStream:75 - [STDERR_REDIRECT] 	at org.eclipse.cdt.internal.core.CDTLogWriter.closeLogFile(CDTLogWriter.java:68)
2025-04-23 15:40:22,194 [ERROR] LogOutputStream:75 - [STDERR_REDIRECT] 	at org.eclipse.cdt.internal.core.CDTLogWriter.shutdown(CDTLogWriter.java:136)
2025-04-23 15:40:22,195 [ERROR] LogOutputStream:75 - [STDERR_REDIRECT] 	at org.eclipse.cdt.core.CCorePlugin.stop(CCorePlugin.java:379)
2025-04-23 15:40:22,197 [ERROR] LogOutputStream:75 - [STDERR_REDIRECT] 	at org.eclipse.osgi.internal.framework.BundleContextImpl$3.run(BundleContextImpl.java:875)
2025-04-23 15:40:22,199 [ERROR] LogOutputStream:75 - [STDERR_REDIRECT] 	at org.eclipse.osgi.internal.framework.BundleContextImpl$3.run(BundleContextImpl.java:1)
2025-04-23 15:40:22,201 [ERROR] LogOutputStream:75 - [STDERR_REDIRECT] 	at java.base/java.security.AccessController.doPrivileged(AccessController.java:569)
2025-04-23 15:40:22,202 [ERROR] LogOutputStream:75 - [STDERR_REDIRECT] 	at org.eclipse.osgi.internal.framework.BundleContextImpl.stop(BundleContextImpl.java:867)
2025-04-23 15:40:22,204 [ERROR] LogOutputStream:75 - [STDERR_REDIRECT] 	at org.eclipse.osgi.internal.framework.EquinoxBundle.stopWorker0(EquinoxBundle.java:1046)
2025-04-23 15:40:22,205 [ERROR] LogOutputStream:75 - [STDERR_REDIRECT] 	at org.eclipse.osgi.internal.framework.EquinoxBundle$EquinoxModule.stopWorker(EquinoxBundle.java:376)
2025-04-23 15:40:22,206 [ERROR] LogOutputStream:75 - [STDERR_REDIRECT] 	at org.eclipse.osgi.container.Module.doStop(Module.java:660)
2025-04-23 15:40:22,207 [ERROR] LogOutputStream:75 - [STDERR_REDIRECT] 	at org.eclipse.osgi.container.Module.stop(Module.java:521)
2025-04-23 15:40:22,209 [ERROR] LogOutputStream:75 - [STDERR_REDIRECT] 	at org.eclipse.osgi.container.ModuleContainer$ContainerStartLevel.decStartLevel(ModuleContainer.java:1893)
2025-04-23 15:40:22,210 [ERROR] LogOutputStream:75 - [STDERR_REDIRECT] 	at org.eclipse.osgi.container.ModuleContainer$ContainerStartLevel.doContainerStartLevel(ModuleContainer.java:1768)
2025-04-23 15:40:22,212 [ERROR] LogOutputStream:75 - [STDERR_REDIRECT] 	at org.eclipse.osgi.container.SystemModule.stopWorker(SystemModule.java:275)
2025-04-23 15:40:22,213 [ERROR] LogOutputStream:75 - [STDERR_REDIRECT] 	at org.eclipse.osgi.internal.framework.EquinoxBundle$SystemBundle$EquinoxSystemModule.stopWorker(EquinoxBundle.java:208)
2025-04-23 15:40:22,214 [ERROR] LogOutputStream:75 - [STDERR_REDIRECT] 	at org.eclipse.osgi.container.Module.doStop(Module.java:660)
2025-04-23 15:40:22,215 [ERROR] LogOutputStream:75 - [STDERR_REDIRECT] 	at org.eclipse.osgi.container.Module.stop(Module.java:521)
2025-04-23 15:40:22,216 [ERROR] LogOutputStream:75 - [STDERR_REDIRECT] 	at org.eclipse.osgi.container.SystemModule.stop(SystemModule.java:207)
2025-04-23 15:40:22,218 [ERROR] LogOutputStream:75 - [STDERR_REDIRECT] 	at org.eclipse.osgi.internal.framework.EquinoxBundle$SystemBundle$EquinoxSystemModule$1.run(EquinoxBundle.java:226)
2025-04-23 15:40:22,219 [ERROR] LogOutputStream:75 - [STDERR_REDIRECT] 	at java.base/java.lang.Thread.run(Thread.java:833)
2025-04-23 15:40:22,386 [ERROR] LogOutputStream:75 - [STDERR_REDIRECT] 
2025-04-23 16:52:53,795 [INFO] Activator:176 - 


2025-04-23 16:52:53,798 [INFO] Activator:177 - !SESSION log4j initialized
2025-04-23 16:52:57,889 [INFO] LogOutputStream:77 - [STDOUT_REDIRECT] 
2025-04-23 16:52:58,949 [INFO] ApplicationProperties:184 - Using Application install path: C:\ST\STM32CubeIDE_1.15.1\STM32CubeIDE\plugins\com.st.stm32cube.common.mx_6.14.0.202502271554
2025-04-23 16:52:58,968 [INFO] DbMcusXml:78 - Set database path to: C:\ST\STM32CubeIDE_1.15.1\STM32CubeIDE\plugins\com.st.stm32cube.common.mx_6.14.0.202502271554\\db\/mcu/
2025-04-23 16:52:58,969 [INFO] ApiDb:274 - Set plugin database path to: C:\ST\STM32CubeIDE_1.15.1\STM32CubeIDE\plugins\com.st.stm32cube.common.mx_6.14.0.202502271554\\db\/plugins/boardmanager/
2025-04-23 16:52:58,970 [WARN] ApiDb:259 - Overriding images path with different value:  => C:\ST\STM32CubeIDE_1.15.1\STM32CubeIDE\plugins\com.st.stm32cube.common.mx_6.14.0.202502271554\\db\/plugins/mcufinder/images/
2025-04-23 16:52:58,974 [INFO] ApiDb:250 - Set database path to: C:\Users\eec9960\.stmcufinder\plugins\mcufinder//mcu/
2025-04-23 16:52:58,976 [INFO] DbMcusAds:125 - Set database path to: C:\Users\eec9960\.stmcufinder\plugins\mcufinder//mcu/
2025-04-23 16:52:58,978 [INFO] CrossReferenceDbSqlite:203 - Set database path to: C:\Users\eec9960\.stmcufinder\plugins\mcufinder//mcu/cs/
2025-04-23 16:52:59,062 [INFO] RulesReader:64 - Compatibility file has been processed (301 Rules)
2025-04-23 16:52:59,119 [INFO] DbMcusXml:78 - Set database path to: C:\ST\STM32CubeIDE_1.15.1\STM32CubeIDE\plugins\com.st.stm32cube.common.mx_6.14.0.202502271554\\db\/mcu/
2025-04-23 16:52:59,120 [INFO] ApiDb:274 - Set plugin database path to: C:\ST\STM32CubeIDE_1.15.1\STM32CubeIDE\plugins\com.st.stm32cube.common.mx_6.14.0.202502271554\\db\/plugins/boardmanager/
2025-04-23 16:52:59,121 [INFO] ApiDb:261 - Set plugin images path to: C:\ST\STM32CubeIDE_1.15.1\STM32CubeIDE\plugins\com.st.stm32cube.common.mx_6.14.0.202502271554\\db\/plugins/mcufinder/images/
2025-04-23 16:52:59,121 [WARN] DbFile:41 - Overriding database path with different value: C:\Users\eec9960\.stmcufinder\plugins\mcufinder/ => C:\Users\eec9960\.stmcufinder\plugins\mcufinder
2025-04-23 16:52:59,121 [INFO] ApiDb:250 - Set database path to: C:\Users\eec9960\.stmcufinder\plugins\mcufinder//mcu/
2025-04-23 16:52:59,122 [WARN] DbFile:41 - Overriding database path with different value: C:\Users\eec9960\.stmcufinder\plugins\mcufinder/ => C:\Users\eec9960\.stmcufinder\plugins\mcufinder
2025-04-23 16:52:59,122 [INFO] DbMcusAds:125 - Set database path to: C:\Users\eec9960\.stmcufinder\plugins\mcufinder//mcu/
2025-04-23 16:52:59,123 [WARN] DbFile:41 - Overriding database path with different value: C:\Users\eec9960\.stmcufinder\plugins\mcufinder/ => C:\Users\eec9960\.stmcufinder\plugins\mcufinder
2025-04-23 16:52:59,123 [WARN] DbFile:41 - Overriding database path with different value: C:\Users\eec9960\.stmcufinder\plugins\mcufinder/ => C:\Users\eec9960\.stmcufinder\plugins\mcufinder
2025-04-23 16:52:59,124 [INFO] CrossReferenceDbSqlite:203 - Set database path to: C:\Users\eec9960\.stmcufinder\plugins\mcufinder//mcu/cs/
2025-04-23 16:52:59,167 [INFO] MainPanel:272 - HeapMemory: 268435456
2025-04-23 16:52:59,229 [INFO] DbMcusXml:78 - Set database path to: C:\ST\STM32CubeIDE_1.15.1\STM32CubeIDE\plugins\com.st.stm32cube.common.mx_6.14.0.202502271554\\db\/mcu/
2025-04-23 16:52:59,230 [INFO] ApiDb:274 - Set plugin database path to: C:\ST\STM32CubeIDE_1.15.1\STM32CubeIDE\plugins\com.st.stm32cube.common.mx_6.14.0.202502271554\\db\/plugins/boardmanager/
2025-04-23 16:52:59,231 [INFO] ApiDb:261 - Set plugin images path to: C:\ST\STM32CubeIDE_1.15.1\STM32CubeIDE\plugins\com.st.stm32cube.common.mx_6.14.0.202502271554\\db\/plugins/mcufinder/images/
2025-04-23 16:52:59,234 [WARN] DbFile:41 - Overriding database path with different value: C:\Users\eec9960\.stmcufinder\plugins\mcufinder/ => C:\Users\eec9960\.stmcufinder\plugins\mcufinder
2025-04-23 16:52:59,235 [INFO] ApiDb:250 - Set database path to: C:\Users\eec9960\.stmcufinder\plugins\mcufinder//mcu/
2025-04-23 16:52:59,235 [WARN] DbFile:41 - Overriding database path with different value: C:\Users\eec9960\.stmcufinder\plugins\mcufinder/ => C:\Users\eec9960\.stmcufinder\plugins\mcufinder
2025-04-23 16:52:59,236 [INFO] DbMcusAds:125 - Set database path to: C:\Users\eec9960\.stmcufinder\plugins\mcufinder//mcu/
2025-04-23 16:52:59,237 [WARN] DbFile:41 - Overriding database path with different value: C:\Users\eec9960\.stmcufinder\plugins\mcufinder/ => C:\Users\eec9960\.stmcufinder\plugins\mcufinder
2025-04-23 16:52:59,237 [WARN] DbFile:41 - Overriding database path with different value: C:\Users\eec9960\.stmcufinder\plugins\mcufinder/ => C:\Users\eec9960\.stmcufinder\plugins\mcufinder
2025-04-23 16:52:59,238 [INFO] CrossReferenceDbSqlite:203 - Set database path to: C:\Users\eec9960\.stmcufinder\plugins\mcufinder//mcu/cs/
2025-04-23 16:52:59,258 [INFO] ApplicationProperties:184 - Using Application install path: C:\ST\STM32CubeIDE_1.15.1\STM32CubeIDE\plugins\com.st.stm32cube.common.mx_6.14.0.202502271554
2025-04-23 16:52:59,260 [INFO] PluginManage:196 - Search for loadable plugins [exclusion list=, ]
2025-04-23 16:52:59,262 [INFO] PluginManage:310 - Check plugin analytics
2025-04-23 16:52:59,445 [INFO] AnalyticsPlugin:253 - Accepted Software Licenses: 
2025-04-23 16:52:59,445 [INFO] AnalyticsPlugin:255 - Accepted CMSIS Pack Licenses: 
2025-04-23 16:52:59,448 [INFO] AnalyticsPlugin:257 - Accepted Firmware Licenses: 
2025-04-23 16:52:59,449 [INFO] PluginManage:359 - Loaded plugin analytics (category:tool,tabindex:-1)
2025-04-23 16:52:59,449 [INFO] PluginManage:310 - Check plugin cadmodel
2025-04-23 16:52:59,453 [INFO] CADModel:105 - Init CAD model plugin
2025-04-23 16:52:59,453 [INFO] PluginManage:359 - Loaded plugin cadmodel (category:power,tabindex:5)
2025-04-23 16:52:59,454 [INFO] PluginManage:310 - Check plugin clock
2025-04-23 16:52:59,461 [INFO] PluginManage:359 - Loaded plugin clock (category:base,tabindex:2)
2025-04-23 16:52:59,461 [INFO] PluginManage:310 - Check plugin ddr
2025-04-23 16:52:59,463 [INFO] PluginManage:359 - Loaded plugin ddr (category:tool,tabindex:6)
2025-04-23 16:52:59,463 [INFO] PluginManage:310 - Check plugin filemanager
2025-04-23 16:52:59,578 [INFO] PluginManage:359 - Loaded plugin filemanager (category:base,tabindex:10)
2025-04-23 16:52:59,581 [INFO] PluginManage:310 - Check plugin ipmanager
2025-04-23 16:52:59,587 [INFO] PluginManage:359 - Loaded plugin ipmanager (category:base,tabindex:5)
2025-04-23 16:52:59,588 [INFO] PluginManage:310 - Check plugin lpbam
2025-04-23 16:52:59,596 [INFO] PluginManage:359 - Loaded plugin lpbam (category:base,tabindex:0)
2025-04-23 16:52:59,597 [INFO] PluginManage:310 - Check plugin memorymap
2025-04-23 16:52:59,609 [INFO] PluginManage:359 - Loaded plugin memorymap (category:base,tabindex:4)
2025-04-23 16:52:59,610 [INFO] PluginManage:310 - Check plugin pinoutandconfiguration
2025-04-23 16:52:59,615 [INFO] PluginManage:359 - Loaded plugin pinoutandconfiguration (category:base,tabindex:1)
2025-04-23 16:52:59,616 [INFO] PluginManage:310 - Check plugin pinoutconfig
2025-04-23 16:52:59,686 [WARN] SupportedApi:132 - Cannot load RTOS API schema: s4s-elt-must-match.1: The content of 'definitions' must match (annotation?, (simpleType | complexType)?, (unique | key | keyref)*)). A problem was found starting at: attribute.
2025-04-23 16:52:59,796 [INFO] PluginManage:359 - Loaded plugin pinoutconfig (category:base,tabindex:0)
2025-04-23 16:52:59,797 [INFO] PluginManage:310 - Check plugin power
2025-04-23 16:52:59,803 [INFO] PluginManage:359 - Loaded plugin power (category:power,tabindex:4)
2025-04-23 16:52:59,803 [INFO] PluginManage:310 - Check plugin projectmanager
2025-04-23 16:52:59,813 [INFO] PluginManage:359 - Loaded plugin projectmanager (category:projectmanager,tabindex:4)
2025-04-23 16:52:59,814 [INFO] PluginManage:310 - Check plugin rif
2025-04-23 16:52:59,819 [INFO] PluginManage:359 - Loaded plugin rif (category:base,tabindex:3)
2025-04-23 16:52:59,820 [INFO] PluginManage:310 - Check plugin thirdparty
2025-04-23 16:52:59,901 [WARN] IntegrityCheckThread:84 - waiting for thirdparty lock release [integrity check]
2025-04-23 16:52:59,901 [INFO] PluginManage:359 - Loaded plugin thirdparty (category:base,tabindex:-1)
2025-04-23 16:52:59,902 [INFO] IntegrityCheckThread:86 - entering critical section [integrity check]
2025-04-23 16:52:59,903 [INFO] PluginManage:310 - Check plugin tools
2025-04-23 16:52:59,904 [INFO] ThirdPartyUpdaterWithRetryManager:70 - Updater plugin not ready yet. [1/15]
2025-04-23 16:52:59,907 [INFO] PluginManage:359 - Loaded plugin tools (category:base,tabindex:7)
2025-04-23 16:52:59,907 [INFO] PluginManage:310 - Check plugin tutovideos
2025-04-23 16:53:00,032 [INFO] PluginManage:359 - Loaded plugin tutovideos (category:base,tabindex:-1)
2025-04-23 16:53:00,033 [INFO] PluginManage:310 - Check plugin updater
2025-04-23 16:53:00,046 [INFO] PluginManage:359 - Loaded plugin updater (category:base,tabindex:12)
2025-04-23 16:53:00,046 [INFO] PluginManage:310 - Check plugin userauth
2025-04-23 16:53:00,049 [INFO] UserAuth:118 - Init User Auth plugin
2025-04-23 16:53:00,050 [INFO] PluginManage:359 - Loaded plugin userauth (category:base,tabindex:14)
2025-04-23 16:53:00,051 [INFO] PluginManage:283 - PluginManage : Loaded plugins [18]
2025-04-23 16:53:00,190 [INFO] PinOutPanel:1589 - setPackage(No Configuration,No Configuration)
2025-04-23 16:53:00,256 [INFO] CADModel:165 - CPN selected for project level
2025-04-23 16:53:00,261 [INFO] CADModel:114 - Register for checkConnection events
2025-04-23 16:53:00,275 [INFO] IPUIPlugin:80 - create IPUIPlugin
2025-04-23 16:53:00,279 [INFO] PluginManager:220 - loadIPPluginJar : add adc
2025-04-23 16:53:00,282 [INFO] IPUIPlugin:80 - create IPUIPlugin
2025-04-23 16:53:00,283 [INFO] PluginManager:220 - loadIPPluginJar : add aes
2025-04-23 16:53:00,285 [INFO] IPUIPlugin:80 - create IPUIPlugin
2025-04-23 16:53:00,286 [INFO] PluginManager:220 - loadIPPluginJar : add can
2025-04-23 16:53:00,288 [INFO] IPUIPlugin:80 - create IPUIPlugin
2025-04-23 16:53:00,289 [INFO] PluginManager:220 - loadIPPluginJar : add comp
2025-04-23 16:53:00,292 [INFO] IPUIPlugin:80 - create IPUIPlugin
2025-04-23 16:53:00,292 [INFO] PluginManager:220 - loadIPPluginJar : add cryp
2025-04-23 16:53:00,297 [INFO] IPUIPlugin:80 - create IPUIPlugin
2025-04-23 16:53:00,304 [INFO] PluginManager:220 - loadIPPluginJar : add ddr_ctrl_phy
2025-04-23 16:53:00,309 [INFO] IPUIPlugin:80 - create IPUIPlugin
2025-04-23 16:53:00,310 [INFO] PluginManager:220 - loadIPPluginJar : add dfsdm
2025-04-23 16:53:00,318 [INFO] IPUIPlugin:80 - create IPUIPlugin
2025-04-23 16:53:00,321 [INFO] PluginManager:220 - loadIPPluginJar : add dma
2025-04-23 16:53:00,326 [INFO] IPUIPlugin:80 - create IPUIPlugin
2025-04-23 16:53:00,327 [INFO] PluginManager:220 - loadIPPluginJar : add dma3
2025-04-23 16:53:00,330 [INFO] IPUIPlugin:80 - create IPUIPlugin
2025-04-23 16:53:00,331 [INFO] PluginManager:220 - loadIPPluginJar : add extmemmanager
2025-04-23 16:53:00,333 [INFO] IPUIPlugin:80 - create IPUIPlugin
2025-04-23 16:53:00,334 [INFO] PluginManager:220 - loadIPPluginJar : add fatfs
2025-04-23 16:53:00,339 [INFO] IPUIPlugin:80 - create IPUIPlugin
2025-04-23 16:53:00,339 [INFO] PluginManager:220 - loadIPPluginJar : add fmc
2025-04-23 16:53:00,359 [INFO] IPUIPlugin:80 - create IPUIPlugin
2025-04-23 16:53:00,360 [INFO] PluginManager:220 - loadIPPluginJar : add freertos
2025-04-23 16:53:00,363 [INFO] IPUIPlugin:80 - create IPUIPlugin
2025-04-23 16:53:00,363 [INFO] PluginManager:220 - loadIPPluginJar : add genericplugin
2025-04-23 16:53:00,367 [INFO] IPUIPlugin:80 - create IPUIPlugin
2025-04-23 16:53:00,368 [INFO] PluginManager:220 - loadIPPluginJar : add gfxmmu
2025-04-23 16:53:00,374 [INFO] IPUIPlugin:80 - create IPUIPlugin
2025-04-23 16:53:00,375 [INFO] PluginManager:220 - loadIPPluginJar : add gic
2025-04-23 16:53:00,380 [INFO] IPUIPlugin:80 - create IPUIPlugin
2025-04-23 16:53:00,381 [INFO] PluginManager:220 - loadIPPluginJar : add gpio
2025-04-23 16:53:00,385 [INFO] IPUIPlugin:80 - create IPUIPlugin
2025-04-23 16:53:00,386 [INFO] PluginManager:220 - loadIPPluginJar : add gtzc
2025-04-23 16:53:00,389 [INFO] IPUIPlugin:80 - create IPUIPlugin
2025-04-23 16:53:00,390 [INFO] PluginManager:220 - loadIPPluginJar : add hash
2025-04-23 16:53:00,394 [INFO] IPUIPlugin:80 - create IPUIPlugin
2025-04-23 16:53:00,394 [INFO] PluginManager:220 - loadIPPluginJar : add i2c
2025-04-23 16:53:00,397 [INFO] IPUIPlugin:80 - create IPUIPlugin
2025-04-23 16:53:00,398 [INFO] PluginManager:220 - loadIPPluginJar : add i2s
2025-04-23 16:53:00,402 [INFO] IPUIPlugin:80 - create IPUIPlugin
2025-04-23 16:53:00,403 [INFO] PluginManager:220 - loadIPPluginJar : add i3c
2025-04-23 16:53:00,411 [INFO] IPUIPlugin:80 - create IPUIPlugin
2025-04-23 16:53:00,411 [INFO] PluginManager:220 - loadIPPluginJar : add ipddr
2025-04-23 16:53:00,420 [INFO] IPUIPlugin:80 - create IPUIPlugin
2025-04-23 16:53:00,421 [INFO] PluginManager:220 - loadIPPluginJar : add linkedlist
2025-04-23 16:53:00,425 [INFO] IPUIPlugin:80 - create IPUIPlugin
2025-04-23 16:53:00,426 [INFO] PluginManager:220 - loadIPPluginJar : add lorawan
2025-04-23 16:53:00,428 [INFO] IPUIPlugin:80 - create IPUIPlugin
2025-04-23 16:53:00,429 [INFO] PluginManager:220 - loadIPPluginJar : add ltdc
2025-04-23 16:53:00,438 [INFO] IPUIPlugin:80 - create IPUIPlugin
2025-04-23 16:53:00,439 [INFO] PluginManager:220 - loadIPPluginJar : add mdma
2025-04-23 16:53:00,442 [INFO] IPUIPlugin:80 - create IPUIPlugin
2025-04-23 16:53:00,443 [INFO] PluginManager:220 - loadIPPluginJar : add nvic
2025-04-23 16:53:00,446 [INFO] IPUIPlugin:80 - create IPUIPlugin
2025-04-23 16:53:00,446 [INFO] PluginManager:220 - loadIPPluginJar : add opamp
2025-04-23 16:53:00,449 [INFO] IPUIPlugin:80 - create IPUIPlugin
2025-04-23 16:53:00,449 [INFO] PluginManager:220 - loadIPPluginJar : add openamp
2025-04-23 16:53:00,451 [INFO] IPUIPlugin:80 - create IPUIPlugin
2025-04-23 16:53:00,452 [INFO] PluginManager:220 - loadIPPluginJar : add pdm2pcm
2025-04-23 16:53:00,457 [INFO] IPUIPlugin:80 - create IPUIPlugin
2025-04-23 16:53:00,459 [INFO] PluginManager:220 - loadIPPluginJar : add plateformsettings
2025-04-23 16:53:00,461 [INFO] IPUIPlugin:80 - create IPUIPlugin
2025-04-23 16:53:00,461 [INFO] PluginManager:220 - loadIPPluginJar : add quadspi
2025-04-23 16:53:00,462 [INFO] IPUIPlugin:80 - create IPUIPlugin
2025-04-23 16:53:00,463 [INFO] PluginManager:220 - loadIPPluginJar : add radio
2025-04-23 16:53:00,465 [INFO] IPUIPlugin:80 - create IPUIPlugin
2025-04-23 16:53:00,466 [INFO] PluginManager:220 - loadIPPluginJar : add resmgrutility
2025-04-23 16:53:00,468 [INFO] IPUIPlugin:80 - create IPUIPlugin
2025-04-23 16:53:00,468 [INFO] PluginManager:220 - loadIPPluginJar : add sai
2025-04-23 16:53:00,470 [INFO] IPUIPlugin:80 - create IPUIPlugin
2025-04-23 16:53:00,470 [INFO] PluginManager:220 - loadIPPluginJar : add spi
2025-04-23 16:53:00,474 [INFO] IPUIPlugin:80 - create IPUIPlugin
2025-04-23 16:53:00,475 [INFO] PluginManager:220 - loadIPPluginJar : add stm32_wpan
2025-04-23 16:53:00,476 [INFO] IPUIPlugin:80 - create IPUIPlugin
2025-04-23 16:53:00,476 [INFO] PluginManager:220 - loadIPPluginJar : add tim
2025-04-23 16:53:00,479 [INFO] IPUIPlugin:80 - create IPUIPlugin
2025-04-23 16:53:00,479 [INFO] PluginManager:220 - loadIPPluginJar : add touchsensing
2025-04-23 16:53:00,481 [INFO] IPUIPlugin:80 - create IPUIPlugin
2025-04-23 16:53:00,481 [INFO] PluginManager:220 - loadIPPluginJar : add tracer_emb
2025-04-23 16:53:00,483 [INFO] IPUIPlugin:80 - create IPUIPlugin
2025-04-23 16:53:00,483 [INFO] PluginManager:220 - loadIPPluginJar : add ts
2025-04-23 16:53:00,485 [INFO] IPUIPlugin:80 - create IPUIPlugin
2025-04-23 16:53:00,486 [INFO] PluginManager:220 - loadIPPluginJar : add tsc
2025-04-23 16:53:00,487 [INFO] IPUIPlugin:80 - create IPUIPlugin
2025-04-23 16:53:00,487 [INFO] PluginManager:220 - loadIPPluginJar : add ucpd
2025-04-23 16:53:00,489 [INFO] IPUIPlugin:80 - create IPUIPlugin
2025-04-23 16:53:00,490 [INFO] PluginManager:220 - loadIPPluginJar : add usart
2025-04-23 16:53:00,492 [INFO] IPUIPlugin:80 - create IPUIPlugin
2025-04-23 16:53:00,493 [INFO] PluginManager:220 - loadIPPluginJar : add usbx
2025-04-23 16:53:00,598 [FATAL] Updater:351 - Updater called before beeing initialized
2025-04-23 16:53:00,626 [INFO] RulesReader:64 - Compatibility file has been processed (301 Rules)
2025-04-23 16:53:00,635 [INFO] RulesReader:64 - Compatibility file has been processed (301 Rules)
2025-04-23 16:53:00,645 [INFO] CADModel:165 - CPN selected for project level
2025-04-23 16:53:00,646 [INFO] CADModel:114 - Register for checkConnection events
2025-04-23 16:53:00,647 [FATAL] Updater:351 - Updater called before beeing initialized
2025-04-23 16:53:00,647 [ERROR] CADModel:125 - Updater not yet initialized, retry later 
2025-04-23 16:53:00,786 [FATAL] Updater:351 - Updater called before beeing initialized
2025-04-23 16:53:00,788 [INFO] CADModel:165 - CPN selected for project level
2025-04-23 16:53:00,789 [INFO] CADModel:114 - Register for checkConnection events
2025-04-23 16:53:00,790 [FATAL] Updater:351 - Updater called before beeing initialized
2025-04-23 16:53:00,790 [ERROR] CADModel:125 - Updater not yet initialized, retry later 
2025-04-23 16:53:00,793 [FATAL] Updater:351 - Updater called before beeing initialized
2025-04-23 16:53:00,875 [FATAL] Updater:351 - Updater called before beeing initialized
2025-04-23 16:53:00,879 [INFO] DbMcusAds:53 - JSON generation date=Thu Mar 06 09:54:22 EST 2025 (1741272862204)
2025-04-23 16:53:00,880 [FATAL] Updater:351 - Updater called before beeing initialized
2025-04-23 16:53:00,902 [WARN] DetailPanel:346 - Failed to get advertising image, set to default
2025-04-23 16:53:01,048 [FATAL] Updater:351 - Updater called before beeing initialized
2025-04-23 16:53:01,051 [FATAL] Updater:351 - Updater called before beeing initialized
2025-04-23 16:53:01,052 [FATAL] Updater:351 - Updater called before beeing initialized
2025-04-23 16:53:01,052 [WARN] DetailPanel:346 - Failed to get advertising image, set to default
2025-04-23 16:53:01,054 [FATAL] Updater:351 - Updater called before beeing initialized
2025-04-23 16:53:01,084 [ERROR] Updater:1198 - MainUpdater not yet initialized. External WinMGr cannot be set.
2025-04-23 16:53:01,086 [INFO] Updater:1134 - Updater Version found : 6.14.0
2025-04-23 16:53:01,097 [INFO] ApplicationProperties:184 - Using Application install path: C:\ST\STM32CubeIDE_1.15.1\STM32CubeIDE\plugins\com.st.stm32cube.common.mx_6.14.0.202502271554
2025-04-23 16:53:01,365 [INFO] MainUpdater:2872 - connection check result : 10
2025-04-23 16:53:01,367 [INFO] MainUpdater:289 - Updater Check For Update Now.
2025-04-23 16:53:01,367 [INFO] MicroXplorer:498 - Change Database Version : DB.6.0.140
2025-04-23 16:53:01,386 [INFO] McuFinderGlobals:63 - Set McuFinder mode to 2 (CubeIDE integrated)
2025-04-23 16:53:01,387 [INFO] UserAuth:171 - activating auth plugin
2025-04-23 16:53:01,389 [INFO] UserAuth:486 - Internet connection configuration mode: 1
2025-04-23 16:53:01,426 [INFO] JxBrowserEngine:152 - Initiate JxBrowser Engine with user profile folder
2025-04-23 16:53:01,522 [INFO] CheckServerUpdateThread:120 - End of CheckServer Thread
2025-04-23 16:53:01,900 [INFO] WebApp:169 - Instantiating new browser for Auth
2025-04-23 16:53:02,428 [INFO] WebApp:463 - Apply proxy settings
2025-04-23 16:53:02,429 [INFO] WebApp:548 - Chromium requires no authentication
2025-04-23 16:53:02,435 [INFO] WebApp:491 - Direct internet connection detected
2025-04-23 16:53:02,451 [INFO] WebApp:894 - Register for checkConnection events
2025-04-23 16:53:02,452 [INFO] WebApp:463 - Apply proxy settings
2025-04-23 16:53:02,452 [INFO] WebApp:548 - Chromium requires no authentication
2025-04-23 16:53:02,453 [INFO] WebApp:491 - Direct internet connection detected
2025-04-23 16:53:02,574 [INFO] WebApp:191 - Connection restablished
2025-04-23 16:53:02,590 [INFO] WebApp:225 - Starting web application
2025-04-23 16:53:02,591 [INFO] WebApp:593 - Web application path used C:\ST\STM32CubeIDE_1.15.1\STM32CubeIDE\plugins\com.st.stm32cube.common.mx_6.14.0.202502271554\db\plugins\mcufinder\reactClient1\index.html
2025-04-23 16:53:03,050 [WARN] PackLoader:240 - Cannot read IP mode file for STMicroelectronics.FP-SNS-MOTENVWB1.1.4.0
2025-04-23 16:53:03,056 [WARN] PackLoader:240 - Cannot read IP mode file for STMicroelectronics.FP-ATR-ASTRA1.2.0.2
2025-04-23 16:53:03,063 [WARN] PackLoader:240 - Cannot read IP mode file for STMicroelectronics.X-CUBE-SMBUS.2.1.0
2025-04-23 16:53:03,080 [WARN] PackLoader:240 - Cannot read IP mode file for STMicroelectronics.X-CUBE-AZRTOS-F7.1.1.0
2025-04-23 16:53:03,097 [WARN] PackLoader:240 - Cannot read IP mode file for Infineon.AIROC-Wi-Fi-Bluetooth-STM32.1.7.0
2025-04-23 16:53:03,106 [WARN] PackLoader:240 - Cannot read IP mode file for STMicroelectronics.X-CUBE-DISPLAY.3.0.0
2025-04-23 16:53:03,116 [WARN] PackLoader:240 - Cannot read IP mode file for STMicroelectronics.X-CUBE-NFC10.1.0.0
2025-04-23 16:53:03,122 [WARN] PackLoader:240 - Cannot read IP mode file for STMicroelectronics.X-CUBE-BLEMGR.4.0.0
2025-04-23 16:53:03,127 [WARN] PackLoader:240 - Cannot read IP mode file for emotas.I-CUBE-CANOPEN.1.3.0
2025-04-23 16:53:03,130 [WARN] ConditionMgr:438 - getConditionDescription Invalid condition id : Cortex-A Device cause : null
2025-04-23 16:53:03,140 [WARN] ConditionMgr:1044 - genDependencies : Invalid condition id : Cortex-A Device cause : null
2025-04-23 16:53:03,141 [WARN] ConditionMgr:1044 - genDependencies : Invalid condition id : Cortex-A Device cause : null
2025-04-23 16:53:03,142 [WARN] ConditionMgr:1044 - genDependencies : Invalid condition id : Cortex-A Device cause : null
2025-04-23 16:53:03,145 [WARN] PackLoader:240 - Cannot read IP mode file for STMicroelectronics.X-CUBE-AI.10.0.0
2025-04-23 16:53:03,148 [WARN] PackLoader:240 - Cannot read IP mode file for STMicroelectronics.FP-SNS-SMARTAG2.1.2.0
2025-04-23 16:53:03,151 [WARN] PackLoader:240 - Cannot read IP mode file for STMicroelectronics.FP-SNS-FLIGHT1.5.1.0
2025-04-23 16:53:03,156 [INFO] LogOutputStream:77 - [STDOUT_REDIRECT] 1 : Invalid condition id : UX_CORESTACK_Condition cause : null
2025-04-23 16:53:03,157 [INFO] LogOutputStream:77 - [STDOUT_REDIRECT] 1 : Invalid condition id : UX_CORESTACK_Condition cause : null
2025-04-23 16:53:03,159 [INFO] LogOutputStream:77 - [STDOUT_REDIRECT] 1 : Invalid condition id : UX_CORESTACK_Condition cause : null
2025-04-23 16:53:03,160 [INFO] LogOutputStream:77 - [STDOUT_REDIRECT] 1 : Invalid condition id : UX_CORESTACK_Condition cause : null
2025-04-23 16:53:03,162 [INFO] LogOutputStream:77 - [STDOUT_REDIRECT] 1 : Invalid condition id : UX_CORESTACK_Condition cause : null
2025-04-23 16:53:03,164 [WARN] PackLoader:240 - Cannot read IP mode file for STMicroelectronics.X-CUBE-AZRTOS-WL.2.0.0
2025-04-23 16:53:03,168 [WARN] PackLoader:240 - Cannot read IP mode file for STMicroelectronics.FP-SNS-MOTENV1.5.0.0
2025-04-23 16:53:03,174 [WARN] PackLoader:240 - Cannot read IP mode file for WES.I-CUBE-Cesium.1.3.0
2025-04-23 16:53:03,178 [WARN] PackLoader:240 - Cannot read IP mode file for STMicroelectronics.X-CUBE-BLE2.3.3.0
2025-04-23 16:53:03,181 [WARN] PackLoader:240 - Cannot read IP mode file for STMicroelectronics.X-CUBE-NFC9.1.0.0
2025-04-23 16:53:03,185 [WARN] PackLoader:240 - Cannot read IP mode file for STMicroelectronics.X-CUBE-BLE1.7.1.0
2025-04-23 16:53:03,188 [WARN] PackLoader:240 - Cannot read IP mode file for wolfSSL.I-CUBE-wolfMQTT.1.19.2
2025-04-23 16:53:03,213 [WARN] PackLoader:240 - Cannot read IP mode file for STMicroelectronics.X-CUBE-MEMS1.11.2.0
2025-04-23 16:53:03,314 [WARN] PackLoader:240 - Cannot read IP mode file for STMicroelectronics.X-CUBE-AZRTOS-G0.1.1.0
2025-04-23 16:53:03,319 [WARN] PackLoader:240 - Cannot read IP mode file for STMicroelectronics.X-CUBE-SAFEA1.1.2.2
2025-04-23 16:53:03,323 [WARN] PackLoader:240 - Cannot read IP mode file for STMicroelectronics.X-CUBE-NFC4.3.0.0
2025-04-23 16:53:03,327 [WARN] PackLoader:240 - Cannot read IP mode file for EmbeddedOffice.I-CUBE-FS-RTOS.1.0.1
2025-04-23 16:53:03,329 [WARN] PackLoader:240 - Cannot read IP mode file for STMicroelectronics.X-CUBE-WB05N.2.0.0
2025-04-23 16:53:03,332 [WARN] PackLoader:240 - Cannot read IP mode file for wolfSSL.I-CUBE-wolfTPM.3.8.0
2025-04-23 16:53:03,335 [WARN] PackLoader:240 - Cannot read IP mode file for STMicroelectronics.X-CUBE-TCPP.4.2.0
2025-04-23 16:53:03,339 [WARN] PackLoader:240 - Cannot read IP mode file for RealThread.X-CUBE-RT-Thread_Nano.4.1.1
2025-04-23 16:53:03,341 [WARN] PackLoader:240 - Cannot read IP mode file for STMicroelectronics.FP-ATR-SIGFOX1.3.2.0
2025-04-23 16:53:03,343 [WARN] PackLoader:240 - Cannot read IP mode file for STMicroelectronics.X-CUBE-EEPRMA1.5.1.0
2025-04-23 16:53:03,346 [WARN] PackLoader:240 - Cannot read IP mode file for wolfSSL.I-CUBE-wolfSSL.5.7.6
2025-04-23 16:53:03,349 [WARN] PackLoader:240 - Cannot read IP mode file for ITTIA_DB.I-CUBE-ITTIADB.8.9.0
2025-04-23 16:53:03,359 [WARN] PackLoader:240 - Cannot read IP mode file for SEGGER.I-CUBE-embOS.1.3.1
2025-04-23 16:53:03,376 [WARN] PackLoader:240 - Cannot read IP mode file for STMicroelectronics.X-CUBE-ALGOBUILD.1.4.0
2025-04-23 16:53:03,382 [WARN] PackLoader:240 - Cannot read IP mode file for STMicroelectronics.X-CUBE-AZRTOS-F4.1.1.0
2025-04-23 16:53:03,385 [WARN] PackLoader:240 - Cannot read IP mode file for Avnet-IotConnect.X-CUBE-IoTC-DA16k-PMOD.1.0.0
2025-04-23 16:53:03,388 [WARN] PackLoader:240 - Cannot read IP mode file for STMicroelectronics.X-CUBE-ISPU.2.1.0
2025-04-23 16:53:03,397 [WARN] PackLoader:240 - Cannot read IP mode file for STMicroelectronics.X-CUBE-AZRTOS-L5.2.0.0
2025-04-23 16:53:03,402 [WARN] PackLoader:240 - Cannot read IP mode file for STMicroelectronics.X-CUBE-NFC6.3.1.0
2025-04-23 16:53:03,405 [WARN] PackLoader:240 - Cannot read IP mode file for STMicroelectronics.X-CUBE-FREERTOS.1.3.0
2025-04-23 16:53:03,408 [WARN] PackLoader:240 - Cannot read IP mode file for STMicroelectronics.X-CUBE-NFC7.1.0.1
2025-04-23 16:53:03,412 [WARN] PackLoader:240 - Cannot read IP mode file for STMicroelectronics.X-CUBE-DPower.1.3.0
2025-04-23 16:53:03,420 [WARN] ConditionMgr:438 - getConditionDescription Invalid condition id : LAN8742 Phy interface Condition cause : null
2025-04-23 16:53:03,421 [WARN] PackLoader:240 - Cannot read IP mode file for STMicroelectronics.X-CUBE-AZRTOS-L4.2.0.0
2025-04-23 16:53:03,422 [WARN] ConditionMgr:1044 - genDependencies : Invalid condition id : LAN8742 Phy interface Condition cause : null
2025-04-23 16:53:03,423 [WARN] ConditionMgr:1044 - genDependencies : Invalid condition id : LAN8742 Phy interface Condition cause : null
2025-04-23 16:53:03,424 [WARN] ConditionMgr:1044 - genDependencies : Invalid condition id : LAN8742 Phy interface Condition cause : null
2025-04-23 16:53:03,428 [WARN] PackLoader:240 - Cannot read IP mode file for STMicroelectronics.X-CUBE-SFXS2LP1.4.0.0
2025-04-23 16:53:03,437 [WARN] PackLoader:240 - Cannot read IP mode file for STMicroelectronics.X-CUBE-AZRTOS-H7.3.3.0
2025-04-23 16:53:03,443 [WARN] ConditionMgr:438 - getConditionDescription Invalid condition id : UX DEVICE CLASS RTOS Condition cause : null
2025-04-23 16:53:03,444 [WARN] ConditionMgr:438 - getConditionDescription Invalid condition id : UX DEVICE CLASS RTOS Condition cause : null
2025-04-23 16:53:03,445 [WARN] PackLoader:240 - Cannot read IP mode file for STMicroelectronics.X-CUBE-AZRTOS-WB.2.0.0
2025-04-23 16:53:03,446 [WARN] ConditionMgr:1044 - genDependencies : Invalid condition id : UX DEVICE CLASS RTOS Condition cause : null
2025-04-23 16:53:03,447 [WARN] ConditionMgr:1044 - genDependencies : Invalid condition id : UX DEVICE CLASS RTOS Condition cause : null
2025-04-23 16:53:03,448 [WARN] ConditionMgr:1044 - genDependencies : Invalid condition id : UX DEVICE CLASS RTOS Condition cause : null
2025-04-23 16:53:03,448 [WARN] ConditionMgr:1044 - genDependencies : Invalid condition id : UX DEVICE CLASS RTOS Condition cause : null
2025-04-23 16:53:03,449 [WARN] ConditionMgr:1044 - genDependencies : Invalid condition id : UX DEVICE CLASS RTOS Condition cause : null
2025-04-23 16:53:03,452 [WARN] PackLoader:240 - Cannot read IP mode file for STMicroelectronics.X-CUBE-GNSS1.7.0.1
2025-04-23 16:53:03,458 [WARN] PackLoader:240 - Cannot read IP mode file for STMicroelectronics.X-CUBE-TOUCHGFX.4.25.0
2025-04-23 16:53:03,461 [WARN] PackLoader:240 - Cannot read IP mode file for STMicroelectronics.FP-SNS-STBOX1.2.0.0
2025-04-23 16:53:03,466 [WARN] PackLoader:240 - Cannot read IP mode file for STMicroelectronics.X-CUBE-SUBG2.5.0.0
2025-04-23 16:53:03,475 [WARN] PackLoader:240 - Cannot read IP mode file for STMicroelectronics.X-CUBE-AZRTOS-H7RS.1.1.0
2025-04-23 16:53:03,479 [WARN] PackLoader:240 - Cannot read IP mode file for Cesanta.I-CUBE-Mongoose.7.13.0
2025-04-23 16:53:03,486 [WARN] PackLoader:240 - Cannot read IP mode file for STMicroelectronics.X-CUBE-AZRTOS-G4.2.0.0
2025-04-23 16:53:03,490 [WARN] PackLoader:240 - Cannot read IP mode file for wolfSSL.I-CUBE-wolfSSH.1.4.20
2025-04-23 16:53:03,495 [WARN] PackLoader:240 - Cannot read IP mode file for STMicroelectronics.X-CUBE-IPS.3.1.0
2025-04-23 16:53:03,500 [WARN] PackLoader:240 - Cannot read IP mode file for STMicroelectronics.X-CUBE-ALS.1.0.2
2025-04-23 16:53:03,503 [WARN] PackLoader:240 - Cannot read IP mode file for portGmbH.I-Cube-SoM-uGOAL.1.1.0
2025-04-23 16:53:03,508 [WARN] PackLoader:240 - Cannot read IP mode file for STMicroelectronics.X-CUBE-TOF1.3.4.3
2025-04-23 16:53:03,513 [INFO] ThirdParty:978 - Integrity check success = true
2025-04-23 16:53:03,514 [INFO] IntegrityCheckThread:100 - exiting critical section [integrity check]
2025-04-23 16:53:03,515 [INFO] IntegrityCheckThread:103 - End integrity checks thread
2025-04-23 16:53:56,219 [INFO] McuFinderGlobals:63 - Set McuFinder mode to 2 (CubeIDE integrated)
2025-04-23 16:53:56,221 [INFO] MainUpdater:2872 - connection check result : 10
2025-04-23 16:53:56,414 [INFO] ApiDb:581 - Connected to CubeFinder SQLite database (C:\Users\eec9960\.stmcufinder\plugins\mcufinder\mcu\cube-finder-db.db)
2025-04-23 16:53:56,466 [INFO] ApiDb:668 - CubeFinder database Data Model version=2.1
2025-04-23 16:53:56,467 [INFO] ApiDb:669 - CubeFinder database Configuration version=3.0.39
2025-04-23 16:53:56,468 [INFO] ApiDb:670 - CubeFinder database generation date=2025-03-24 (1742811287)
2025-04-23 16:53:56,469 [INFO] ApiDb:671 - CubeFinder database FW Pack versions=[FP-ATR-ASTRA1_V2.0.0, FP-SNS-FLIGHT1_V5.0.2, FP-SNS-MOTENV1_V5.0.0, FP-SNS-MOTENVWB1_V1.4.0, FP-SNS-SMARTAG2_V1.2.0, FP-SNS-STBOX1_V2.0.0, STM32Cube_FW_C0_V1.4.0, STM32Cube_FW_F4_V1.28.1, STM32Cube_FW_F7_V1.17.2, STM32Cube_FW_G0_V1.6.2, STM32Cube_FW_G4_V1.6.1, STM32Cube_FW_H5_V1.5.0, STM32Cube_FW_H7RS_V1.2.0, STM32Cube_FW_H7_V1.12.1, STM32Cube_FW_L0_V1.12.2, STM32Cube_FW_L4_V1.18.1, STM32Cube_FW_L5_V1.5.1, STM32Cube_FW_N6_V1.1.0, STM32Cube_FW_U0_V1.2.0, STM32Cube_FW_U3_V1.1.0, STM32Cube_FW_U5_V1.7.0, STM32Cube_FW_WB0_V1.2.0, STM32Cube_FW_WBA_V1.6.0, STM32Cube_FW_WB_V1.22.0, STM32Cube_FW_WL3_V1.1.0, STM32Cube_FW_WL_V1.3.1, X-CUBE-ALGOBUILD_V1.4.0, X-CUBE-ALS_V1.0.2, X-CUBE-AZRTOS-F4_V1.1.0, X-CUBE-AZRTOS-F7_V1.1.0, X-CUBE-AZRTOS-G0_V1.1.0, X-CUBE-AZRTOS-G4_V2.0.0, X-CUBE-AZRTOS-H7RS_V1.0.0, X-CUBE-AZRTOS-H7_V3.3.0, X-CUBE-AZRTOS-L4_V2.0.0, X-CUBE-AZRTOS-L5_V2.0.0, X-CUBE-AZRTOS-WB_V2.0.0, X-CUBE-AZRTOS-WL_V2.0.0, X-CUBE-BLE1_V7.1.0, X-CUBE-BLE2_V3.3.0, X-CUBE-BLEMGR_V4.0.0, X-CUBE-EEPRMA1_V5.1.0, X-CUBE-FREERTOS_V1.3.0, X-CUBE-GNSS1_V6.0.0, X-CUBE-MEMS1_V11.1.0, X-CUBE-NFC4_V3.0.0, X-CUBE-NFC7_V1.0.1, X-CUBE-SFXS2LP1_V4.0.0, X-CUBE-SUBG2_V5.0.0, X-CUBE-TOF1_V3.4.2]
2025-04-23 16:53:56,507 [INFO] DbBoardsSqlite:226 - include board P-NUCLEO-WB55-NUCLEO as a kit item of type 'Nucleo-64'
2025-04-23 16:53:56,508 [INFO] DbBoardsSqlite:226 - include board P-NUCLEO-WB55-USBDONGLE as a kit item of type 'Nucleo USB Dongle'
2025-04-23 16:53:56,508 [INFO] DbBoardsSqlite:226 - include board STEVAL-IDP005V1 as a kit item of type 'Evaluation Board'
2025-04-23 16:53:56,509 [INFO] DbBoardsSqlite:226 - include board STEVAL-IDP005V2 as a kit item of type 'Evaluation Board'
2025-04-23 16:53:56,553 [INFO] ApiDb:240 - Found 895 in-development CPN: [B-G473E-ZEST1S, B-WB1M-WPAN1, B-WBA5M-WPAN, B-WL5M-SUBG1, NUCLEO-C031C6, NUCLEO-C051C8, NUCLEO-C071RB, NUCLEO-C092RC, NUCLEO-H503RB, NUCLEO-H533RE, NUCLEO-H563ZI, NUCLEO-H7S3L8, NUCLEO-N657X0-Q, NUCLEO-U031R8, NUCLEO-U083RC, NUCLEO-U385RG-Q, NUCLEO-U545RE-Q, NUCLEO-U5A5ZJ-Q, NUCLEO-WB05KZ, NUCLEO-WB07CC, NUCLEO-WB09KE, NUCLEO-WBA52CG, NUCLEO-WBA55CG, NUCLEO-WBA65RI, NUCLEO-WL33CC1, NUCLEO-WL33CC2, STEVAL-PROTEUS1, STEVAL-SMARTAG2, STEVAL-STWINBX1, STM320518-EVAL, STM32C0116-DK, STM32C011D6Y3TR, STM32C011D6Y6TR, STM32C011F4P3, STM32C011F4P6, STM32C011F4U3, STM32C011F4U6TR, STM32C011F6P3, STM32C011F6P6, STM32C011F6U3, STM32C011F6U6TR, STM32C011J4M3, STM32C011J4M6, STM32C011J6M3, STM32C011J6M6, STM32C0316-DK, STM32C031C4T3, STM32C031C4T6, STM32C031C4U3, STM32C031C4U6, STM32C031C6T3, STM32C031C6T6, STM32C031C6U3, STM32C031C6U6, STM32C031F4P3, STM32C031F4P6, STM32C031F6P3, STM32C031F6P6, STM32C031G4U3, STM32C031G4U6, STM32C031G6U3, STM32C031G6U6, STM32C031K4T3, STM32C031K4T6, STM32C031K4U3, STM32C031K4U6, STM32C031K6T3, STM32C031K6T6, STM32C031K6U3, STM32C031K6U6, STM32C051C6T6, STM32C051C6U6, STM32C051C8T6, STM32C051C8U6, STM32C051D8Y6TR, STM32C051F6P6, STM32C051F8P6, STM32C051G6U6, STM32C051G8U6, STM32C051K6T6, STM32C051K6U6, STM32C051K8T6, STM32C071C8T6, STM32C071C8T6N, STM32C071C8U6, STM32C071C8U6N, STM32C071CBT6, STM32C071CBT6N, STM32C071CBU6, STM32C071CBU6N, STM32C071F8P6, STM32C071F8P6N, STM32C071FBP6, STM32C071FBP6N, STM32C071FBY6TR, STM32C071G8U6, STM32C071G8U6N, STM32C071GBU6, STM32C071GBU6N, STM32C071K8T6, STM32C071K8T6N, STM32C071K8U6, STM32C071K8U6N, STM32C071KBT6, STM32C071KBT6N, STM32C071KBU6, STM32C071KBU6N, STM32C071R8T6, STM32C071R8T6N, STM32C071RBI6N, STM32C071RBT6, STM32C071RBT6N, STM32C091CBT6, STM32C091CBU6, STM32C091CCT6, STM32C091CCU6, STM32C091ECY6TR, STM32C091FBP6, STM32C091FCP6, STM32C091GBU6, STM32C091GCU6, STM32C091KBT6, STM32C091KBU6, STM32C091KCT6, STM32C091KCU6, STM32C091RBT6, STM32C091RCI6, STM32C091RCT6, STM32C092CBT6, STM32C092CBU6, STM32C092CCT6, STM32C092CCU6, STM32C092ECY6TR, STM32C092FBP6, STM32C092FCP6, STM32C092GBU6, STM32C092GCU6, STM32C092KBT6, STM32C092KBU6, STM32C092KCT6, STM32C092KCU6, STM32C092RBT6, STM32C092RCI6, STM32C092RCT6, STM32G071K8TXN, STM32G071K8UXN, STM32G081GBU6N, STM32G081KBT6N, STM32G081KBUXN, STM32G0B1CCT6N, STM32G0B1KCT6, STM32G0B1NEY6TR, STM32G0B1RCT6N, STM32G0C1CCT6, STM32G0C1CCT6N, STM32G0C1CCU6N, STM32G0C1CET6N, STM32G0C1CEU6N, STM32G0C1KCT6, STM32G0C1NEY6TR, STM32G0C1RCI6N, STM32G0C1RCT6N, STM32G0C1REI6N, STM32G0C1RET6N, STM32G0C1VCI6, STM32G0C1VEI6, STM32G411C6T3, STM32G411C6T6, STM32G411C6U3, STM32G411C6U6, STM32G411C8T3, STM32G411C8T6, STM32G411C8U3, STM32G411C8U6, STM32G411CBT3, STM32G411CBT6, STM32G411CBU3, STM32G411CBU6, STM32G411CCT3, STM32G411CCT6, STM32G411CCU3, STM32G411CCU6, STM32G411K6T3, STM32G411K6T6, STM32G411K6U3, STM32G411K6U6, STM32G411K8T3, STM32G411K8T6, STM32G411K8U3, STM32G411K8U6, STM32G411KBT3, STM32G411KBT6, STM32G411KBU3, STM32G411KBU6, STM32G411M6T3, STM32G411M6T6, STM32G411M8T3, STM32G411M8T6, STM32G411MBT3, STM32G411MBT6, STM32G411MCT3, STM32G411MCT6, STM32G411R6T3, STM32G411R6T6, STM32G411R8T3, STM32G411R8T6, STM32G411RBT3, STM32G411RBT6, STM32G411RCT3, STM32G411RCT6, STM32G414CBT3, STM32G414CBT6, STM32G414CBU3, STM32G414CBU6, STM32G414CCT3, STM32G414CCT6, STM32G414CCU3, STM32G414CCU6, STM32G414MBT3, STM32G414MBT6, STM32G414MCT3, STM32G414MCT6, STM32G414RBT3, STM32G414RBT6, STM32G414RCT3, STM32G414RCT6, STM32G414VBT3, STM32G414VBT6, STM32G414VCT3, STM32G414VCT6, STM32G431CBT3Z, STM32G431RBT3Z, STM32G471CCT6, STM32G471CCU6, STM32G471CET3, STM32G471CET6, STM32G471CEU3, STM32G471CEU6, STM32G471MCT6, STM32G471MET3, STM32G471MET6, STM32G471MEY6TR, STM32G471QCT6, STM32G471QET3, STM32G471RCT6, STM32G471RET3, STM32G471RET6, STM32G471VCH6, STM32G471VCI6, STM32G471VCT6, STM32G471VEH3, STM32G471VEH6, STM32G471VEI3, STM32G471VEI6, STM32G471VET3, STM32G471VET6, STM32G473QET3Z, STM32G473RET3Z, STM32G474CCT6, STM32G491RET3Z, STM32H503CBT6, STM32H503CBU6, STM32H503EBY6TR, STM32H503KBU6, STM32H503RBT6, STM32H523CCT6, STM32H523CCU6, STM32H523CET6, STM32H523CEU6, STM32H523HEY6TR, STM32H523RCT6, STM32H523RET6, STM32H523VCI6, STM32H523VCT6, STM32H523VEI6, STM32H523VET6, STM32H523ZCJ6, STM32H523ZCT6, STM32H523ZEJ6, STM32H523ZET6, STM32H533CET6, STM32H533CEU6, STM32H533HEY6TR, STM32H533RET6, STM32H533VEI6, STM32H533VET6, STM32H533ZEJ6, STM32H533ZET6, STM32H562AGI6, STM32H562AII6, STM32H562IGK6, STM32H562IGT6, STM32H562IIK6, STM32H562IIT6, STM32H562RGT6, STM32H562RGV6, STM32H562RIT6, STM32H562RIV6, STM32H562VGT6, STM32H562VIT6, STM32H562ZGT6, STM32H562ZIT6, STM32H563AGI6, STM32H563AII3Q, STM32H563AII6, STM32H563IGK6, STM32H563IGT6, STM32H563IIK3Q, STM32H563IIK6, STM32H563IIT3Q, STM32H563IIT6, STM32H563MIY3QTR, STM32H563RGT6, STM32H563RGV6, STM32H563RIT6, STM32H563RIV6, STM32H563VGT6, STM32H563VIT3Q, STM32H563VIT6, STM32H563ZGT6, STM32H563ZIT3Q, STM32H563ZIT6, STM32H573AII3Q, STM32H573AII6, STM32H573I-DK, STM32H573IIK3Q, STM32H573IIK6, STM32H573IIT3Q, STM32H573IIT6, STM32H573MIY3QTR, STM32H573RIT6, STM32H573RIV6, STM32H573VIT3Q, STM32H573VIT6, STM32H573ZIT3Q, STM32H573ZIT6, STM32H7R3A8I6, STM32H7R3I8K6, STM32H7R3I8T6, STM32H7R3L8H6, STM32H7R3L8H6H, STM32H7R3R8V6, STM32H7R3V8H6, STM32H7R3V8T6, STM32H7R3V8Y6TR, STM32H7R3Z8J6, STM32H7R3Z8T6, STM32H7R7A8I6, STM32H7R7I8K6, STM32H7R7I8T6, STM32H7R7L8H6, STM32H7R7L8H6H, STM32H7R7Z8J6, STM32H7S3A8I6, STM32H7S3I8K6, STM32H7S3I8T6, STM32H7S3L8H6, STM32H7S3L8H6H, STM32H7S3R8V6, STM32H7S3V8H6, STM32H7S3V8T6, STM32H7S3V8Y6TR, STM32H7S3Z8J6, STM32H7S3Z8T6, STM32H7S78-DK, STM32H7S7A8I6, STM32H7S7I8K6, STM32H7S7I8T6, STM32H7S7L8H6, STM32H7S7L8H6H, STM32H7S7Z8J6, STM32L4R5QGI6STR, STM32MP131AAE3, STM32MP131AAF3, STM32MP131AAG3, STM32MP131CAE3, STM32MP131CAF3, STM32MP131CAG3, STM32MP131DAE7, STM32MP131DAF7, STM32MP131DAG7, STM32MP131FAE7, STM32MP131FAF7, STM32MP131FAG7, STM32MP133AAE3, STM32MP133AAF3, STM32MP133AAG3, STM32MP133CAE3, STM32MP133CAF3, STM32MP133CAG3, STM32MP133DAE7, STM32MP133DAF7, STM32MP133DAG7, STM32MP133FAE7, STM32MP133FAF7, STM32MP133FAG7, STM32MP135AAE3, STM32MP135AAF3, STM32MP135AAG3, STM32MP135CAE3, STM32MP135CAF3, STM32MP135CAG3, STM32MP135DAE7, STM32MP135DAF7, STM32MP135DAG7, STM32MP135F-DK, STM32MP135FAE7, STM32MP135FAF7, STM32MP135FAF7T, STM32MP135FAF7U, STM32MP135FAG7, STM32MP231AAJ3, STM32MP231AAK3, STM32MP231AAL3, STM32MP231CAJ3, STM32MP231CAK3, STM32MP231CAL3, STM32MP231DAJ3, STM32MP231DAK3, STM32MP231DAL3, STM32MP231FAJ3, STM32MP231FAK3, STM32MP231FAL3, STM32MP233AAJ3, STM32MP233AAK3, STM32MP233AAL3, STM32MP233CAJ3, STM32MP233CAK3, STM32MP233CAL3, STM32MP233DAJ3, STM32MP233DAK3, STM32MP233DAL3, STM32MP233FAJ3, STM32MP233FAK3, STM32MP233FAL3, STM32MP235AAJ3, STM32MP235AAK3, STM32MP235AAL3, STM32MP235CAJ3, STM32MP235CAK3, STM32MP235CAL3, STM32MP235DAJ3, STM32MP235DAK3, STM32MP235DAL3, STM32MP235FAJ3, STM32MP235FAK3, STM32MP235FAL3, STM32MP251AAI3, STM32MP251AAJ3, STM32MP251AAK3, STM32MP251AAL3, STM32MP251CAI3, STM32MP251CAJ3, STM32MP251CAK3, STM32MP251CAL3, STM32MP251DAI3, STM32MP251DAJ3, STM32MP251DAK3, STM32MP251DAL3, STM32MP251FAI3, STM32MP251FAJ3, STM32MP251FAK3, STM32MP251FAL3, STM32MP253AAI3, STM32MP253AAJ3, STM32MP253AAK3, STM32MP253AAL3, STM32MP253CAI3, STM32MP253CAJ3, STM32MP253CAK3, STM32MP253CAL3, STM32MP253DAI3, STM32MP253DAJ3, STM32MP253DAK3, STM32MP253DAL3, STM32MP253FAI3, STM32MP253FAJ3, STM32MP253FAK3, STM32MP253FAL3, STM32MP255AAI3, STM32MP255AAJ3, STM32MP255AAK3, STM32MP255AAL3, STM32MP255CAI3, STM32MP255CAJ3, STM32MP255CAK3, STM32MP255CAL3, STM32MP255DAI3, STM32MP255DAJ3, STM32MP255DAK3, STM32MP255DAL3, STM32MP255FAI3, STM32MP255FAJ3, STM32MP255FAK3, STM32MP255FAL3, STM32MP257AAI3, STM32MP257AAJ3, STM32MP257AAK3, STM32MP257AAL3, STM32MP257CAI3, STM32MP257CAJ3, STM32MP257CAK3, STM32MP257CAL3, STM32MP257DAI3, STM32MP257DAJ3, STM32MP257DAK3, STM32MP257DAL3, STM32MP257F-DK, STM32MP257F-EV1, STM32MP257FAI3, STM32MP257FAJ3, STM32MP257FAK3, STM32MP257FAL3, STM32N645A0H3Q, STM32N645B0H3Q, STM32N645I0H3Q, STM32N645L0H3Q, STM32N645X0H3Q, STM32N645Z0H3Q, STM32N647A0H3Q, STM32N647B0H3Q, STM32N647I0H3Q, STM32N647L0H3Q, STM32N647X0H3Q, STM32N647Z0H3Q, STM32N655A0H3Q, STM32N655B0H3Q, STM32N655I0H3Q, STM32N655L0H3Q, STM32N655X0H3Q, STM32N655Z0H3Q, STM32N6570-DK, STM32N657A0H3Q, STM32N657B0H3Q, STM32N657I0H3Q, STM32N657L0H3Q, STM32N657X0H3Q, STM32N657Z0H3Q, STM32U031C6T6, STM32U031C6U6, STM32U031C8T6, STM32U031C8U6, STM32U031F4P6, STM32U031F6P6, STM32U031F8P6, STM32U031G6Y6TR, STM32U031G8Y6TR, STM32U031K4U6, STM32U031K6U6, STM32U031K8U6, STM32U031R6I6, STM32U031R6T6, STM32U031R8I6, STM32U031R8T6, STM32U073C8T6, STM32U073C8U6, STM32U073CBT6, STM32U073CBU6, STM32U073CCT6, STM32U073CCU6, STM32U073H8Y6TR, STM32U073HBY6TR, STM32U073HCY6TR, STM32U073K8U6, STM32U073KBU6, STM32U073KCU6, STM32U073M8I6, STM32U073M8T6, STM32U073MBI6, STM32U073MBT6, STM32U073MCI6, STM32U073MCT6, STM32U073R8I6, STM32U073R8T6, STM32U073RBI6, STM32U073RBT6, STM32U073RCI6, STM32U073RCT6, STM32U083C-DK, STM32U083CCT6, STM32U083CCU6, STM32U083HCY6TR, STM32U083KCU6, STM32U083MCI6, STM32U083MCT6, STM32U083RCI6, STM32U083RCT6, STM32U375CET6, STM32U375CET6Q, STM32U375CEU6, STM32U375CEU6Q, STM32U375CEY6QTR, STM32U375CGT6, STM32U375CGT6Q, STM32U375CGU6, STM32U375CGU6Q, STM32U375CGY6QTR, STM32U375KEU6, STM32U375KGU6, STM32U375REI6, STM32U375REI6Q, STM32U375RET6, STM32U375RET6Q, STM32U375REY6GTR, STM32U375REY6QTR, STM32U375RGI6, STM32U375RGI6Q, STM32U375RGT6, STM32U375RGT6Q, STM32U375RGY6GTR, STM32U375RGY6QTR, STM32U375VEI6, STM32U375VEI6Q, STM32U375VET6, STM32U375VET6Q, STM32U375VGI6, STM32U375VGI6Q, STM32U375VGT6, STM32U375VGT6Q, STM32U385CGT6, STM32U385CGT6Q, STM32U385CGU6, STM32U385CGU6Q, STM32U385CGY6QTR, STM32U385KGU6, STM32U385RGI6, STM32U385RGI6Q, STM32U385RGT6, STM32U385RGT6Q, STM32U385RGY6GTR, STM32U385RGY6QTR, STM32U385VGI6, STM32U385VGI6Q, STM32U385VGT6, STM32U385VGT6Q, STM32U535CBT6, STM32U535CBT6Q, STM32U535CBU6, STM32U535CBU6Q, STM32U535CCT6, STM32U535CCT6Q, STM32U535CCU6, STM32U535CCU6Q, STM32U535CET6, STM32U535CET6Q, STM32U535CEU6, STM32U535CEU6Q, STM32U535JEY6QTR, STM32U535NCY6QTR, STM32U535NEY6QTR, STM32U535RBI6, STM32U535RBI6Q, STM32U535RBT6, STM32U535RBT6Q, STM32U535RCI6, STM32U535RCI6Q, STM32U535RCT6, STM32U535RCT6Q, STM32U535REI6, STM32U535REI6Q, STM32U535RET6, STM32U535RET6Q, STM32U535VCI6, STM32U535VCI6Q, STM32U535VCT6, STM32U535VCT6Q, STM32U535VEI6, STM32U535VEI6Q, STM32U535VET6, STM32U535VET6Q, STM32U545CET6, STM32U545CET6Q, STM32U545CEU6, STM32U545CEU6Q, STM32U545JEY6QTR, STM32U545NEY6QTR, STM32U545REI6, STM32U545REI6Q, STM32U545RET6, STM32U545RET6Q, STM32U545VEI6, STM32U545VEI6Q, STM32U545VET6, STM32U545VET6Q, STM32U595AIH6, STM32U595AIH6Q, STM32U595AJH6, STM32U595AJH6Q, STM32U595QII6, STM32U595QII6Q, STM32U595QJI6, STM32U595QJI6Q, STM32U595RIT6, STM32U595RIT6Q, STM32U595RJT6, STM32U595RJT6Q, STM32U595VIT6, STM32U595VIT6Q, STM32U595VJT6, STM32U595VJT6Q, STM32U595ZIT6, STM32U595ZIT6Q, STM32U595ZIY6QTR, STM32U595ZJT6, STM32U595ZJT6Q, STM32U595ZJY6QTR, STM32U599BJY6QTR, STM32U599NIH6Q, STM32U599NJH6Q, STM32U599VIT6Q, STM32U599VJT6, STM32U599VJT6Q, STM32U599ZIT6Q, STM32U599ZIY6QTR, STM32U599ZJT6Q, STM32U599ZJY6QTR, STM32U5A5AJH6, STM32U5A5AJH6Q, STM32U5A5QII3Q , STM32U5A5QJI6, STM32U5A5QJI6Q, STM32U5A5RJT6, STM32U5A5RJT6Q, STM32U5A5VJT6, STM32U5A5VJT6Q, STM32U5A5ZJT6, STM32U5A5ZJT6Q, STM32U5A5ZJY6QTR, STM32U5A9BJY6QTR, STM32U5A9J-DK, STM32U5A9NJH6Q, STM32U5A9VJT6Q, STM32U5A9ZJT6Q, STM32U5A9ZJY6QTR, STM32U5F7VIT6, STM32U5F7VIT6Q, STM32U5F7VJT6, STM32U5F7VJT6Q, STM32U5F9BJY6QTR, STM32U5F9NJH6Q, STM32U5F9VIT6Q, STM32U5F9VJT6Q, STM32U5F9ZIJ6QTR, STM32U5F9ZIT6Q, STM32U5F9ZJJ6QTR, STM32U5F9ZJT6Q, STM32U5G7VJT6, STM32U5G7VJT6Q, STM32U5G9BJY6QTR, STM32U5G9J-DK1, STM32U5G9J-DK2, STM32U5G9NJH6Q, STM32U5G9VJT6Q, STM32U5G9ZJJ6QTR, STM32U5G9ZJT6Q, STM32WB05KZV6TR, STM32WB05KZV7TR, STM32WB05TZF6TR, STM32WB05TZF7TR, STM32WB06CCF6TR, STM32WB06CCF7TR, STM32WB06CCV6TR, STM32WB06CCV7TR, STM32WB06KCV6TR, STM32WB06KCV7TR, STM32WB07CCF6TR, STM32WB07CCF7TR, STM32WB07CCV6TR, STM32WB07CCV7TR, STM32WB07KCV6TR, STM32WB07KCV7TR, STM32WB09KEV6TR, STM32WB09KEV7TR, STM32WB09TEF6TR, STM32WB09TEF7TR, STM32WB1MMCH6, STM32WBA50KGU6, STM32WBA50KGU6TR, STM32WBA52CEU6, STM32WBA52CEU6TR, STM32WBA52CEU7, STM32WBA52CEU7TR, STM32WBA52CGU6, STM32WBA52CGU6TR, STM32WBA52CGU6U, STM32WBA52CGU7, STM32WBA52CGU7TR, STM32WBA52KEU6, STM32WBA52KEU6TR, STM32WBA52KGU6, STM32WBA52KGU6TR, STM32WBA54CEU6, STM32WBA54CEU6TR, STM32WBA54CEU7, STM32WBA54CEU7TR, STM32WBA54CGU6, STM32WBA54CGU6TR, STM32WBA54CGU7, STM32WBA54CGU7TR, STM32WBA54KEU6, STM32WBA54KEU6TR, STM32WBA54KEU7, STM32WBA54KEU7TR, STM32WBA54KGU6, STM32WBA54KGU6TR, STM32WBA54KGU7, STM32WBA54KGU7TR, STM32WBA55CEU6, STM32WBA55CEU6TR, STM32WBA55CEU7, STM32WBA55CEU7TR, STM32WBA55CGU6, STM32WBA55CGU6TR, STM32WBA55CGU6U, STM32WBA55CGU7, STM32WBA55CGU7TR, STM32WBA55G-DK1, STM32WBA55HEF6, STM32WBA55HEF7, STM32WBA55HGF6, STM32WBA55HGF7, STM32WBA55UEI6, STM32WBA55UEI6TR, STM32WBA55UEI7, STM32WBA55UEI7TR, STM32WBA55UGI6, STM32WBA55UGI6TR, STM32WBA55UGI7, STM32WBA55UGI7TR, STM32WBA5MJGH6TR, STM32WBA62CGU6, STM32WBA62CIU6, STM32WBA62MGF6, STM32WBA62MIF6, STM32WBA62PGI6, STM32WBA62PII6, STM32WBA63CGU6, STM32WBA63CGU7, STM32WBA63CIU6, STM32WBA63CIU7, STM32WBA64CGU6, STM32WBA64CGU7, STM32WBA64CIU6, STM32WBA64CIU7, STM32WBA65CGU6, STM32WBA65CGU7, STM32WBA65CIU6, STM32WBA65CIU7, STM32WBA65I-DK1, STM32WBA65MGF6, STM32WBA65MGF7, STM32WBA65MIF6, STM32WBA65MIF7, STM32WBA65PGI6, STM32WBA65PGI7, STM32WBA65PII6, STM32WBA65PII7, STM32WBA65RGV6, STM32WBA65RGV7, STM32WBA65RIV6, STM32WBA65RIV7, STM32WL30K8V6, STM32WL30KBV6, STM32WL31C8V6, STM32WL31CBV6, STM32WL31K8V6, STM32WL31KBV6, STM32WL33C8V6, STM32WL33C8V6TR, STM32WL33C8V7, STM32WL33C8V7TR, STM32WL33CBV6, STM32WL33CBV6TR, STM32WL33CBV7, STM32WL33CBV7TR, STM32WL33CCV6, STM32WL33CCV6TR, STM32WL33CCV7, STM32WL33CCV7A, STM32WL33CCV7ATR, STM32WL33CCV7TR, STM32WL33K8V6, STM32WL33K8V6TR, STM32WL33K8V7, STM32WL33K8V7TR, STM32WL33KBV6, STM32WL33KBV6TR, STM32WL33KBV7, STM32WL33KBV7TR, STM32WL33KCV6, STM32WL33KCV6TR, STM32WL33KCV7, STM32WL33KCV7TR, STM32WL5MOCH6, STM32WL5MOCH6TR]
2025-04-23 16:53:56,677 [INFO] BoardInfo:889 - No configuration file found for board P-NUCLEO-WB55
2025-04-23 16:53:56,678 [INFO] DbBoards:161 - Kit is not supported: P-NUCLEO-WB55
2025-04-23 16:53:56,684 [INFO] BoardInfo:889 - No configuration file found for board STEVAL-BFA001V1B
2025-04-23 16:53:56,685 [INFO] DbBoards:161 - Kit is not supported: STEVAL-BFA001V1B
2025-04-23 16:53:56,686 [INFO] BoardInfo:889 - No configuration file found for board STEVAL-BFA001V2B
2025-04-23 16:53:56,688 [INFO] DbBoards:161 - Kit is not supported: STEVAL-BFA001V2B
2025-04-23 16:53:56,814 [INFO] DbBoards:168 - Found 211 boards, 208 are supported
2025-04-23 16:53:56,815 [INFO] DbBoards:169 - Found 211 boards, 43 of them is supported for  Bsp
2025-04-23 16:53:56,818 [INFO] ApiDb:668 - CubeFinder database Data Model version=2.1
2025-04-23 16:53:56,819 [INFO] ApiDb:669 - CubeFinder database Configuration version=3.0.39
2025-04-23 16:53:56,820 [INFO] ApiDb:670 - CubeFinder database generation date=2025-03-24 (1742811287)
2025-04-23 16:53:56,821 [INFO] ApiDb:671 - CubeFinder database FW Pack versions=[FP-ATR-ASTRA1_V2.0.0, FP-SNS-FLIGHT1_V5.0.2, FP-SNS-MOTENV1_V5.0.0, FP-SNS-MOTENVWB1_V1.4.0, FP-SNS-SMARTAG2_V1.2.0, FP-SNS-STBOX1_V2.0.0, STM32Cube_FW_C0_V1.4.0, STM32Cube_FW_F4_V1.28.1, STM32Cube_FW_F7_V1.17.2, STM32Cube_FW_G0_V1.6.2, STM32Cube_FW_G4_V1.6.1, STM32Cube_FW_H5_V1.5.0, STM32Cube_FW_H7RS_V1.2.0, STM32Cube_FW_H7_V1.12.1, STM32Cube_FW_L0_V1.12.2, STM32Cube_FW_L4_V1.18.1, STM32Cube_FW_L5_V1.5.1, STM32Cube_FW_N6_V1.1.0, STM32Cube_FW_U0_V1.2.0, STM32Cube_FW_U3_V1.1.0, STM32Cube_FW_U5_V1.7.0, STM32Cube_FW_WB0_V1.2.0, STM32Cube_FW_WBA_V1.6.0, STM32Cube_FW_WB_V1.22.0, STM32Cube_FW_WL3_V1.1.0, STM32Cube_FW_WL_V1.3.1, X-CUBE-ALGOBUILD_V1.4.0, X-CUBE-ALS_V1.0.2, X-CUBE-AZRTOS-F4_V1.1.0, X-CUBE-AZRTOS-F7_V1.1.0, X-CUBE-AZRTOS-G0_V1.1.0, X-CUBE-AZRTOS-G4_V2.0.0, X-CUBE-AZRTOS-H7RS_V1.0.0, X-CUBE-AZRTOS-H7_V3.3.0, X-CUBE-AZRTOS-L4_V2.0.0, X-CUBE-AZRTOS-L5_V2.0.0, X-CUBE-AZRTOS-WB_V2.0.0, X-CUBE-AZRTOS-WL_V2.0.0, X-CUBE-BLE1_V7.1.0, X-CUBE-BLE2_V3.3.0, X-CUBE-BLEMGR_V4.0.0, X-CUBE-EEPRMA1_V5.1.0, X-CUBE-FREERTOS_V1.3.0, X-CUBE-GNSS1_V6.0.0, X-CUBE-MEMS1_V11.1.0, X-CUBE-NFC4_V3.0.0, X-CUBE-NFC7_V1.0.1, X-CUBE-SFXS2LP1_V4.0.0, X-CUBE-SUBG2_V5.0.0, X-CUBE-TOF1_V3.4.2]
2025-04-23 16:53:58,170 [INFO] ApiDb:240 - Found 895 in-development CPN: [B-G473E-ZEST1S, B-WB1M-WPAN1, B-WBA5M-WPAN, B-WL5M-SUBG1, NUCLEO-C031C6, NUCLEO-C051C8, NUCLEO-C071RB, NUCLEO-C092RC, NUCLEO-H503RB, NUCLEO-H533RE, NUCLEO-H563ZI, NUCLEO-H7S3L8, NUCLEO-N657X0-Q, NUCLEO-U031R8, NUCLEO-U083RC, NUCLEO-U385RG-Q, NUCLEO-U545RE-Q, NUCLEO-U5A5ZJ-Q, NUCLEO-WB05KZ, NUCLEO-WB07CC, NUCLEO-WB09KE, NUCLEO-WBA52CG, NUCLEO-WBA55CG, NUCLEO-WBA65RI, NUCLEO-WL33CC1, NUCLEO-WL33CC2, STEVAL-PROTEUS1, STEVAL-SMARTAG2, STEVAL-STWINBX1, STM320518-EVAL, STM32C0116-DK, STM32C011D6Y3TR, STM32C011D6Y6TR, STM32C011F4P3, STM32C011F4P6, STM32C011F4U3, STM32C011F4U6TR, STM32C011F6P3, STM32C011F6P6, STM32C011F6U3, STM32C011F6U6TR, STM32C011J4M3, STM32C011J4M6, STM32C011J6M3, STM32C011J6M6, STM32C0316-DK, STM32C031C4T3, STM32C031C4T6, STM32C031C4U3, STM32C031C4U6, STM32C031C6T3, STM32C031C6T6, STM32C031C6U3, STM32C031C6U6, STM32C031F4P3, STM32C031F4P6, STM32C031F6P3, STM32C031F6P6, STM32C031G4U3, STM32C031G4U6, STM32C031G6U3, STM32C031G6U6, STM32C031K4T3, STM32C031K4T6, STM32C031K4U3, STM32C031K4U6, STM32C031K6T3, STM32C031K6T6, STM32C031K6U3, STM32C031K6U6, STM32C051C6T6, STM32C051C6U6, STM32C051C8T6, STM32C051C8U6, STM32C051D8Y6TR, STM32C051F6P6, STM32C051F8P6, STM32C051G6U6, STM32C051G8U6, STM32C051K6T6, STM32C051K6U6, STM32C051K8T6, STM32C071C8T6, STM32C071C8T6N, STM32C071C8U6, STM32C071C8U6N, STM32C071CBT6, STM32C071CBT6N, STM32C071CBU6, STM32C071CBU6N, STM32C071F8P6, STM32C071F8P6N, STM32C071FBP6, STM32C071FBP6N, STM32C071FBY6TR, STM32C071G8U6, STM32C071G8U6N, STM32C071GBU6, STM32C071GBU6N, STM32C071K8T6, STM32C071K8T6N, STM32C071K8U6, STM32C071K8U6N, STM32C071KBT6, STM32C071KBT6N, STM32C071KBU6, STM32C071KBU6N, STM32C071R8T6, STM32C071R8T6N, STM32C071RBI6N, STM32C071RBT6, STM32C071RBT6N, STM32C091CBT6, STM32C091CBU6, STM32C091CCT6, STM32C091CCU6, STM32C091ECY6TR, STM32C091FBP6, STM32C091FCP6, STM32C091GBU6, STM32C091GCU6, STM32C091KBT6, STM32C091KBU6, STM32C091KCT6, STM32C091KCU6, STM32C091RBT6, STM32C091RCI6, STM32C091RCT6, STM32C092CBT6, STM32C092CBU6, STM32C092CCT6, STM32C092CCU6, STM32C092ECY6TR, STM32C092FBP6, STM32C092FCP6, STM32C092GBU6, STM32C092GCU6, STM32C092KBT6, STM32C092KBU6, STM32C092KCT6, STM32C092KCU6, STM32C092RBT6, STM32C092RCI6, STM32C092RCT6, STM32G071K8TXN, STM32G071K8UXN, STM32G081GBU6N, STM32G081KBT6N, STM32G081KBUXN, STM32G0B1CCT6N, STM32G0B1KCT6, STM32G0B1NEY6TR, STM32G0B1RCT6N, STM32G0C1CCT6, STM32G0C1CCT6N, STM32G0C1CCU6N, STM32G0C1CET6N, STM32G0C1CEU6N, STM32G0C1KCT6, STM32G0C1NEY6TR, STM32G0C1RCI6N, STM32G0C1RCT6N, STM32G0C1REI6N, STM32G0C1RET6N, STM32G0C1VCI6, STM32G0C1VEI6, STM32G411C6T3, STM32G411C6T6, STM32G411C6U3, STM32G411C6U6, STM32G411C8T3, STM32G411C8T6, STM32G411C8U3, STM32G411C8U6, STM32G411CBT3, STM32G411CBT6, STM32G411CBU3, STM32G411CBU6, STM32G411CCT3, STM32G411CCT6, STM32G411CCU3, STM32G411CCU6, STM32G411K6T3, STM32G411K6T6, STM32G411K6U3, STM32G411K6U6, STM32G411K8T3, STM32G411K8T6, STM32G411K8U3, STM32G411K8U6, STM32G411KBT3, STM32G411KBT6, STM32G411KBU3, STM32G411KBU6, STM32G411M6T3, STM32G411M6T6, STM32G411M8T3, STM32G411M8T6, STM32G411MBT3, STM32G411MBT6, STM32G411MCT3, STM32G411MCT6, STM32G411R6T3, STM32G411R6T6, STM32G411R8T3, STM32G411R8T6, STM32G411RBT3, STM32G411RBT6, STM32G411RCT3, STM32G411RCT6, STM32G414CBT3, STM32G414CBT6, STM32G414CBU3, STM32G414CBU6, STM32G414CCT3, STM32G414CCT6, STM32G414CCU3, STM32G414CCU6, STM32G414MBT3, STM32G414MBT6, STM32G414MCT3, STM32G414MCT6, STM32G414RBT3, STM32G414RBT6, STM32G414RCT3, STM32G414RCT6, STM32G414VBT3, STM32G414VBT6, STM32G414VCT3, STM32G414VCT6, STM32G431CBT3Z, STM32G431RBT3Z, STM32G471CCT6, STM32G471CCU6, STM32G471CET3, STM32G471CET6, STM32G471CEU3, STM32G471CEU6, STM32G471MCT6, STM32G471MET3, STM32G471MET6, STM32G471MEY6TR, STM32G471QCT6, STM32G471QET3, STM32G471RCT6, STM32G471RET3, STM32G471RET6, STM32G471VCH6, STM32G471VCI6, STM32G471VCT6, STM32G471VEH3, STM32G471VEH6, STM32G471VEI3, STM32G471VEI6, STM32G471VET3, STM32G471VET6, STM32G473QET3Z, STM32G473RET3Z, STM32G474CCT6, STM32G491RET3Z, STM32H503CBT6, STM32H503CBU6, STM32H503EBY6TR, STM32H503KBU6, STM32H503RBT6, STM32H523CCT6, STM32H523CCU6, STM32H523CET6, STM32H523CEU6, STM32H523HEY6TR, STM32H523RCT6, STM32H523RET6, STM32H523VCI6, STM32H523VCT6, STM32H523VEI6, STM32H523VET6, STM32H523ZCJ6, STM32H523ZCT6, STM32H523ZEJ6, STM32H523ZET6, STM32H533CET6, STM32H533CEU6, STM32H533HEY6TR, STM32H533RET6, STM32H533VEI6, STM32H533VET6, STM32H533ZEJ6, STM32H533ZET6, STM32H562AGI6, STM32H562AII6, STM32H562IGK6, STM32H562IGT6, STM32H562IIK6, STM32H562IIT6, STM32H562RGT6, STM32H562RGV6, STM32H562RIT6, STM32H562RIV6, STM32H562VGT6, STM32H562VIT6, STM32H562ZGT6, STM32H562ZIT6, STM32H563AGI6, STM32H563AII3Q, STM32H563AII6, STM32H563IGK6, STM32H563IGT6, STM32H563IIK3Q, STM32H563IIK6, STM32H563IIT3Q, STM32H563IIT6, STM32H563MIY3QTR, STM32H563RGT6, STM32H563RGV6, STM32H563RIT6, STM32H563RIV6, STM32H563VGT6, STM32H563VIT3Q, STM32H563VIT6, STM32H563ZGT6, STM32H563ZIT3Q, STM32H563ZIT6, STM32H573AII3Q, STM32H573AII6, STM32H573I-DK, STM32H573IIK3Q, STM32H573IIK6, STM32H573IIT3Q, STM32H573IIT6, STM32H573MIY3QTR, STM32H573RIT6, STM32H573RIV6, STM32H573VIT3Q, STM32H573VIT6, STM32H573ZIT3Q, STM32H573ZIT6, STM32H7R3A8I6, STM32H7R3I8K6, STM32H7R3I8T6, STM32H7R3L8H6, STM32H7R3L8H6H, STM32H7R3R8V6, STM32H7R3V8H6, STM32H7R3V8T6, STM32H7R3V8Y6TR, STM32H7R3Z8J6, STM32H7R3Z8T6, STM32H7R7A8I6, STM32H7R7I8K6, STM32H7R7I8T6, STM32H7R7L8H6, STM32H7R7L8H6H, STM32H7R7Z8J6, STM32H7S3A8I6, STM32H7S3I8K6, STM32H7S3I8T6, STM32H7S3L8H6, STM32H7S3L8H6H, STM32H7S3R8V6, STM32H7S3V8H6, STM32H7S3V8T6, STM32H7S3V8Y6TR, STM32H7S3Z8J6, STM32H7S3Z8T6, STM32H7S78-DK, STM32H7S7A8I6, STM32H7S7I8K6, STM32H7S7I8T6, STM32H7S7L8H6, STM32H7S7L8H6H, STM32H7S7Z8J6, STM32L4R5QGI6STR, STM32MP131AAE3, STM32MP131AAF3, STM32MP131AAG3, STM32MP131CAE3, STM32MP131CAF3, STM32MP131CAG3, STM32MP131DAE7, STM32MP131DAF7, STM32MP131DAG7, STM32MP131FAE7, STM32MP131FAF7, STM32MP131FAG7, STM32MP133AAE3, STM32MP133AAF3, STM32MP133AAG3, STM32MP133CAE3, STM32MP133CAF3, STM32MP133CAG3, STM32MP133DAE7, STM32MP133DAF7, STM32MP133DAG7, STM32MP133FAE7, STM32MP133FAF7, STM32MP133FAG7, STM32MP135AAE3, STM32MP135AAF3, STM32MP135AAG3, STM32MP135CAE3, STM32MP135CAF3, STM32MP135CAG3, STM32MP135DAE7, STM32MP135DAF7, STM32MP135DAG7, STM32MP135F-DK, STM32MP135FAE7, STM32MP135FAF7, STM32MP135FAF7T, STM32MP135FAF7U, STM32MP135FAG7, STM32MP231AAJ3, STM32MP231AAK3, STM32MP231AAL3, STM32MP231CAJ3, STM32MP231CAK3, STM32MP231CAL3, STM32MP231DAJ3, STM32MP231DAK3, STM32MP231DAL3, STM32MP231FAJ3, STM32MP231FAK3, STM32MP231FAL3, STM32MP233AAJ3, STM32MP233AAK3, STM32MP233AAL3, STM32MP233CAJ3, STM32MP233CAK3, STM32MP233CAL3, STM32MP233DAJ3, STM32MP233DAK3, STM32MP233DAL3, STM32MP233FAJ3, STM32MP233FAK3, STM32MP233FAL3, STM32MP235AAJ3, STM32MP235AAK3, STM32MP235AAL3, STM32MP235CAJ3, STM32MP235CAK3, STM32MP235CAL3, STM32MP235DAJ3, STM32MP235DAK3, STM32MP235DAL3, STM32MP235FAJ3, STM32MP235FAK3, STM32MP235FAL3, STM32MP251AAI3, STM32MP251AAJ3, STM32MP251AAK3, STM32MP251AAL3, STM32MP251CAI3, STM32MP251CAJ3, STM32MP251CAK3, STM32MP251CAL3, STM32MP251DAI3, STM32MP251DAJ3, STM32MP251DAK3, STM32MP251DAL3, STM32MP251FAI3, STM32MP251FAJ3, STM32MP251FAK3, STM32MP251FAL3, STM32MP253AAI3, STM32MP253AAJ3, STM32MP253AAK3, STM32MP253AAL3, STM32MP253CAI3, STM32MP253CAJ3, STM32MP253CAK3, STM32MP253CAL3, STM32MP253DAI3, STM32MP253DAJ3, STM32MP253DAK3, STM32MP253DAL3, STM32MP253FAI3, STM32MP253FAJ3, STM32MP253FAK3, STM32MP253FAL3, STM32MP255AAI3, STM32MP255AAJ3, STM32MP255AAK3, STM32MP255AAL3, STM32MP255CAI3, STM32MP255CAJ3, STM32MP255CAK3, STM32MP255CAL3, STM32MP255DAI3, STM32MP255DAJ3, STM32MP255DAK3, STM32MP255DAL3, STM32MP255FAI3, STM32MP255FAJ3, STM32MP255FAK3, STM32MP255FAL3, STM32MP257AAI3, STM32MP257AAJ3, STM32MP257AAK3, STM32MP257AAL3, STM32MP257CAI3, STM32MP257CAJ3, STM32MP257CAK3, STM32MP257CAL3, STM32MP257DAI3, STM32MP257DAJ3, STM32MP257DAK3, STM32MP257DAL3, STM32MP257F-DK, STM32MP257F-EV1, STM32MP257FAI3, STM32MP257FAJ3, STM32MP257FAK3, STM32MP257FAL3, STM32N645A0H3Q, STM32N645B0H3Q, STM32N645I0H3Q, STM32N645L0H3Q, STM32N645X0H3Q, STM32N645Z0H3Q, STM32N647A0H3Q, STM32N647B0H3Q, STM32N647I0H3Q, STM32N647L0H3Q, STM32N647X0H3Q, STM32N647Z0H3Q, STM32N655A0H3Q, STM32N655B0H3Q, STM32N655I0H3Q, STM32N655L0H3Q, STM32N655X0H3Q, STM32N655Z0H3Q, STM32N6570-DK, STM32N657A0H3Q, STM32N657B0H3Q, STM32N657I0H3Q, STM32N657L0H3Q, STM32N657X0H3Q, STM32N657Z0H3Q, STM32U031C6T6, STM32U031C6U6, STM32U031C8T6, STM32U031C8U6, STM32U031F4P6, STM32U031F6P6, STM32U031F8P6, STM32U031G6Y6TR, STM32U031G8Y6TR, STM32U031K4U6, STM32U031K6U6, STM32U031K8U6, STM32U031R6I6, STM32U031R6T6, STM32U031R8I6, STM32U031R8T6, STM32U073C8T6, STM32U073C8U6, STM32U073CBT6, STM32U073CBU6, STM32U073CCT6, STM32U073CCU6, STM32U073H8Y6TR, STM32U073HBY6TR, STM32U073HCY6TR, STM32U073K8U6, STM32U073KBU6, STM32U073KCU6, STM32U073M8I6, STM32U073M8T6, STM32U073MBI6, STM32U073MBT6, STM32U073MCI6, STM32U073MCT6, STM32U073R8I6, STM32U073R8T6, STM32U073RBI6, STM32U073RBT6, STM32U073RCI6, STM32U073RCT6, STM32U083C-DK, STM32U083CCT6, STM32U083CCU6, STM32U083HCY6TR, STM32U083KCU6, STM32U083MCI6, STM32U083MCT6, STM32U083RCI6, STM32U083RCT6, STM32U375CET6, STM32U375CET6Q, STM32U375CEU6, STM32U375CEU6Q, STM32U375CEY6QTR, STM32U375CGT6, STM32U375CGT6Q, STM32U375CGU6, STM32U375CGU6Q, STM32U375CGY6QTR, STM32U375KEU6, STM32U375KGU6, STM32U375REI6, STM32U375REI6Q, STM32U375RET6, STM32U375RET6Q, STM32U375REY6GTR, STM32U375REY6QTR, STM32U375RGI6, STM32U375RGI6Q, STM32U375RGT6, STM32U375RGT6Q, STM32U375RGY6GTR, STM32U375RGY6QTR, STM32U375VEI6, STM32U375VEI6Q, STM32U375VET6, STM32U375VET6Q, STM32U375VGI6, STM32U375VGI6Q, STM32U375VGT6, STM32U375VGT6Q, STM32U385CGT6, STM32U385CGT6Q, STM32U385CGU6, STM32U385CGU6Q, STM32U385CGY6QTR, STM32U385KGU6, STM32U385RGI6, STM32U385RGI6Q, STM32U385RGT6, STM32U385RGT6Q, STM32U385RGY6GTR, STM32U385RGY6QTR, STM32U385VGI6, STM32U385VGI6Q, STM32U385VGT6, STM32U385VGT6Q, STM32U535CBT6, STM32U535CBT6Q, STM32U535CBU6, STM32U535CBU6Q, STM32U535CCT6, STM32U535CCT6Q, STM32U535CCU6, STM32U535CCU6Q, STM32U535CET6, STM32U535CET6Q, STM32U535CEU6, STM32U535CEU6Q, STM32U535JEY6QTR, STM32U535NCY6QTR, STM32U535NEY6QTR, STM32U535RBI6, STM32U535RBI6Q, STM32U535RBT6, STM32U535RBT6Q, STM32U535RCI6, STM32U535RCI6Q, STM32U535RCT6, STM32U535RCT6Q, STM32U535REI6, STM32U535REI6Q, STM32U535RET6, STM32U535RET6Q, STM32U535VCI6, STM32U535VCI6Q, STM32U535VCT6, STM32U535VCT6Q, STM32U535VEI6, STM32U535VEI6Q, STM32U535VET6, STM32U535VET6Q, STM32U545CET6, STM32U545CET6Q, STM32U545CEU6, STM32U545CEU6Q, STM32U545JEY6QTR, STM32U545NEY6QTR, STM32U545REI6, STM32U545REI6Q, STM32U545RET6, STM32U545RET6Q, STM32U545VEI6, STM32U545VEI6Q, STM32U545VET6, STM32U545VET6Q, STM32U595AIH6, STM32U595AIH6Q, STM32U595AJH6, STM32U595AJH6Q, STM32U595QII6, STM32U595QII6Q, STM32U595QJI6, STM32U595QJI6Q, STM32U595RIT6, STM32U595RIT6Q, STM32U595RJT6, STM32U595RJT6Q, STM32U595VIT6, STM32U595VIT6Q, STM32U595VJT6, STM32U595VJT6Q, STM32U595ZIT6, STM32U595ZIT6Q, STM32U595ZIY6QTR, STM32U595ZJT6, STM32U595ZJT6Q, STM32U595ZJY6QTR, STM32U599BJY6QTR, STM32U599NIH6Q, STM32U599NJH6Q, STM32U599VIT6Q, STM32U599VJT6, STM32U599VJT6Q, STM32U599ZIT6Q, STM32U599ZIY6QTR, STM32U599ZJT6Q, STM32U599ZJY6QTR, STM32U5A5AJH6, STM32U5A5AJH6Q, STM32U5A5QII3Q , STM32U5A5QJI6, STM32U5A5QJI6Q, STM32U5A5RJT6, STM32U5A5RJT6Q, STM32U5A5VJT6, STM32U5A5VJT6Q, STM32U5A5ZJT6, STM32U5A5ZJT6Q, STM32U5A5ZJY6QTR, STM32U5A9BJY6QTR, STM32U5A9J-DK, STM32U5A9NJH6Q, STM32U5A9VJT6Q, STM32U5A9ZJT6Q, STM32U5A9ZJY6QTR, STM32U5F7VIT6, STM32U5F7VIT6Q, STM32U5F7VJT6, STM32U5F7VJT6Q, STM32U5F9BJY6QTR, STM32U5F9NJH6Q, STM32U5F9VIT6Q, STM32U5F9VJT6Q, STM32U5F9ZIJ6QTR, STM32U5F9ZIT6Q, STM32U5F9ZJJ6QTR, STM32U5F9ZJT6Q, STM32U5G7VJT6, STM32U5G7VJT6Q, STM32U5G9BJY6QTR, STM32U5G9J-DK1, STM32U5G9J-DK2, STM32U5G9NJH6Q, STM32U5G9VJT6Q, STM32U5G9ZJJ6QTR, STM32U5G9ZJT6Q, STM32WB05KZV6TR, STM32WB05KZV7TR, STM32WB05TZF6TR, STM32WB05TZF7TR, STM32WB06CCF6TR, STM32WB06CCF7TR, STM32WB06CCV6TR, STM32WB06CCV7TR, STM32WB06KCV6TR, STM32WB06KCV7TR, STM32WB07CCF6TR, STM32WB07CCF7TR, STM32WB07CCV6TR, STM32WB07CCV7TR, STM32WB07KCV6TR, STM32WB07KCV7TR, STM32WB09KEV6TR, STM32WB09KEV7TR, STM32WB09TEF6TR, STM32WB09TEF7TR, STM32WB1MMCH6, STM32WBA50KGU6, STM32WBA50KGU6TR, STM32WBA52CEU6, STM32WBA52CEU6TR, STM32WBA52CEU7, STM32WBA52CEU7TR, STM32WBA52CGU6, STM32WBA52CGU6TR, STM32WBA52CGU6U, STM32WBA52CGU7, STM32WBA52CGU7TR, STM32WBA52KEU6, STM32WBA52KEU6TR, STM32WBA52KGU6, STM32WBA52KGU6TR, STM32WBA54CEU6, STM32WBA54CEU6TR, STM32WBA54CEU7, STM32WBA54CEU7TR, STM32WBA54CGU6, STM32WBA54CGU6TR, STM32WBA54CGU7, STM32WBA54CGU7TR, STM32WBA54KEU6, STM32WBA54KEU6TR, STM32WBA54KEU7, STM32WBA54KEU7TR, STM32WBA54KGU6, STM32WBA54KGU6TR, STM32WBA54KGU7, STM32WBA54KGU7TR, STM32WBA55CEU6, STM32WBA55CEU6TR, STM32WBA55CEU7, STM32WBA55CEU7TR, STM32WBA55CGU6, STM32WBA55CGU6TR, STM32WBA55CGU6U, STM32WBA55CGU7, STM32WBA55CGU7TR, STM32WBA55G-DK1, STM32WBA55HEF6, STM32WBA55HEF7, STM32WBA55HGF6, STM32WBA55HGF7, STM32WBA55UEI6, STM32WBA55UEI6TR, STM32WBA55UEI7, STM32WBA55UEI7TR, STM32WBA55UGI6, STM32WBA55UGI6TR, STM32WBA55UGI7, STM32WBA55UGI7TR, STM32WBA5MJGH6TR, STM32WBA62CGU6, STM32WBA62CIU6, STM32WBA62MGF6, STM32WBA62MIF6, STM32WBA62PGI6, STM32WBA62PII6, STM32WBA63CGU6, STM32WBA63CGU7, STM32WBA63CIU6, STM32WBA63CIU7, STM32WBA64CGU6, STM32WBA64CGU7, STM32WBA64CIU6, STM32WBA64CIU7, STM32WBA65CGU6, STM32WBA65CGU7, STM32WBA65CIU6, STM32WBA65CIU7, STM32WBA65I-DK1, STM32WBA65MGF6, STM32WBA65MGF7, STM32WBA65MIF6, STM32WBA65MIF7, STM32WBA65PGI6, STM32WBA65PGI7, STM32WBA65PII6, STM32WBA65PII7, STM32WBA65RGV6, STM32WBA65RGV7, STM32WBA65RIV6, STM32WBA65RIV7, STM32WL30K8V6, STM32WL30KBV6, STM32WL31C8V6, STM32WL31CBV6, STM32WL31K8V6, STM32WL31KBV6, STM32WL33C8V6, STM32WL33C8V6TR, STM32WL33C8V7, STM32WL33C8V7TR, STM32WL33CBV6, STM32WL33CBV6TR, STM32WL33CBV7, STM32WL33CBV7TR, STM32WL33CCV6, STM32WL33CCV6TR, STM32WL33CCV7, STM32WL33CCV7A, STM32WL33CCV7ATR, STM32WL33CCV7TR, STM32WL33K8V6, STM32WL33K8V6TR, STM32WL33K8V7, STM32WL33K8V7TR, STM32WL33KBV6, STM32WL33KBV6TR, STM32WL33KBV7, STM32WL33KBV7TR, STM32WL33KCV6, STM32WL33KCV6TR, STM32WL33KCV7, STM32WL33KCV7TR, STM32WL5MOCH6, STM32WL5MOCH6TR]
2025-04-23 16:53:58,175 [INFO] DbMcus:218 - Found 4686 MCUs, 4686 are supported
2025-04-23 16:53:58,178 [INFO] ApiDb:423 - Load user favorites file C:\Users\eec9960/.stm32cubeide/favorites.mcus.txt: 0 item(s)
2025-04-23 16:53:58,178 [INFO] ApiDb:427 - User favorites MCUs=[]
2025-04-23 16:53:58,179 [INFO] DbMcus:224 - Set 0 / 0 favorites MCUs
2025-04-23 16:53:58,398 [INFO] ApiDb:414 - User favorites file not found: C:\Users\eec9960/.stm32cubeide/favorites.boards.txt
2025-04-23 16:53:58,399 [INFO] DbBoards:198 - Set 0 / 0 favorites Boards
2025-04-23 16:53:58,400 [INFO] McuFinderGlobals:76 - Set McuFinderConnectedMode to true
2025-04-23 16:53:58,406 [INFO] MultiScanPanel:200 - Auto-refresh data requested => check proxy status ongoing
2025-04-23 16:53:58,409 [INFO] FinderPluginLoader:95 - Searching for filters in installed packs
2025-04-23 16:53:59,191 [INFO] LoadUrlFilesThread:185 - End of LoadServerUrlFiles without Thread
2025-04-23 16:53:59,232 [INFO] DetailPanel:341 - Set advertising image to C:/Users/eec9960/STM32Cube/Repository/\en.prom-stm32u3-mcu-finder.jpg
2025-04-23 16:54:56,879 [INFO] MainUpdater:2872 - connection check result : 10
2025-04-23 16:54:56,880 [INFO] MainUpdater:2872 - connection check result : 10
2025-04-23 16:54:56,890 [INFO] MicroXplorer:468 - Change Database Path : 
2025-04-23 16:54:56,891 [INFO] MicroXplorer:498 - Change Database Version : DB.6.0.140
2025-04-23 16:54:56,895 [WARN] ThirdParty:871 - waiting for thirdparty lock release [close project]
2025-04-23 16:54:56,895 [INFO] ThirdParty:873 - entering critical section [close project]
2025-04-23 16:54:56,896 [INFO] ThirdParty:883 - exiting critical section [close project]
2025-04-23 16:54:56,898 [INFO] PinOutPanel:1589 - setPackage(No Configuration,No Configuration)
2025-04-23 16:54:56,901 [INFO] UtilMem:75 - Begin LoadConfig() Used Memory: 696773040 Bytes (1073741824)
2025-04-23 16:55:11,131 [INFO] ServerAccessManage:473 - Download File stm32cube_db_v60111.zip
2025-04-23 16:55:13,351 [INFO] FileExtend:242 - Unzip File : stm32cube_db_v60111.zip
2025-04-23 16:55:13,352 [INFO] FileExtend:257 - Standard Zip Deflate
2025-04-23 16:55:16,861 [INFO] LoadServerPackagesThread:196 - End of LoadServerPackages Thread
2025-04-23 16:55:17,008 [INFO] CheckServerUpdateThread:120 - End of CheckServer Thread
2025-04-23 16:55:44,840 [INFO] MainUpdater:2872 - connection check result : 10
2025-04-23 16:55:44,841 [INFO] MainUpdater:2872 - connection check result : 10
2025-04-23 16:55:44,847 [INFO] MicroXplorer:468 - Change Database Path : 
2025-04-23 16:55:44,851 [INFO] MicroXplorer:498 - Change Database Version : DB.6.0.140
2025-04-23 16:55:44,852 [WARN] ThirdParty:871 - waiting for thirdparty lock release [close project]
2025-04-23 16:55:44,852 [INFO] ThirdParty:873 - entering critical section [close project]
2025-04-23 16:55:44,853 [INFO] ThirdParty:883 - exiting critical section [close project]
2025-04-23 16:55:44,854 [INFO] PinOutPanel:1589 - setPackage(No Configuration,No Configuration)
2025-04-23 16:55:44,855 [INFO] UtilMem:75 - Begin LoadConfig() Used Memory: 1053719560 Bytes (1073741824)
2025-04-23 16:55:44,861 [INFO] MicroXplorer:468 - Change Database Path : C:/Users/eec9960/.stm32cubemx/databases/DB.6.0.111/db/
2025-04-23 16:55:44,862 [INFO] MicroXplorer:498 - Change Database Version : DB.6.0.111
2025-04-23 16:55:46,393 [INFO] MicroXplorer:468 - Change Database Path : 
2025-04-23 16:55:46,394 [INFO] MicroXplorer:498 - Change Database Version : DB.6.0.140
2025-04-23 16:55:46,395 [INFO] OpenFileManager:354 - Change cursor
2025-04-23 16:55:46,420 [INFO] Mcu:2011 - Initializing MCU STM32L476R(C-E-G)Tx STM32L476RGTx STM32L476RGT3
2025-04-23 16:55:47,917 [INFO] Context:756 - Trying to add GPIOservice into a context  which must be forbidden
2025-04-23 16:55:48,257 [INFO] Rule:224 - rule Adapt Old IOC before rework replace old CORTEX_M33/CORTEX_M55 attributes by the new one. is applicable
2025-04-23 16:55:48,258 [INFO] Rule:224 - rule Rename parametre of RCC RCC_APBDBG_DIV2 to RCC_TIMPRES_DIV2 is applicable
2025-04-23 16:55:48,259 [INFO] Rule:224 - rule Rename DIE493 pin PA10 [PA12] -> PA10 is applicable
2025-04-23 16:55:48,259 [INFO] Rule:224 - rule Rename DIE493 pin PA9 [PA11] -> PA9 is applicable
2025-04-23 16:55:48,261 [INFO] DbConfProperties:307 - Apply Compatibility (0/4 Rules)
2025-04-23 16:55:48,279 [INFO] ImportTextPane:218 - (OptionalMessage_ERROR) Pin18 (VP_RIF_VS_RIF1) cannot be retrieved for this MCU
2025-04-23 16:55:48,456 [INFO] RtosManager:558 - Registered RTOS mode: class=CMSIS, group=RTOS, mode=CMSIS_V1, owner=FREERTOS
2025-04-23 16:55:48,457 [INFO] RtosManager:558 - Registered RTOS mode: class=CMSIS, group=RTOS2, mode=CMSIS_V2, owner=FREERTOS
2025-04-23 16:55:48,458 [INFO] RtosManager:558 - Registered RTOS mode: class=RTOS, group=Core, mode=CMSIS_V1, owner=FREERTOS
2025-04-23 16:55:48,458 [INFO] RtosManager:558 - Registered RTOS mode: class=RTOS, group=Core, mode=CMSIS_V2, owner=FREERTOS
2025-04-23 16:55:48,459 [WARN] ModelIntegratedComponent:184 - Missing modes for component STMicroelectronics:FreeRTOS:0.0.1:STMicroelectronics:RTOS:FreeRTOS:Core:::10.2.0:
2025-04-23 16:55:48,478 [WARN] ModelIntegratedComponent:63 - No mode defined for component null
2025-04-23 16:55:48,479 [WARN] ModelIntegratedComponent:63 - No mode defined for component null
2025-04-23 16:55:48,480 [WARN] ModelIntegratedComponent:63 - No mode defined for component null
2025-04-23 16:55:48,481 [WARN] ModelIntegratedComponent:63 - No mode defined for component null
2025-04-23 16:55:48,482 [WARN] ModelIntegratedComponent:63 - No mode defined for component null
2025-04-23 16:55:48,483 [WARN] ModelIntegratedComponent:63 - No mode defined for component null
2025-04-23 16:55:48,483 [WARN] ModelIntegratedComponent:63 - No mode defined for component null
2025-04-23 16:55:48,484 [WARN] ModelIntegratedComponent:63 - No mode defined for component null
2025-04-23 16:55:48,489 [WARN] ModelIntegratedComponent:63 - No mode defined for component null
2025-04-23 16:55:48,490 [WARN] ModelIntegratedComponent:63 - No mode defined for component null
2025-04-23 16:55:48,491 [WARN] ModelIntegratedComponent:63 - No mode defined for component null
2025-04-23 16:55:48,492 [WARN] ModelIntegratedComponent:63 - No mode defined for component null
2025-04-23 16:55:48,493 [WARN] ModelIntegratedComponent:63 - No mode defined for component null
2025-04-23 16:55:48,494 [WARN] ModelIntegratedComponent:63 - No mode defined for component null
2025-04-23 16:55:48,496 [WARN] ModelIntegratedComponent:63 - No mode defined for component null
2025-04-23 16:55:48,497 [WARN] ModelIntegratedComponent:63 - No mode defined for component null
2025-04-23 16:55:48,497 [WARN] ModelIntegratedComponent:63 - No mode defined for component null
2025-04-23 16:55:48,498 [WARN] ModelIntegratedComponent:63 - No mode defined for component null
2025-04-23 16:55:48,499 [WARN] ModelIntegratedComponent:63 - No mode defined for component null
2025-04-23 16:55:48,500 [WARN] ModelIntegratedComponent:63 - No mode defined for component null
2025-04-23 16:55:48,501 [WARN] ModelIntegratedComponent:63 - No mode defined for component null
2025-04-23 16:55:48,501 [WARN] ModelIntegratedComponent:63 - No mode defined for component null
2025-04-23 16:55:48,502 [WARN] ModelIntegratedComponent:63 - No mode defined for component null
2025-04-23 16:55:48,503 [WARN] ModelIntegratedComponent:63 - No mode defined for component null
2025-04-23 16:55:48,504 [WARN] ModelIntegratedComponent:63 - No mode defined for component null
2025-04-23 16:55:48,505 [WARN] ModelIntegratedComponent:63 - No mode defined for component null
2025-04-23 16:55:48,505 [WARN] ModelIntegratedComponent:63 - No mode defined for component null
2025-04-23 16:55:48,506 [WARN] ModelIntegratedComponent:63 - No mode defined for component null
2025-04-23 16:55:48,507 [WARN] ModelIntegratedComponent:63 - No mode defined for component null
2025-04-23 16:55:48,507 [WARN] ModelIntegratedComponent:63 - No mode defined for component null
2025-04-23 16:55:48,508 [WARN] ModelIntegratedComponent:63 - No mode defined for component null
2025-04-23 16:55:48,508 [WARN] ModelIntegratedComponent:63 - No mode defined for component null
2025-04-23 16:55:48,509 [WARN] ModelIntegratedComponent:63 - No mode defined for component null
2025-04-23 16:55:48,510 [WARN] ModelIntegratedComponent:63 - No mode defined for component null
2025-04-23 16:55:48,510 [WARN] ModelIntegratedComponent:63 - No mode defined for component null
2025-04-23 16:55:48,511 [WARN] ModelPack:524 - Component already loaded: STMicroelectronics:HAL Drivers:0.0.0:STMicroelectronics:Device:STMicro_Driver:XSPI:HAL::0.0.1:HAL_XSPI
2025-04-23 16:55:48,532 [INFO] ThirdPartyModel:298 - Start build external matchings
2025-04-23 16:55:48,712 [INFO] ThirdPartyModel:316 - End build external matchings
2025-04-23 16:55:48,722 [INFO] RtosManager:967 - Current active RTOS is FREERTOS [Cortex-M4NS]
2025-04-23 16:55:48,729 [INFO] ImportTextPane:218 - (OptionalMessage_ERROR) IP (RCC) : Invalid parameter (FamilyName)
2025-04-23 16:55:48,732 [INFO] ImportTextPane:218 - (OptionalMessage_ERROR) IP (RCC) : Parameter (RNGFreq_Value) has invalid value (64000000)
2025-04-23 16:55:48,734 [INFO] ImportTextPane:218 - (OptionalMessage_ERROR) IP (RCC) : Parameter (SDMMCFreq_Value) has invalid value (64000000)
2025-04-23 16:55:48,734 [INFO] ImportTextPane:218 - (OptionalMessage_ERROR) IP (RCC) : Parameter (USBFreq_Value) has invalid value (64000000)
2025-04-23 16:55:49,049 [INFO] UtilMem:75 - End LoadConfig() Used Memory: 808213152 Bytes (1073741824)
2025-04-23 16:55:49,120 [WARN] ThirdParty:833 - waiting for thirdparty lock release [change project]
2025-04-23 16:55:49,122 [INFO] ThirdParty:835 - entering critical section [change project]
2025-04-23 16:55:49,122 [INFO] ThirdParty:1030 - CMSIS Pack Vendor :STMicroelectronics USBPD 4.1
2025-04-23 16:55:49,123 [INFO] ThirdParty:1030 - CMSIS Pack Vendor :STMicroelectronics X-CUBE-AZRTOS-H7 3.3.0
2025-04-23 16:55:49,124 [INFO] ThirdParty:1030 - CMSIS Pack Vendor :STMicroelectronics X-CUBE-NFC9 1.0.0
2025-04-23 16:55:49,126 [INFO] ThirdParty:1030 - CMSIS Pack Vendor :STMicroelectronics USB_HOST 2.0.0
2025-04-23 16:55:49,126 [INFO] ThirdParty:1030 - CMSIS Pack Vendor :STMicroelectronics FP-SNS-MOTENVWB1 1.4.0
2025-04-23 16:55:49,127 [INFO] ThirdParty:1030 - CMSIS Pack Vendor :STMicroelectronics X-CUBE-AZRTOS-F4 1.1.0
2025-04-23 16:55:49,127 [INFO] ThirdParty:1030 - CMSIS Pack Vendor :STMicroelectronics LIBJPEG 8.0.0
2025-04-23 16:55:49,128 [INFO] ThirdParty:1030 - CMSIS Pack Vendor :STMicroelectronics FP-ATR-ASTRA1 2.0.2
2025-04-23 16:55:49,129 [INFO] ThirdParty:1030 - CMSIS Pack Vendor :STMicroelectronics X-CUBE-BLE1 7.1.0
2025-04-23 16:55:49,129 [INFO] ThirdParty:1030 - CMSIS Pack Vendor :Avnet-IotConnect X-CUBE-IoTC-DA16k-PMOD 1.0.0
2025-04-23 16:55:49,130 [INFO] ThirdParty:1030 - CMSIS Pack Vendor :STMicroelectronics X-CUBE-SMBUS 2.1.0
2025-04-23 16:55:49,131 [INFO] ThirdParty:1030 - CMSIS Pack Vendor :wolfSSL I-CUBE-wolfMQTT 1.19.2
2025-04-23 16:55:49,132 [INFO] ThirdParty:1030 - CMSIS Pack Vendor :STMicroelectronics USB_DEVICE 3.0.0
2025-04-23 16:55:49,132 [INFO] ThirdParty:1030 - CMSIS Pack Vendor :STMicroelectronics X-CUBE-ISPU 2.1.0
2025-04-23 16:55:49,133 [INFO] ThirdParty:1030 - CMSIS Pack Vendor :STMicroelectronics X-CUBE-AZRTOS-WB 2.0.0
2025-04-23 16:55:49,134 [INFO] ThirdParty:1030 - CMSIS Pack Vendor :STMicroelectronics X-CUBE-GNSS1 7.0.1
2025-04-23 16:55:49,135 [INFO] ThirdParty:1030 - CMSIS Pack Vendor :STMicroelectronics X-CUBE-AZRTOS-F7 1.1.0
2025-04-23 16:55:49,135 [INFO] ThirdParty:1030 - CMSIS Pack Vendor :STMicroelectronics X-CUBE-AZRTOS-L5 2.0.0
2025-04-23 16:55:49,136 [INFO] ThirdParty:1030 - CMSIS Pack Vendor :STMicroelectronics X-CUBE-TOUCHGFX 4.25.0
2025-04-23 16:55:49,136 [INFO] ThirdParty:1030 - CMSIS Pack Vendor :STMicroelectronics USB_DEVICE 2.0.0
2025-04-23 16:55:49,137 [INFO] ThirdParty:1030 - CMSIS Pack Vendor :STMicroelectronics X-CUBE-NFC6 3.1.0
2025-04-23 16:55:49,137 [INFO] ThirdParty:1030 - CMSIS Pack Vendor :STMicroelectronics FP-SNS-STBOX1 2.0.0
2025-04-23 16:55:49,138 [INFO] ThirdParty:1030 - CMSIS Pack Vendor :STMicroelectronics X-CUBE-MEMS1 11.2.0
2025-04-23 16:55:49,139 [INFO] ThirdParty:1030 - CMSIS Pack Vendor :STMicroelectronics FreeRTOS 0.0.1
2025-04-23 16:55:49,139 [INFO] ThirdParty:1030 - CMSIS Pack Vendor :STMicroelectronics X-CUBE-AZRTOS-G0 1.1.0
2025-04-23 16:55:49,140 [INFO] ThirdParty:1030 - CMSIS Pack Vendor :STMicroelectronics X-CUBE-SAFEA1 1.2.2
2025-04-23 16:55:49,140 [INFO] ThirdParty:1030 - CMSIS Pack Vendor :STMicroelectronics X-CUBE-NFC4 3.0.0
2025-04-23 16:55:49,141 [INFO] ThirdParty:1030 - CMSIS Pack Vendor :STMicroelectronics X-CUBE-SUBG2 5.0.0
2025-04-23 16:55:49,141 [INFO] ThirdParty:1030 - CMSIS Pack Vendor :STMicroelectronics X-CUBE-AZRTOS-H7RS 1.1.0
2025-04-23 16:55:49,142 [INFO] ThirdParty:1030 - CMSIS Pack Vendor :STMicroelectronics STM32_WPAN 1.0.0
2025-04-23 16:55:49,142 [INFO] ThirdParty:1030 - CMSIS Pack Vendor :EmbeddedOffice I-CUBE-FS-RTOS 1.0.1
2025-04-23 16:55:49,143 [INFO] ThirdParty:1030 - CMSIS Pack Vendor :STMicroelectronics lwIP 2.0.3
2025-04-23 16:55:49,144 [INFO] ThirdParty:1030 - CMSIS Pack Vendor :Cesanta I-CUBE-Mongoose 7.13.0
2025-04-23 16:55:49,144 [INFO] ThirdParty:1030 - CMSIS Pack Vendor :STMicroelectronics USB_HOST 1.0.0
2025-04-23 16:55:49,145 [INFO] ThirdParty:1030 - CMSIS Pack Vendor :Infineon AIROC-Wi-Fi-Bluetooth-STM32 1.7.0
2025-04-23 16:55:49,145 [INFO] ThirdParty:1030 - CMSIS Pack Vendor :STMicroelectronics X-CUBE-AZRTOS-G4 2.0.0
2025-04-23 16:55:49,146 [INFO] ThirdParty:1030 - CMSIS Pack Vendor :STMicroelectronics X-CUBE-WB05N 2.0.0
2025-04-23 16:55:49,146 [INFO] ThirdParty:1030 - CMSIS Pack Vendor :STMicroelectronics PDM2PCM 3.1.0
2025-04-23 16:55:49,147 [INFO] ThirdParty:1030 - CMSIS Pack Vendor :STMicroelectronics PDM2PCM 3.3.0
2025-04-23 16:55:49,147 [INFO] ThirdParty:1030 - CMSIS Pack Vendor :wolfSSL I-CUBE-wolfTPM 3.8.0
2025-04-23 16:55:49,148 [INFO] ThirdParty:1030 - CMSIS Pack Vendor :STMicroelectronics X-CUBE-DISPLAY 3.0.0
2025-04-23 16:55:49,149 [INFO] ThirdParty:1030 - CMSIS Pack Vendor :wolfSSL I-CUBE-wolfSSH 1.4.20
2025-04-23 16:55:49,150 [INFO] ThirdParty:1030 - CMSIS Pack Vendor :STMicroelectronics X-CUBE-TCPP 4.2.0
2025-04-23 16:55:49,150 [INFO] ThirdParty:1030 - CMSIS Pack Vendor :RealThread X-CUBE-RT-Thread_Nano 4.1.1
2025-04-23 16:55:49,150 [INFO] ThirdParty:1030 - CMSIS Pack Vendor :STMicroelectronics FP-ATR-SIGFOX1 3.2.0
2025-04-23 16:55:49,151 [INFO] ThirdParty:1030 - CMSIS Pack Vendor :STMicroelectronics X-CUBE-NFC10 1.0.0
2025-04-23 16:55:49,151 [INFO] ThirdParty:1030 - CMSIS Pack Vendor :STMicroelectronics X-CUBE-BLEMGR 4.0.0
2025-04-23 16:55:49,152 [INFO] ThirdParty:1030 - CMSIS Pack Vendor :STMicroelectronics X-CUBE-EEPRMA1 5.1.0
2025-04-23 16:55:49,152 [INFO] ThirdParty:1030 - CMSIS Pack Vendor :STMicroelectronics HAL Drivers 0.0.0
2025-04-23 16:55:49,153 [INFO] ThirdParty:1030 - CMSIS Pack Vendor :STMicroelectronics MBEDTLS 2.16.2
2025-04-23 16:55:49,154 [INFO] ThirdParty:1030 - CMSIS Pack Vendor :STMicroelectronics X-CUBE-IPS 3.1.0
2025-04-23 16:55:49,154 [INFO] ThirdParty:1030 - CMSIS Pack Vendor :STMicroelectronics X-CUBE-ALS 1.0.2
2025-04-23 16:55:49,155 [INFO] ThirdParty:1030 - CMSIS Pack Vendor :emotas I-CUBE-CANOPEN 1.3.0
2025-04-23 16:55:49,155 [INFO] ThirdParty:1030 - CMSIS Pack Vendor :STMicroelectronics X-CUBE-FREERTOS 1.3.0
2025-04-23 16:55:49,156 [INFO] ThirdParty:1030 - CMSIS Pack Vendor :STMicroelectronics X-CUBE-NFC7 1.0.1
2025-04-23 16:55:49,156 [INFO] ThirdParty:1030 - CMSIS Pack Vendor :STMicroelectronics MBEDTLS 2.14.1
2025-04-23 16:55:49,157 [INFO] ThirdParty:1030 - CMSIS Pack Vendor :wolfSSL I-CUBE-wolfSSL 5.7.6
2025-04-23 16:55:49,157 [INFO] ThirdParty:1030 - CMSIS Pack Vendor :ITTIA_DB I-CUBE-ITTIADB 8.9.0
2025-04-23 16:55:49,158 [INFO] ThirdParty:1030 - CMSIS Pack Vendor :portGmbH I-Cube-SoM-uGOAL 1.1.0
2025-04-23 16:55:49,158 [INFO] ThirdParty:1030 - CMSIS Pack Vendor :quantropi X-CUBE-qispace-sdk-base 2.0.0
2025-04-23 16:55:49,159 [INFO] ThirdParty:1030 - CMSIS Pack Vendor :STMicroelectronics X-CUBE-AI 10.0.0
2025-04-23 16:55:49,160 [INFO] ThirdParty:1030 - CMSIS Pack Vendor :STMicroelectronics ThreadX 1.0.0
2025-04-23 16:55:49,160 [INFO] ThirdParty:1030 - CMSIS Pack Vendor :STMicroelectronics FP-SNS-SMARTAG2 1.2.0
2025-04-23 16:55:49,161 [INFO] ThirdParty:1030 - CMSIS Pack Vendor :STMicroelectronics FP-SNS-FLIGHT1 5.1.0
2025-04-23 16:55:49,162 [INFO] ThirdParty:1030 - CMSIS Pack Vendor :STMicroelectronics X-CUBE-AZRTOS-WL 2.0.0
2025-04-23 16:55:49,162 [INFO] ThirdParty:1030 - CMSIS Pack Vendor :SEGGER I-CUBE-embOS 1.3.1
2025-04-23 16:55:49,163 [INFO] ThirdParty:1030 - CMSIS Pack Vendor :STMicroelectronics X-CUBE-ALGOBUILD 1.4.0
2025-04-23 16:55:49,163 [INFO] ThirdParty:1030 - CMSIS Pack Vendor :STMicroelectronics X-CUBE-DPower 1.3.0
2025-04-23 16:55:49,163 [INFO] ThirdParty:1030 - CMSIS Pack Vendor :STMicroelectronics FP-SNS-MOTENV1 5.0.0
2025-04-23 16:55:49,164 [INFO] ThirdParty:1030 - CMSIS Pack Vendor :STMicroelectronics USB_DEVICE 1.0.0
2025-04-23 16:55:49,165 [INFO] ThirdParty:1030 - CMSIS Pack Vendor :STMicroelectronics X-CUBE-AZRTOS-L4 2.0.0
2025-04-23 16:55:49,165 [INFO] ThirdParty:1030 - CMSIS Pack Vendor :STMicroelectronics ThreadX 0.0.2
2025-04-23 16:55:49,166 [INFO] ThirdParty:1030 - CMSIS Pack Vendor :WES I-CUBE-Cesium 1.3.0
2025-04-23 16:55:49,167 [INFO] ThirdParty:1030 - CMSIS Pack Vendor :STMicroelectronics lwIP 2.1.2
2025-04-23 16:55:49,167 [INFO] ThirdParty:1030 - CMSIS Pack Vendor :STMicroelectronics X-CUBE-SFXS2LP1 4.0.0
2025-04-23 16:55:49,168 [INFO] ThirdParty:1030 - CMSIS Pack Vendor :STMicroelectronics X-CUBE-BLE2 3.3.0
2025-04-23 16:55:49,169 [INFO] ThirdParty:1030 - CMSIS Pack Vendor :STMicroelectronics X-CUBE-TOF1 3.4.3
2025-04-23 16:55:49,170 [INFO] ThirdParty:1030 - CMSIS Pack Vendor :STMicroelectronics PDM2PCM 3.2.0
2025-04-23 16:55:49,170 [INFO] ThirdParty:841 - exiting critical section [change project]
2025-04-23 16:55:49,474 [INFO] PinOutPanel:1589 - setPackage(No Configuration,No Configuration)
2025-04-23 16:55:49,476 [INFO] PinOutPanel:1589 - setPackage(STM32L476RGTx,LQFP64)
2025-04-23 16:55:50,091 [INFO] UtilMem:75 - Before build in PCC Used Memory: 880682840 Bytes (1073741824)
2025-04-23 16:55:50,790 [INFO] UtilMem:75 - After build in PCC Used Memory: 980819800 Bytes (1073741824)
2025-04-23 16:55:50,893 [INFO] ApiDbMcu:508 - Load IP Config File for FREERTOS
2025-04-23 16:55:50,928 [INFO] IPUIPlugin:80 - create IPUIPlugin
2025-04-23 16:55:50,929 [INFO] IPUIPlugin:80 - create IPUIPlugin
2025-04-23 16:55:50,930 [INFO] IPUIPlugin:80 - create IPUIPlugin
2025-04-23 16:55:50,930 [INFO] IPUIPlugin:80 - create IPUIPlugin
2025-04-23 16:55:50,931 [INFO] IPUIPlugin:80 - create IPUIPlugin
2025-04-23 16:55:50,931 [INFO] IPUIPlugin:80 - create IPUIPlugin
2025-04-23 16:55:50,932 [INFO] IPUIPlugin:80 - create IPUIPlugin
2025-04-23 16:55:50,933 [INFO] IPUIPlugin:80 - create IPUIPlugin
2025-04-23 16:55:50,934 [INFO] IPUIPlugin:80 - create IPUIPlugin
2025-04-23 16:55:50,934 [INFO] IPUIPlugin:80 - create IPUIPlugin
2025-04-23 16:55:50,935 [INFO] IPUIPlugin:80 - create IPUIPlugin
2025-04-23 16:55:50,935 [INFO] IPUIPlugin:80 - create IPUIPlugin
2025-04-23 16:55:50,936 [INFO] IPUIPlugin:80 - create IPUIPlugin
2025-04-23 16:55:50,938 [INFO] IPUIPlugin:80 - create IPUIPlugin
2025-04-23 16:55:50,939 [INFO] IPUIPlugin:80 - create IPUIPlugin
2025-04-23 16:55:50,940 [INFO] IPUIPlugin:80 - create IPUIPlugin
2025-04-23 16:55:50,940 [INFO] IPUIPlugin:80 - create IPUIPlugin
2025-04-23 16:55:50,941 [INFO] IPUIPlugin:80 - create IPUIPlugin
2025-04-23 16:55:50,942 [INFO] IPUIPlugin:80 - create IPUIPlugin
2025-04-23 16:55:50,943 [INFO] IPUIPlugin:80 - create IPUIPlugin
2025-04-23 16:55:50,943 [INFO] IPUIPlugin:80 - create IPUIPlugin
2025-04-23 16:55:50,944 [INFO] IPUIPlugin:80 - create IPUIPlugin
2025-04-23 16:55:50,945 [INFO] IPUIPlugin:80 - create IPUIPlugin
2025-04-23 16:55:50,946 [INFO] IPUIPlugin:80 - create IPUIPlugin
2025-04-23 16:55:50,946 [INFO] IPUIPlugin:80 - create IPUIPlugin
2025-04-23 16:55:50,947 [INFO] IPUIPlugin:80 - create IPUIPlugin
2025-04-23 16:55:50,948 [INFO] IPUIPlugin:80 - create IPUIPlugin
2025-04-23 16:55:50,948 [INFO] IPUIPlugin:80 - create IPUIPlugin
2025-04-23 16:55:50,949 [INFO] IPUIPlugin:80 - create IPUIPlugin
2025-04-23 16:55:50,950 [INFO] IPUIPlugin:80 - create IPUIPlugin
2025-04-23 16:55:50,950 [INFO] IPUIPlugin:80 - create IPUIPlugin
2025-04-23 16:55:50,951 [INFO] IPUIPlugin:80 - create IPUIPlugin
2025-04-23 16:55:50,952 [INFO] IPUIPlugin:80 - create IPUIPlugin
2025-04-23 16:55:50,953 [INFO] IPUIPlugin:80 - create IPUIPlugin
2025-04-23 16:55:50,953 [INFO] IPUIPlugin:80 - create IPUIPlugin
2025-04-23 16:55:50,954 [INFO] IPUIPlugin:80 - create IPUIPlugin
2025-04-23 16:55:50,955 [INFO] IPUIPlugin:80 - create IPUIPlugin
2025-04-23 16:55:50,955 [INFO] IPUIPlugin:80 - create IPUIPlugin
2025-04-23 16:55:50,956 [INFO] IPUIPlugin:80 - create IPUIPlugin
2025-04-23 16:55:50,956 [INFO] IPUIPlugin:80 - create IPUIPlugin
2025-04-23 16:55:50,957 [INFO] IPUIPlugin:80 - create IPUIPlugin
2025-04-23 16:55:50,958 [INFO] IPUIPlugin:80 - create IPUIPlugin
2025-04-23 16:55:50,959 [INFO] IPUIPlugin:80 - create IPUIPlugin
2025-04-23 16:55:50,959 [INFO] IPUIPlugin:80 - create IPUIPlugin
2025-04-23 16:55:50,960 [INFO] IPUIPlugin:80 - create IPUIPlugin
2025-04-23 16:55:50,961 [INFO] IPUIPlugin:80 - create IPUIPlugin
2025-04-23 16:55:50,962 [INFO] IPUIPlugin:80 - create IPUIPlugin
2025-04-23 16:55:50,962 [INFO] IPUIPlugin:80 - create IPUIPlugin
2025-04-23 16:55:50,963 [INFO] IPUIPlugin:80 - create IPUIPlugin
2025-04-23 16:55:50,964 [INFO] IPUIPlugin:80 - create IPUIPlugin
2025-04-23 16:55:50,964 [INFO] IPUIPlugin:80 - create IPUIPlugin
2025-04-23 16:55:50,965 [INFO] IPUIPlugin:80 - create IPUIPlugin
2025-04-23 16:55:50,966 [INFO] IPUIPlugin:80 - create IPUIPlugin
2025-04-23 16:55:50,967 [INFO] IPUIPlugin:80 - create IPUIPlugin
2025-04-23 16:55:50,967 [INFO] IPUIPlugin:80 - create IPUIPlugin
2025-04-23 16:55:50,968 [INFO] IPUIPlugin:80 - create IPUIPlugin
2025-04-23 16:55:50,969 [INFO] IPUIPlugin:80 - create IPUIPlugin
2025-04-23 16:55:50,969 [INFO] IPUIPlugin:80 - create IPUIPlugin
2025-04-23 16:55:50,970 [INFO] IPUIPlugin:80 - create IPUIPlugin
2025-04-23 16:55:50,996 [WARN] FreeRTOS:1023 - Null or empty value: should not occur! (nothing added to the table)
2025-04-23 16:55:51,158 [INFO] CADModel:165 - CPN selected for project levelSTM32L476RGT3
2025-04-23 16:55:51,159 [INFO] CADModel:114 - Register for checkConnection events
2025-04-23 16:55:51,161 [INFO] RtosManager:725 - Active RTOS found at IOC load: FREERTOS [Cortex-M4NS]
2025-04-23 16:55:51,201 [INFO] OpenFileManager:385 - Restore cursor
2025-04-23 16:56:14,999 [ERROR] RtosPanel:558 - Can not restore the selected Tab for FREERTOS(A reason can be that the tab is no more available.)
2025-04-23 16:56:17,086 [INFO] TasksAndQueuesTab:757 - Dynamic
2025-04-23 16:56:17,087 [WARN] TasksAndQueuesTab:763 - 128 128
2025-04-23 16:56:17,088 [WARN] TasksAndQueuesTab:775 - max value is: 750.0
2025-04-23 16:56:18,881 [INFO] EditThreadDialog:704 - RAM SIZE (in KB): 128
2025-04-23 16:56:18,882 [INFO] EditThreadDialog:706 - RAM SIZE (in words): 32768
2025-04-23 16:56:26,947 [INFO] TasksAndQueuesTab:757 - Dynamic
2025-04-23 16:56:26,948 [WARN] TasksAndQueuesTab:763 - 128 128
2025-04-23 16:56:26,948 [WARN] TasksAndQueuesTab:775 - max value is: 750.0
2025-04-23 16:56:26,949 [INFO] TasksAndQueuesTab:757 - Dynamic
2025-04-23 16:56:26,949 [WARN] TasksAndQueuesTab:763 - 128 128
2025-04-23 16:56:26,950 [WARN] TasksAndQueuesTab:775 - max value is: 750.0
2025-04-23 16:56:47,069 [INFO] UtilMem:75 - End SaveConfig() Used Memory: 712339784 Bytes (1073741824)
2025-04-23 16:56:52,429 [INFO] UtilMem:75 - End SaveConfig() Used Memory: 659674112 Bytes (1073741824)
2025-04-23 16:56:56,893 [INFO] LogOutputStream:77 - [STDOUT_REDIRECT] This download action requires prior login. To proceed, please use the 'login' command with your my.st.com account email and password.
2025-04-23 16:56:56,895 [INFO] LogOutputStream:77 - [STDOUT_REDIRECT] Run 'login <email> <password> <remember_me>' for example 'login john.smith@st.com mypassword y'.
2025-04-23 16:56:56,896 [INFO] LogOutputStream:77 - [STDOUT_REDIRECT] If you do not have a my.st.com account, please visit https://st.com website to create one.
2025-04-23 16:56:57,103 [INFO] LogOutputStream:77 - [STDOUT_REDIRECT] This download action requires prior login. To proceed, please use the 'login' command with your my.st.com account email and password.
2025-04-23 16:56:57,104 [INFO] LogOutputStream:77 - [STDOUT_REDIRECT] Run 'login <email> <password> <remember_me>' for example 'login john.smith@st.com mypassword y'.
2025-04-23 16:56:57,106 [INFO] LogOutputStream:77 - [STDOUT_REDIRECT] If you do not have a my.st.com account, please visit https://st.com website to create one.
2025-04-23 16:57:58,128 [INFO] LogOutputStream:77 - [STDOUT_REDIRECT] This download action requires prior login. To proceed, please use the 'login' command with your my.st.com account email and password.
2025-04-23 16:57:58,130 [INFO] LogOutputStream:77 - [STDOUT_REDIRECT] Run 'login <email> <password> <remember_me>' for example 'login john.smith@st.com mypassword y'.
2025-04-23 16:57:58,132 [INFO] LogOutputStream:77 - [STDOUT_REDIRECT] If you do not have a my.st.com account, please visit https://st.com website to create one.
2025-04-23 16:58:08,359 [INFO] LogOutputStream:77 - [STDOUT_REDIRECT] This download action requires prior login. To proceed, please use the 'login' command with your my.st.com account email and password.
2025-04-23 16:58:08,361 [INFO] LogOutputStream:77 - [STDOUT_REDIRECT] Run 'login <email> <password> <remember_me>' for example 'login john.smith@st.com mypassword y'.
2025-04-23 16:58:08,362 [INFO] LogOutputStream:77 - [STDOUT_REDIRECT] If you do not have a my.st.com account, please visit https://st.com website to create one.
2025-04-23 16:58:34,904 [INFO] EditThreadDialog:704 - RAM SIZE (in KB): 128
2025-04-23 16:58:34,905 [INFO] EditThreadDialog:706 - RAM SIZE (in words): 32768
2025-04-23 16:58:45,325 [INFO] TasksAndQueuesTab:757 - Dynamic
2025-04-23 16:58:45,326 [WARN] TasksAndQueuesTab:763 - 128 128
2025-04-23 16:58:45,328 [WARN] TasksAndQueuesTab:775 - max value is: 750.0
2025-04-23 16:58:45,328 [INFO] TasksAndQueuesTab:757 - Dynamic
2025-04-23 16:58:45,329 [WARN] TasksAndQueuesTab:763 - 128 128
2025-04-23 16:58:45,329 [WARN] TasksAndQueuesTab:775 - max value is: 750.0
2025-04-23 16:58:47,630 [INFO] TasksAndQueuesTab:757 - Dynamic
2025-04-23 16:58:47,631 [WARN] TasksAndQueuesTab:763 - 128 128
2025-04-23 16:58:47,631 [WARN] TasksAndQueuesTab:775 - max value is: 750.0
2025-04-23 16:58:47,632 [INFO] TasksAndQueuesTab:757 - Dynamic
2025-04-23 16:58:47,632 [WARN] TasksAndQueuesTab:763 - 128 128
2025-04-23 16:58:47,633 [WARN] TasksAndQueuesTab:775 - max value is: 750.0
2025-04-23 16:59:31,370 [INFO] LogOutputStream:77 - [STDOUT_REDIRECT] This download action requires prior login. To proceed, please use the 'login' command with your my.st.com account email and password.
2025-04-23 16:59:31,372 [INFO] LogOutputStream:77 - [STDOUT_REDIRECT] Run 'login <email> <password> <remember_me>' for example 'login john.smith@st.com mypassword y'.
2025-04-23 16:59:31,373 [INFO] LogOutputStream:77 - [STDOUT_REDIRECT] If you do not have a my.st.com account, please visit https://st.com website to create one.
2025-04-23 16:59:33,670 [INFO] LogOutputStream:77 - [STDOUT_REDIRECT] This download action requires prior login. To proceed, please use the 'login' command with your my.st.com account email and password.
2025-04-23 16:59:33,671 [INFO] LogOutputStream:77 - [STDOUT_REDIRECT] Run 'login <email> <password> <remember_me>' for example 'login john.smith@st.com mypassword y'.
2025-04-23 16:59:33,673 [INFO] LogOutputStream:77 - [STDOUT_REDIRECT] If you do not have a my.st.com account, please visit https://st.com website to create one.
2025-04-23 16:59:33,982 [INFO] LogOutputStream:77 - [STDOUT_REDIRECT] This download action requires prior login. To proceed, please use the 'login' command with your my.st.com account email and password.
2025-04-23 16:59:33,983 [INFO] LogOutputStream:77 - [STDOUT_REDIRECT] Run 'login <email> <password> <remember_me>' for example 'login john.smith@st.com mypassword y'.
2025-04-23 16:59:33,985 [INFO] LogOutputStream:77 - [STDOUT_REDIRECT] If you do not have a my.st.com account, please visit https://st.com website to create one.
2025-04-23 16:59:34,612 [INFO] LogOutputStream:77 - [STDOUT_REDIRECT] This download action requires prior login. To proceed, please use the 'login' command with your my.st.com account email and password.
2025-04-23 16:59:34,613 [INFO] LogOutputStream:77 - [STDOUT_REDIRECT] Run 'login <email> <password> <remember_me>' for example 'login john.smith@st.com mypassword y'.
2025-04-23 16:59:34,615 [INFO] LogOutputStream:77 - [STDOUT_REDIRECT] If you do not have a my.st.com account, please visit https://st.com website to create one.
2025-04-23 16:59:52,629 [INFO] LogOutputStream:77 - [STDOUT_REDIRECT] This download action requires prior login. To proceed, please use the 'login' command with your my.st.com account email and password.
2025-04-23 16:59:52,631 [INFO] LogOutputStream:77 - [STDOUT_REDIRECT] Run 'login <email> <password> <remember_me>' for example 'login john.smith@st.com mypassword y'.
2025-04-23 16:59:52,633 [INFO] LogOutputStream:77 - [STDOUT_REDIRECT] If you do not have a my.st.com account, please visit https://st.com website to create one.
2025-04-23 17:00:22,781 [INFO] TasksAndQueuesTab:757 - Dynamic
2025-04-23 17:00:22,782 [WARN] TasksAndQueuesTab:763 - 128 128
2025-04-23 17:00:22,782 [WARN] TasksAndQueuesTab:775 - max value is: 750.0
2025-04-23 17:00:23,855 [INFO] EditThreadDialog:704 - RAM SIZE (in KB): 128
2025-04-23 17:00:23,856 [INFO] EditThreadDialog:706 - RAM SIZE (in words): 32768
2025-04-23 17:00:41,579 [INFO] TasksAndQueuesTab:757 - Dynamic
2025-04-23 17:00:41,580 [WARN] TasksAndQueuesTab:763 - 128 128
2025-04-23 17:00:41,581 [WARN] TasksAndQueuesTab:775 - max value is: 750.0
2025-04-23 17:00:41,581 [INFO] TasksAndQueuesTab:757 - Dynamic
2025-04-23 17:00:41,581 [WARN] TasksAndQueuesTab:763 - 128 128
2025-04-23 17:00:41,582 [WARN] TasksAndQueuesTab:775 - max value is: 750.0
2025-04-23 17:01:01,786 [INFO] UtilMem:75 - End SaveConfig() Used Memory: 706603808 Bytes (1073741824)
2025-04-23 17:01:06,470 [INFO] UtilMem:75 - End SaveConfig() Used Memory: 738583328 Bytes (1073741824)
2025-04-23 17:01:11,359 [INFO] LogOutputStream:77 - [STDOUT_REDIRECT] This download action requires prior login. To proceed, please use the 'login' command with your my.st.com account email and password.
2025-04-23 17:01:11,361 [INFO] LogOutputStream:77 - [STDOUT_REDIRECT] Run 'login <email> <password> <remember_me>' for example 'login john.smith@st.com mypassword y'.
2025-04-23 17:01:11,362 [INFO] LogOutputStream:77 - [STDOUT_REDIRECT] If you do not have a my.st.com account, please visit https://st.com website to create one.
2025-04-23 17:01:11,479 [INFO] LogOutputStream:77 - [STDOUT_REDIRECT] This download action requires prior login. To proceed, please use the 'login' command with your my.st.com account email and password.
2025-04-23 17:01:11,481 [INFO] LogOutputStream:77 - [STDOUT_REDIRECT] Run 'login <email> <password> <remember_me>' for example 'login john.smith@st.com mypassword y'.
2025-04-23 17:01:11,483 [INFO] LogOutputStream:77 - [STDOUT_REDIRECT] If you do not have a my.st.com account, please visit https://st.com website to create one.
2025-04-23 17:03:01,430 [ERROR] RtosPanel:558 - Can not restore the selected Tab for FREERTOS(A reason can be that the tab is no more available.)
2025-04-23 17:03:03,275 [INFO] TasksAndQueuesTab:757 - Dynamic
2025-04-23 17:03:03,276 [WARN] TasksAndQueuesTab:763 - 128 128
2025-04-23 17:03:03,277 [WARN] TasksAndQueuesTab:775 - max value is: 750.0
2025-04-23 17:03:03,277 [INFO] TasksAndQueuesTab:757 - Dynamic
2025-04-23 17:03:03,278 [WARN] TasksAndQueuesTab:763 - 128 128
2025-04-23 17:03:03,279 [WARN] TasksAndQueuesTab:775 - max value is: 750.0
2025-04-23 17:03:05,809 [INFO] EditThreadDialog:704 - RAM SIZE (in KB): 128
2025-04-23 17:03:05,810 [INFO] EditThreadDialog:706 - RAM SIZE (in words): 32768
2025-04-23 17:05:56,430 [INFO] EditThreadDialog:704 - RAM SIZE (in KB): 128
2025-04-23 17:05:56,431 [INFO] EditThreadDialog:706 - RAM SIZE (in words): 32768
2025-04-23 17:06:06,775 [INFO] TasksAndQueuesTab:757 - Dynamic
2025-04-23 17:06:06,776 [WARN] TasksAndQueuesTab:763 - 128 128
2025-04-23 17:06:06,776 [WARN] TasksAndQueuesTab:775 - max value is: 750.0
2025-04-23 17:06:06,777 [INFO] TasksAndQueuesTab:757 - Dynamic
2025-04-23 17:06:06,777 [WARN] TasksAndQueuesTab:763 - 128 128
2025-04-23 17:06:06,778 [WARN] TasksAndQueuesTab:775 - max value is: 750.0
2025-04-23 17:06:09,777 [INFO] UtilMem:75 - End SaveConfig() Used Memory: 814072008 Bytes (1073741824)
2025-04-23 17:06:14,643 [INFO] UtilMem:75 - End SaveConfig() Used Memory: 847100104 Bytes (1073741824)
2025-04-23 17:06:19,616 [INFO] LogOutputStream:77 - [STDOUT_REDIRECT] This download action requires prior login. To proceed, please use the 'login' command with your my.st.com account email and password.
2025-04-23 17:06:19,617 [INFO] LogOutputStream:77 - [STDOUT_REDIRECT] Run 'login <email> <password> <remember_me>' for example 'login john.smith@st.com mypassword y'.
2025-04-23 17:06:19,619 [INFO] LogOutputStream:77 - [STDOUT_REDIRECT] If you do not have a my.st.com account, please visit https://st.com website to create one.
2025-04-23 17:06:19,736 [INFO] LogOutputStream:77 - [STDOUT_REDIRECT] This download action requires prior login. To proceed, please use the 'login' command with your my.st.com account email and password.
2025-04-23 17:06:19,738 [INFO] LogOutputStream:77 - [STDOUT_REDIRECT] Run 'login <email> <password> <remember_me>' for example 'login john.smith@st.com mypassword y'.
2025-04-23 17:06:19,739 [INFO] LogOutputStream:77 - [STDOUT_REDIRECT] If you do not have a my.st.com account, please visit https://st.com website to create one.
2025-04-23 17:08:03,418 [INFO] LogOutputStream:77 - [STDOUT_REDIRECT] This download action requires prior login. To proceed, please use the 'login' command with your my.st.com account email and password.
2025-04-23 17:08:03,419 [INFO] LogOutputStream:77 - [STDOUT_REDIRECT] Run 'login <email> <password> <remember_me>' for example 'login john.smith@st.com mypassword y'.
2025-04-23 17:08:03,421 [INFO] LogOutputStream:77 - [STDOUT_REDIRECT] If you do not have a my.st.com account, please visit https://st.com website to create one.
2025-04-23 17:08:07,234 [INFO] LogOutputStream:77 - [STDOUT_REDIRECT] This download action requires prior login. To proceed, please use the 'login' command with your my.st.com account email and password.
2025-04-23 17:08:07,235 [INFO] LogOutputStream:77 - [STDOUT_REDIRECT] Run 'login <email> <password> <remember_me>' for example 'login john.smith@st.com mypassword y'.
2025-04-23 17:08:07,236 [INFO] LogOutputStream:77 - [STDOUT_REDIRECT] If you do not have a my.st.com account, please visit https://st.com website to create one.
2025-04-23 17:08:07,874 [INFO] LogOutputStream:77 - [STDOUT_REDIRECT] This download action requires prior login. To proceed, please use the 'login' command with your my.st.com account email and password.
2025-04-23 17:08:07,876 [INFO] LogOutputStream:77 - [STDOUT_REDIRECT] Run 'login <email> <password> <remember_me>' for example 'login john.smith@st.com mypassword y'.
2025-04-23 17:08:07,877 [INFO] LogOutputStream:77 - [STDOUT_REDIRECT] If you do not have a my.st.com account, please visit https://st.com website to create one.
2025-04-23 17:08:08,815 [INFO] LogOutputStream:77 - [STDOUT_REDIRECT] This download action requires prior login. To proceed, please use the 'login' command with your my.st.com account email and password.
2025-04-23 17:08:08,816 [INFO] LogOutputStream:77 - [STDOUT_REDIRECT] Run 'login <email> <password> <remember_me>' for example 'login john.smith@st.com mypassword y'.
2025-04-23 17:08:08,818 [INFO] LogOutputStream:77 - [STDOUT_REDIRECT] If you do not have a my.st.com account, please visit https://st.com website to create one.
2025-04-23 17:08:10,217 [INFO] LogOutputStream:77 - [STDOUT_REDIRECT] This download action requires prior login. To proceed, please use the 'login' command with your my.st.com account email and password.
2025-04-23 17:08:10,219 [INFO] LogOutputStream:77 - [STDOUT_REDIRECT] Run 'login <email> <password> <remember_me>' for example 'login john.smith@st.com mypassword y'.
2025-04-23 17:08:10,220 [INFO] LogOutputStream:77 - [STDOUT_REDIRECT] If you do not have a my.st.com account, please visit https://st.com website to create one.
2025-04-23 17:08:10,938 [INFO] LogOutputStream:77 - [STDOUT_REDIRECT] This download action requires prior login. To proceed, please use the 'login' command with your my.st.com account email and password.
2025-04-23 17:08:10,940 [INFO] LogOutputStream:77 - [STDOUT_REDIRECT] Run 'login <email> <password> <remember_me>' for example 'login john.smith@st.com mypassword y'.
2025-04-23 17:08:10,942 [INFO] LogOutputStream:77 - [STDOUT_REDIRECT] If you do not have a my.st.com account, please visit https://st.com website to create one.
2025-04-23 17:08:11,850 [INFO] LogOutputStream:77 - [STDOUT_REDIRECT] This download action requires prior login. To proceed, please use the 'login' command with your my.st.com account email and password.
2025-04-23 17:08:11,852 [INFO] LogOutputStream:77 - [STDOUT_REDIRECT] Run 'login <email> <password> <remember_me>' for example 'login john.smith@st.com mypassword y'.
2025-04-23 17:08:11,853 [INFO] LogOutputStream:77 - [STDOUT_REDIRECT] If you do not have a my.st.com account, please visit https://st.com website to create one.
2025-04-23 17:08:12,563 [INFO] LogOutputStream:77 - [STDOUT_REDIRECT] This download action requires prior login. To proceed, please use the 'login' command with your my.st.com account email and password.
2025-04-23 17:08:12,565 [INFO] LogOutputStream:77 - [STDOUT_REDIRECT] Run 'login <email> <password> <remember_me>' for example 'login john.smith@st.com mypassword y'.
2025-04-23 17:08:12,566 [INFO] LogOutputStream:77 - [STDOUT_REDIRECT] If you do not have a my.st.com account, please visit https://st.com website to create one.
2025-04-23 17:08:26,470 [INFO] MainUpdater:2872 - connection check result : 10
2025-04-23 17:08:26,519 [INFO] McuFinderGlobals:76 - Set McuFinderConnectedMode to true
2025-04-23 17:08:26,520 [INFO] MultiScanPanel:200 - Auto-refresh data requested => check proxy status ongoing
2025-04-23 17:08:26,521 [INFO] FinderPluginLoader:95 - Searching for filters in installed packs
2025-04-23 17:08:27,523 [INFO] LoadUrlFilesThread:185 - End of LoadServerUrlFiles without Thread
2025-04-23 17:08:27,524 [INFO] DetailPanel:341 - Set advertising image to C:/Users/eec9960/STM32Cube/Repository/\en.prom-stm32u3-mcu-finder.jpg
2025-04-23 17:08:33,093 [INFO] MultiScanPanel:200 - Auto-refresh data requested => check proxy status ongoing
2025-04-23 17:08:33,175 [INFO] LoadUrlFilesThread:185 - End of LoadServerUrlFiles without Thread
2025-04-23 17:08:33,176 [INFO] DetailPanel:341 - Set advertising image to C:/Users/eec9960/STM32Cube/Repository/\en.prom-stm32u3-mcu-finder.jpg
2025-04-23 17:08:33,183 [INFO] DbBoards:642 - Loading board mini-images...
2025-04-23 17:08:33,226 [ERROR] DbBoards:659 - Image file not found for board B-WBA5M-WPAN: C:\Users\eec9960\.stmcufinder\plugins\mcufinder//mcu//boards_images/B-WBA5M-WPAN.jpg
2025-04-23 17:08:34,284 [INFO] DbBoards:665 - Loaded 210 board mini-images
2025-04-23 17:08:46,242 [INFO] MetaSearchPanel:254 - search for filter with key=nucleo
2025-04-23 17:08:54,483 [INFO] MetaSearchPanel:254 - search for filter with key=Nucleo-
2025-04-23 17:08:55,090 [INFO] MetaSearchPanel:254 - search for filter with key=Nucleo-
2025-04-23 17:08:55,346 [INFO] MetaSearchPanel:254 - search for filter with key=Nucleo-
2025-04-23 17:08:56,755 [INFO] MetaSearchPanel:254 - search for filter with key=Nucleo
2025-04-23 17:08:56,978 [INFO] MetaSearchPanel:254 - search for filter with key=Nucleo
2025-04-23 17:08:57,201 [INFO] MetaSearchPanel:254 - search for filter with key=Nucleo
2025-04-23 17:09:32,211 [INFO] BoardResultTable:719 - Mark Board NUCLEO-L476RG as favorite
2025-04-23 17:09:48,286 [INFO] MainUpdater:2872 - connection check result : 10
2025-04-23 17:09:48,286 [INFO] MainUpdater:2872 - connection check result : 10
2025-04-23 17:09:48,311 [INFO] MicroXplorer:468 - Change Database Path : 
2025-04-23 17:09:48,311 [INFO] MicroXplorer:498 - Change Database Version : DB.6.0.140
2025-04-23 17:09:48,341 [ERROR] ProjectManagerView:394 - 
java.lang.NullPointerException: Cannot invoke "javax.swing.JTextField.getText()" because the return value of "java.util.List.get(int)" is null
	at com.st.microxplorer.plugins.projectmanager.gui.ProjectChoiceTab$9.caretUpdate(ProjectChoiceTab.java:2678) ~[filemanager.jar:?]
	at javax.swing.text.JTextComponent.fireCaretUpdate(JTextComponent.java:408) ~[?:?]
	at javax.swing.text.JTextComponent$MutableCaretEvent.fire(JTextComponent.java:4484) ~[?:?]
	at javax.swing.text.JTextComponent$MutableCaretEvent.stateChanged(JTextComponent.java:4506) ~[?:?]
	at javax.swing.text.DefaultCaret.fireStateChanged(DefaultCaret.java:857) ~[?:?]
	at javax.swing.text.DefaultCaret.changeCaretPosition(DefaultCaret.java:1343) ~[?:?]
	at javax.swing.text.DefaultCaret.handleSetDot(DefaultCaret.java:1242) ~[?:?]
	at javax.swing.text.DefaultCaret.setDot(DefaultCaret.java:1223) ~[?:?]
	at javax.swing.text.DefaultCaret$Handler.insertUpdate(DefaultCaret.java:1819) ~[?:?]
	at javax.swing.text.AbstractDocument.fireInsertUpdate(AbstractDocument.java:227) ~[?:?]
	at javax.swing.text.AbstractDocument.handleInsertString(AbstractDocument.java:781) ~[?:?]
	at javax.swing.text.AbstractDocument.insertString(AbstractDocument.java:740) ~[?:?]
	at javax.swing.text.PlainDocument.insertString(PlainDocument.java:131) ~[?:?]
	at javax.swing.text.AbstractDocument.replace(AbstractDocument.java:699) ~[?:?]
	at javax.swing.text.JTextComponent.setText(JTextComponent.java:1725) ~[?:?]
	at com.st.microxplorer.plugins.projectmanager.gui.ProjectChoiceTab.createHeapStackFields(ProjectChoiceTab.java:979) ~[filemanager.jar:?]
	at com.st.microxplorer.plugins.projectmanager.gui.ProjectChoiceTab.buildLinkSettingsPanel(ProjectChoiceTab.java:3766) ~[filemanager.jar:?]
	at com.st.microxplorer.plugins.projectmanager.gui.ProjectChoiceTab.defineWindowsFields(ProjectChoiceTab.java:1962) ~[filemanager.jar:?]
	at com.st.microxplorer.plugins.projectmanager.gui.ProjectChoiceTab.updateSettings(ProjectChoiceTab.java:555) ~[filemanager.jar:?]
	at com.st.microxplorer.plugins.projectmanager.gui.ProjectSettingsPanel.UpdateDialog(ProjectSettingsPanel.java:245) ~[filemanager.jar:?]
	at com.st.microxplorer.plugins.projectmanager.ProjectManagerView.propertyChange(ProjectManagerView.java:391) ~[filemanager.jar:?]
	at java.beans.PropertyChangeSupport.fire(PropertyChangeSupport.java:343) ~[?:?]
	at java.beans.PropertyChangeSupport.firePropertyChange(PropertyChangeSupport.java:335) ~[?:?]
	at java.beans.PropertyChangeSupport.firePropertyChange(PropertyChangeSupport.java:268) ~[?:?]
	at com.st.microxplorer.util.MXPropertyChangeSupport.firePropertyChange(MXPropertyChangeSupport.java:54) ~[STM32CubeMX.jar:?]
	at com.st.microxplorer.mxsystem.MxSystem.closeConfig(MxSystem.java:899) ~[STM32CubeMX.jar:?]
	at com.st.microxplorer.maingui.MainPanel.closeConfig(MainPanel.java:789) ~[STM32CubeMX.jar:?]
	at com.st.microxplorer.plugins.filemanager.engine.OpenFileManager.loadConfigurationFile(OpenFileManager.java:287) ~[filemanager.jar:?]
	at com.st.microxplorer.plugins.filemanager.engine.MainFileManager.userLoadConfig(MainFileManager.java:341) ~[filemanager.jar:?]
	at com.st.microxplorer.plugins.filemanager.FileManagerView.getSpecificTask(FileManagerView.java:250) ~[filemanager.jar:?]
	at com.st.stm32cube.common.mx.editor.CubeMxEditor.getMxTabbedPaneInstance(CubeMxEditor.java:1191) ~[com.st.stm32cube.common.mx_6.14.0.202502271554/:?]
	at com.st.stm32cube.common.mx.editor.CubeMxEditor$12$1.createSwingComponent(CubeMxEditor.java:1068) ~[com.st.stm32cube.common.mx_6.14.0.202502271554/:?]
	at com.st.stm32cube.common.mx.oss.core.awtswtbridge.EmbeddedSwingComposite.doComponentCreation(EmbeddedSwingComposite.java:492) ~[com.st.stm32cube.common.mx.oss_6.14.0.202502271554/:?]
	at com.st.stm32cube.common.mx.oss.core.awtswtbridge.EmbeddedSwingComposite$4.run(EmbeddedSwingComposite.java:291) ~[com.st.stm32cube.common.mx.oss_6.14.0.202502271554/:?]
	at com.st.stm32cube.common.mx.oss.core.awtswtbridge.AwtEnvironment$2.run(AwtEnvironment.java:166) ~[com.st.stm32cube.common.mx.oss_6.14.0.202502271554/:?]
	at java.awt.event.InvocationEvent.dispatch(InvocationEvent.java:318) ~[?:?]
	at java.awt.EventQueue.dispatchEventImpl(EventQueue.java:773) ~[?:?]
	at java.awt.EventQueue$4.run(EventQueue.java:720) ~[?:?]
	at java.awt.EventQueue$4.run(EventQueue.java:714) ~[?:?]
	at java.security.AccessController.doPrivileged(AccessController.java:400) ~[?:?]
	at java.security.ProtectionDomain$JavaSecurityAccessImpl.doIntersectionPrivilege(ProtectionDomain.java:87) ~[?:?]
	at java.awt.EventQueue.dispatchEvent(EventQueue.java:742) ~[?:?]
	at java.awt.EventDispatchThread.pumpOneEventForFilters(EventDispatchThread.java:203) ~[?:?]
	at java.awt.EventDispatchThread.pumpEventsForFilter(EventDispatchThread.java:124) ~[?:?]
	at java.awt.EventDispatchThread.pumpEventsForHierarchy(EventDispatchThread.java:113) ~[?:?]
	at java.awt.EventDispatchThread.pumpEvents(EventDispatchThread.java:109) ~[?:?]
	at java.awt.EventDispatchThread.pumpEvents(EventDispatchThread.java:101) ~[?:?]
	at java.awt.EventDispatchThread.run(EventDispatchThread.java:90) ~[?:?]
2025-04-23 17:09:48,359 [WARN] ThirdParty:871 - waiting for thirdparty lock release [close project]
2025-04-23 17:09:48,360 [INFO] ThirdParty:873 - entering critical section [close project]
2025-04-23 17:09:48,360 [INFO] ThirdParty:883 - exiting critical section [close project]
2025-04-23 17:09:48,363 [INFO] PinOutPanel:1589 - setPackage(No Configuration,No Configuration)
2025-04-23 17:09:48,375 [INFO] UtilMem:75 - Begin LoadConfig() Used Memory: 1004657464 Bytes (1073741824)
2025-04-23 17:09:48,376 [INFO] OpenFileManager:354 - Change cursor
2025-04-23 17:09:48,403 [INFO] RulesReader:64 - Compatibility file has been processed (301 Rules)
2025-04-23 17:09:48,408 [INFO] ProjectFactory:442 - No CPN specified for board NUCLEO-L476RG => set CPN to STM32L476RGT3
2025-04-23 17:09:48,409 [INFO] Mcu:2011 - Initializing MCU STM32L476R(C-E-G)Tx STM32L476RGTx STM32L476RGT3
2025-04-23 17:09:49,819 [INFO] Context:756 - Trying to add GPIOservice into a context  which must be forbidden
2025-04-23 17:09:50,231 [INFO] Rule:224 - rule 117617 - U5Cobra4M][GTZC] default value MPCBB3 and MPCBB5 - Not Secured memory - MPCBB1 is applicable
2025-04-23 17:09:50,233 [INFO] Rule:224 - rule 117617 - U5Cobra4M][GTZC] default value MPCBB3 and MPCBB5 - Not Secured memory - MPCBB1 is applicable
2025-04-23 17:09:50,233 [INFO] Rule:224 - rule 117617 - U5Cobra4M][GTZC] default value MPCBB3 and MPCBB5 - Not Secured memory - MPCBB2 is applicable
2025-04-23 17:09:50,236 [INFO] Rule:224 - rule 117617 - U5Cobra4M][GTZC] default value MPCBB3 and MPCBB5 - Not Secured memory - MPCBB2 is applicable
2025-04-23 17:09:50,237 [INFO] Rule:224 - rule 117617 - U5Cobra4M][GTZC] default value MPCBB3 and MPCBB5 - Not Secured memory - MPCBB3 is applicable
2025-04-23 17:09:50,237 [INFO] Rule:224 - rule 117617 - U5Cobra4M][GTZC] default value MPCBB3 and MPCBB5 - Not Secured memory - MPCBB3 is applicable
2025-04-23 17:09:50,239 [INFO] Rule:224 - rule 117617 - U5Cobra4M][GTZC] default value MPCBB3 and MPCBB5 - Not Secured memory - MPCBB4 is applicable
2025-04-23 17:09:50,239 [INFO] Rule:224 - rule 117617 - U5Cobra4M][GTZC] default value MPCBB3 and MPCBB5 - Not Secured memory - MPCBB4 is applicable
2025-04-23 17:09:50,240 [INFO] Rule:224 - rule 117617 - U5Cobra4M][GTZC] default value MPCBB3 and MPCBB5 - Secured memory - MPCBB1 is applicable
2025-04-23 17:09:50,241 [INFO] Rule:224 - rule 117617 - U5Cobra4M][GTZC] default value MPCBB3 and MPCBB5 - Secured memory - MPCBB2 is applicable
2025-04-23 17:09:50,241 [INFO] Rule:224 - rule 117617 - U5Cobra4M][GTZC] default value MPCBB3 and MPCBB5 - Secured memory - MPCBB3 is applicable
2025-04-23 17:09:50,242 [INFO] Rule:224 - rule 117617 - U5Cobra4M][GTZC] default value MPCBB3 and MPCBB5 - Secured memory - MPCBB4 is applicable
2025-04-23 17:09:50,242 [INFO] Rule:224 - rule 117617 - U5Cobra4M][GTZC] default value MPCBB3 and MPCBB5 - Privileged memory - MPCBB1 is applicable
2025-04-23 17:09:50,244 [INFO] Rule:224 - rule 117617 - U5Cobra4M][GTZC] default value MPCBB3 and MPCBB5 - Privileged memory - MPCBB2 is applicable
2025-04-23 17:09:50,244 [INFO] Rule:224 - rule 117617 - U5Cobra4M][GTZC] default value MPCBB3 and MPCBB5 - Privileged memory - MPCBB3 is applicable
2025-04-23 17:09:50,245 [INFO] Rule:224 - rule 117617 - U5Cobra4M][GTZC] default value MPCBB3 and MPCBB5 - Privileged memory - MPCBB4 is applicable
2025-04-23 17:09:50,246 [INFO] Rule:224 - rule 117617 - U5Cobra4M][GTZC] default value MPCBB3 and MPCBB5 - Not Privileged memory - MPCBB1 is applicable
2025-04-23 17:09:50,246 [INFO] Rule:224 - rule 117617 - U5Cobra4M][GTZC] default value MPCBB3 and MPCBB5 - Not Privileged memory - MPCBB2 is applicable
2025-04-23 17:09:50,247 [INFO] Rule:224 - rule 117617 - U5Cobra4M][GTZC] default value MPCBB3 and MPCBB5 - Not Privileged memory - MPCBB3 is applicable
2025-04-23 17:09:50,248 [INFO] Rule:224 - rule 117617 - U5Cobra4M][GTZC] default value MPCBB3 and MPCBB5 - Not Privileged memory - MPCBB4 is applicable
2025-04-23 17:09:50,249 [INFO] Rule:224 - rule 117617 - U5Cobra4M][GTZC] default value MPCBB3 and MPCBB5 - Privileged memory - MPCBB1 is applicable
2025-04-23 17:09:50,250 [INFO] Rule:224 - rule 117617 - U5Cobra4M][GTZC] default value MPCBB3 and MPCBB5 - Privileged memory - MPCBB2 is applicable
2025-04-23 17:09:50,251 [INFO] Rule:224 - rule 117617 - U5Cobra4M][GTZC] default value MPCBB3 and MPCBB5 - Privileged memory - MPCBB3 is applicable
2025-04-23 17:09:50,252 [INFO] Rule:224 - rule 117617 - U5Cobra4M][GTZC] default value MPCBB3 and MPCBB5 - Privileged memory - MPCBB4 is applicable
2025-04-23 17:09:50,252 [INFO] Rule:224 - rule 117617 - U5Cobra4M][GTZC] default value MPCBB3 and MPCBB5 - Privileged memory - MPCBB1 is applicable
2025-04-23 17:09:50,253 [INFO] Rule:224 - rule 117617 - U5Cobra4M][GTZC] default value MPCBB3 and MPCBB5 - Privileged memory - MPCBB2 is applicable
2025-04-23 17:09:50,254 [INFO] Rule:224 - rule 117617 - U5Cobra4M][GTZC] default value MPCBB3 and MPCBB5 - Privileged memory - MPCBB3 is applicable
2025-04-23 17:09:50,257 [INFO] Rule:224 - rule 117617 - U5Cobra4M][GTZC] default value MPCBB3 and MPCBB5 - Privileged memory - MPCBB4 is applicable
2025-04-23 17:09:50,259 [INFO] Rule:224 - rule 117617 - U5Cobra4M][GTZC] default value MPCBB3 and MPCBB5 - Not Privileged memory - MPCBB1 is applicable
2025-04-23 17:09:50,260 [INFO] Rule:224 - rule 117617 - U5Cobra4M][GTZC] default value MPCBB3 and MPCBB5 - Not Privileged memory - MPCBB2 is applicable
2025-04-23 17:09:50,261 [INFO] Rule:224 - rule 117617 - U5Cobra4M][GTZC] default value MPCBB3 and MPCBB5 - Not Privileged memory - MPCBB3 is applicable
2025-04-23 17:09:50,261 [INFO] Rule:224 - rule 117617 - U5Cobra4M][GTZC] default value MPCBB3 and MPCBB5 - Not Privileged memory - MPCBB4 is applicable
2025-04-23 17:09:50,262 [INFO] Rule:224 - rule 117617 - U5Cobra4M][GTZC] default value MPCBB3 and MPCBB5 - Privileged memory - MPCBB1 is applicable
2025-04-23 17:09:50,263 [INFO] Rule:224 - rule 117617 - U5Cobra4M][GTZC] default value MPCBB3 and MPCBB5 - Privileged memory - MPCBB2 is applicable
2025-04-23 17:09:50,264 [INFO] Rule:224 - rule 117617 - U5Cobra4M][GTZC] default value MPCBB3 and MPCBB5 - Privileged memory - MPCBB3 is applicable
2025-04-23 17:09:50,264 [INFO] Rule:224 - rule 117617 - U5Cobra4M][GTZC] default value MPCBB3 and MPCBB5 - Privileged memory - MPCBB4 is applicable
2025-04-23 17:09:50,265 [INFO] Rule:224 - rule Rename SubGHz_Phy SUBGHZ_APPLICATION SUBGHZ_PINGPONG to SUBGHZ_ADV_APPLICATION is applicable
2025-04-23 17:09:50,266 [INFO] Rule:224 - rule Rename Enabled to IBEACON is applicable
2025-04-23 17:09:50,266 [INFO] Rule:224 - rule GTZC_S instance for project manager is applicable
2025-04-23 17:09:50,267 [INFO] Rule:224 - rule GTZC_S instance for context M33S is applicable
2025-04-23 17:09:50,267 [INFO] Rule:224 - rule GTZC_S instance value for IP GTZC is applicable
2025-04-23 17:09:50,268 [INFO] Rule:224 - rule GTZC_S instance for mcu.IP is applicable
2025-04-23 17:09:50,268 [INFO] Rule:224 - rule GTZC_S instance for VP is applicable
2025-04-23 17:09:50,269 [INFO] Rule:224 - rule GTZC_S instance for signal is applicable
2025-04-23 17:09:50,269 [INFO] Rule:224 - rule GTZC_S instance for mcu.Pin is applicable
2025-04-23 17:09:50,270 [INFO] Rule:224 - rule GTZC_S instance for VP is applicable
2025-04-23 17:09:50,270 [INFO] Rule:224 - rule GTZC_S instance for signal is applicable
2025-04-23 17:09:50,271 [INFO] Rule:224 - rule GTZC_S instance for mcu is applicable
2025-04-23 17:09:50,271 [INFO] Rule:224 - rule GTZC_S instance for mcu.Pin is applicable
2025-04-23 17:09:50,272 [INFO] Rule:224 - rule GTZC_S instance value for IP GTZC is applicable
2025-04-23 17:09:50,272 [INFO] Rule:224 - rule GTZC_S instance for project manager is applicable
2025-04-23 17:09:50,273 [INFO] Rule:224 - rule GTZC_S instance for context M33S is applicable
2025-04-23 17:09:50,274 [INFO] Rule:224 - rule GTZC_S instance for VP is applicable
2025-04-23 17:09:50,274 [INFO] Rule:224 - rule GTZC_S instance for signal is applicable
2025-04-23 17:09:50,275 [INFO] Rule:224 - rule SPDIFRX instance for mcu is applicable
2025-04-23 17:09:50,275 [INFO] Rule:224 - rule Rename Tracer Mode is applicable
2025-04-23 17:09:50,276 [INFO] Rule:224 - rule SPDIFRX instance value for IP SPDIFRX is applicable
2025-04-23 17:09:50,276 [INFO] Rule:224 - rule SPDIFRX instance for signal is applicable
2025-04-23 17:09:50,277 [INFO] Rule:224 - rule SPDIFRX instance for project manager is applicable
2025-04-23 17:09:50,277 [INFO] Rule:224 - rule SPDIFRX instance for project manager is applicable
2025-04-23 17:09:50,277 [INFO] Rule:224 - rule ADC Scan  fix with FW F7 is applicable
2025-04-23 17:09:50,278 [INFO] Rule:224 - rule ADC Scan  fix with FW F7 is applicable
2025-04-23 17:09:50,279 [INFO] Rule:224 - rule WakeUp0 Mode is applicable
2025-04-23 17:09:50,279 [INFO] Rule:224 - rule WakeUp0 SIGNAL is applicable
2025-04-23 17:09:50,280 [INFO] Rule:224 - rule WakeUp1 Mode is applicable
2025-04-23 17:09:50,281 [INFO] Rule:224 - rule WakeUp1 SIGNAL is applicable
2025-04-23 17:09:50,281 [INFO] Rule:224 - rule WakeUp2 Mode is applicable
2025-04-23 17:09:50,282 [INFO] Rule:224 - rule WakeUp2 SIGNAL is applicable
2025-04-23 17:09:50,283 [INFO] Rule:224 - rule WakeUp4 Mode is applicable
2025-04-23 17:09:50,284 [INFO] Rule:224 - rule WakeUp4 SIGNAL is applicable
2025-04-23 17:09:50,284 [INFO] Rule:224 - rule WakeUp5 Mode is applicable
2025-04-23 17:09:50,285 [INFO] Rule:224 - rule WakeUp5 SIGNAL is applicable
2025-04-23 17:09:50,286 [INFO] Rule:224 - rule Add RTC Activate Clock Source is applicable
2025-04-23 17:09:50,286 [INFO] Rule:224 - rule Add RTC Activate Calendar 1 is applicable
2025-04-23 17:09:50,287 [INFO] Rule:224 - rule Add RTC Activate Calendar 2 is applicable
2025-04-23 17:09:50,287 [INFO] Rule:224 - rule Add RTC Activate Calendar 3 is applicable
2025-04-23 17:09:50,288 [INFO] Rule:224 - rule UART/USART TX Mode is applicable
2025-04-23 17:09:50,288 [INFO] Rule:224 - rule UART/USART RX Mode is applicable
2025-04-23 17:09:50,289 [INFO] Rule:224 - rule UART/USART RX TX Mode is applicable
2025-04-23 17:09:50,289 [INFO] Rule:224 - rule UART/USART PARITY NONE is applicable
2025-04-23 17:09:50,290 [INFO] Rule:224 - rule UART/USART PARITY EVEN is applicable
2025-04-23 17:09:50,291 [INFO] Rule:224 - rule UART/USART PARITY ODD is applicable
2025-04-23 17:09:50,291 [INFO] Rule:224 - rule USART StopBits 1 is applicable
2025-04-23 17:09:50,292 [INFO] Rule:224 - rule USART StopBits 2 is applicable
2025-04-23 17:09:50,293 [INFO] Rule:224 - rule USART StopBits 1.5 is applicable
2025-04-23 17:09:50,293 [INFO] Rule:224 - rule USART StopBits 0.5 is applicable
2025-04-23 17:09:50,294 [INFO] Rule:224 - rule UART/USART WORD LENGTH 7 is applicable
2025-04-23 17:09:50,294 [INFO] Rule:224 - rule UART/USART WORD LENGTH 8 is applicable
2025-04-23 17:09:50,295 [INFO] Rule:224 - rule UART/USART WORD LENGTH 9 is applicable
2025-04-23 17:09:50,295 [INFO] Rule:224 - rule Rename FMC NAND NCE signal is applicable
2025-04-23 17:09:50,296 [INFO] Rule:224 - rule Rename FMC NAND INT signal is applicable
2025-04-23 17:09:50,297 [INFO] Rule:224 - rule Change Default Value for LSE Drive Capability for WB family is applicable
2025-04-23 17:09:50,297 [INFO] Rule:224 - rule Change Default Value for ADC Clock Prescaler G0 family is applicable
2025-04-23 17:09:50,298 [INFO] Rule:224 - rule Change Default Value for ADC ExternalTrigConv L4 family is applicable
2025-04-23 17:09:50,298 [INFO] Rule:224 - rule Change Default Value for ADC ExternalTrigInjecConv L4 family is applicable
2025-04-23 17:09:50,299 [INFO] Rule:224 - rule Change Default Value for ADC ExternalTrigConv F3 family is applicable
2025-04-23 17:09:50,299 [INFO] Rule:224 - rule Change Default Value for ADC ExternalTrigInjecConv F3 family is applicable
2025-04-23 17:09:50,300 [INFO] Rule:224 - rule Change Default Value for ADC ExternalTrigConv Goldfish serie is applicable
2025-04-23 17:09:50,301 [INFO] Rule:224 - rule Change Default Value for ADC ExternalTrigInjecConv Goldfish serie is applicable
2025-04-23 17:09:50,301 [INFO] Rule:224 - rule Change Default Value for ADC ExternalTrigConv L0 family is applicable
2025-04-23 17:09:50,302 [INFO] Rule:224 - rule Change Default Value for ADC ExternalTrigConv F0 family is applicable
2025-04-23 17:09:50,303 [INFO] Rule:224 - rule Change Default Value for ADC ExternalTrigConvn L1 family is applicable
2025-04-23 17:09:50,304 [INFO] Rule:224 - rule Change Default Value for ADC ExternalTrigInjecConv L1 family is applicable
2025-04-23 17:09:50,304 [INFO] Rule:224 - rule Change Default Value for ADC ExternalTrigConv F1 family is applicable
2025-04-23 17:09:50,305 [INFO] Rule:224 - rule Change Default Value for ADC ExternalTrigInjecConv F1 family is applicable
2025-04-23 17:09:50,306 [INFO] Rule:224 - rule Change Default Value for ADC ExternalTrigConv F7 family is applicable
2025-04-23 17:09:50,309 [INFO] Rule:224 - rule Change Default Value for ADC ExternalTrigInjecConv F7 family is applicable
2025-04-23 17:09:50,315 [INFO] Rule:224 - rule Change Default Value for ADC ExternalTrigConv F4 and F2 family is applicable
2025-04-23 17:09:50,317 [INFO] Rule:224 - rule Change Default Value for ADC ExternalTrigInjecConv F4 and F2 family is applicable
2025-04-23 17:09:50,319 [INFO] Rule:224 - rule ADC SamplingTime fix with FW L0  is applicable
2025-04-23 17:09:50,320 [INFO] Rule:224 - rule ADC SamplingTime fix with FW L0  is applicable
2025-04-23 17:09:50,321 [INFO] Rule:224 - rule ADC SamplingTime fix with FW L0 is applicable
2025-04-23 17:09:50,323 [INFO] Rule:224 - rule ADC SamplingTime fix with FW L0 is applicable
2025-04-23 17:09:50,324 [INFO] Rule:224 - rule ADC SamplingTime fix with FW L0  is applicable
2025-04-23 17:09:50,325 [INFO] Rule:224 - rule ADC SamplingTime fix with FW L0 is applicable
2025-04-23 17:09:50,326 [INFO] Rule:224 - rule Rename USB_OE Signal is applicable
2025-04-23 17:09:50,326 [INFO] Rule:224 - rule Rename Activate_OE Mode is applicable
2025-04-23 17:09:50,326 [INFO] Rule:224 - rule Rename DIE462/DIE415 pin PC14/OSC32_IN -> PC14-OSC32_IN (PC14) is applicable
2025-04-23 17:09:50,327 [INFO] Rule:224 - rule Rename DIE462/DIE415 pin PC15/OSC32_OUT -> PC15-OSC32_OUT (PC15) is applicable
2025-04-23 17:09:50,328 [INFO] Rule:224 - rule Rename DIE462/DIE415 pin PH0/OSC_IN -> PH0-OSC_IN (PH0) is applicable
2025-04-23 17:09:50,329 [INFO] Rule:224 - rule Rename DIE462/DIE415 pin PH1/OSC_OUT -> PH1-OSC_OUT (PH1) is applicable
2025-04-23 17:09:50,331 [INFO] Rule:224 - rule Rename DIE462 pin PA13 -> PA13 (JTMS/SWDIO) is applicable
2025-04-23 17:09:50,332 [INFO] Rule:224 - rule Rename DIE415 pin PA13 -> PA13 (JTMS/SWDIO) is applicable
2025-04-23 17:09:50,332 [INFO] Rule:224 - rule Rename DIE462 pin PA14 -> PA14 (JTCK/SWCLK) is applicable
2025-04-23 17:09:50,334 [INFO] Rule:224 - rule Rename DIE415 pin PA14 -> PA14 (JTCK/SWCLK) is applicable
2025-04-23 17:09:50,334 [INFO] Rule:224 - rule Rename DIE462/DIE415 pin PA15 -> PA15 (JTDI) is applicable
2025-04-23 17:09:50,334 [INFO] Rule:224 - rule Rename DIE462 pin PB3 -> PB3 (JTD0/TRACESWO) is applicable
2025-04-23 17:09:50,335 [INFO] Rule:224 - rule Rename DIE415 pin PB3 -> PB3 (JTD0-TRACESWO) is applicable
2025-04-23 17:09:50,335 [INFO] Rule:224 - rule Rename DIE462/DIE415 pin PB4 -> PB4 (NJTRST) is applicable
2025-04-23 17:09:50,336 [INFO] Rule:224 - rule Rename DIE462 pin PH3/BOOT0 -> PH3-BOOT0 (BOOT0) is applicable
2025-04-23 17:09:50,337 [INFO] Rule:224 - rule Rename CRYP DataEncryptionTypesList to Algorithm is applicable
2025-04-23 17:09:50,337 [INFO] Rule:224 - rule Rename AES DataEncryptionTypesList to Algorithm is applicable
2025-04-23 17:09:50,338 [INFO] Rule:224 - rule Rename TDESECB to CRYP_TDES_ECB is applicable
2025-04-23 17:09:50,338 [INFO] Rule:224 - rule Rename TDESCBC to CRYP_TDES_CBC is applicable
2025-04-23 17:09:50,339 [INFO] Rule:224 - rule Rename DESECB to CRYP_DES_ECB is applicable
2025-04-23 17:09:50,340 [INFO] Rule:224 - rule Rename DESCBC to CRYP_DES_CBC is applicable
2025-04-23 17:09:50,341 [INFO] Rule:224 - rule Rename AESECB to CRYP_AES_ECB is applicable
2025-04-23 17:09:50,342 [INFO] Rule:224 - rule Rename AESCBC to CRYP_AES_CBC is applicable
2025-04-23 17:09:50,342 [INFO] Rule:224 - rule Rename AESCTR to CRYP_AES_CTR is applicable
2025-04-23 17:09:50,343 [INFO] Rule:224 - rule Rename AESGCM to CRYP_AES_GCM is applicable
2025-04-23 17:09:50,343 [INFO] Rule:224 - rule Rename AESCCM to CRYP_AES_CCM is applicable
2025-04-23 17:09:50,344 [INFO] Rule:224 - rule Rename CAN TimeSeg1 to BS1 is applicable
2025-04-23 17:09:50,344 [INFO] Rule:224 - rule Rename CAN TimeSeg2 to BS2 is applicable
2025-04-23 17:09:50,345 [INFO] Rule:224 - rule Rename CAN SyncJumpWidth to SJW is applicable
2025-04-23 17:09:50,346 [INFO] Rule:224 - rule TimeTriggeredMode to TTCM is applicable
2025-04-23 17:09:50,347 [INFO] Rule:224 - rule Rename CAN AutoBusOff to ABOM is applicable
2025-04-23 17:09:50,348 [INFO] Rule:224 - rule Rename CAN AutoWakeUp to AWUM is applicable
2025-04-23 17:09:50,348 [INFO] Rule:224 - rule Rename CAN AutoRetransmission to NART is applicable
2025-04-23 17:09:50,349 [INFO] Rule:224 - rule Rename CAN ReceiveFifoLocked to RFLM is applicable
2025-04-23 17:09:50,349 [INFO] Rule:224 - rule Rename CAN TransmitFifoPriority to TXFP is applicable
2025-04-23 17:09:50,349 [INFO] Rule:224 - rule Rename HRTIMER HRTIM_OUTPUTFAULTLEVEL_HIGH in HRTIMER HRTIM_OUTPUTFAULTLEVEL_HIGHZ is applicable
2025-04-23 17:09:50,350 [INFO] Rule:224 - rule Rename TIMER TIM_CLEARINPUTSOURCE_OCREFCLR in  TIMER TIM_CLEARINPUTSOURCE_NONE for F7 family is applicable
2025-04-23 17:09:50,351 [INFO] Rule:224 - rule FDCAN_R1 - Rename FDCAN mode Master into Classic is applicable
2025-04-23 17:09:50,352 [INFO] Rule:224 - rule FDCAN_R2 - Rename FDCAN mode Slave into Classic is applicable
2025-04-23 17:09:50,353 [INFO] Rule:224 - rule FDCAN1_R3 - if PA10.Mode=FullDuplex, add Pin PA12 is applicable
2025-04-23 17:09:50,353 [INFO] Rule:224 - rule FDCAN1_R3 - if PA9.Mode=FullDuplex, add Pin PA11 is applicable
2025-04-23 17:09:50,355 [INFO] Rule:224 - rule FDCAN1_R3 - Alternatepin_1 - if PE1.Mode=FullDuplex, add Pin PB9 is applicable
2025-04-23 17:09:50,356 [INFO] Rule:224 - rule FDCAN1_R3 - Alternatepin_1 - if PE0.Mode=FullDuplex, add Pin PB8 is applicable
2025-04-23 17:09:50,356 [INFO] Rule:224 - rule FDCAN1_R3 - Alternatepin_2 - if PD5.Mode=FullDuplex, add Pin PD1 is applicable
2025-04-23 17:09:50,357 [INFO] Rule:224 - rule FDCAN1_R3 - Alternatepin_2 - if PD4.Mode=FullDuplex, add Pin PD0 is applicable
2025-04-23 17:09:50,357 [INFO] Rule:224 - rule FDCAN1_R4 - Rename Mode FullDuplex into Enable FDCAN_TXFD for pin PA10 is applicable
2025-04-23 17:09:50,359 [INFO] Rule:224 - rule FDCAN1_R4 - Rename Mode FullDuplex into Enable FDCAN_TXFD for pin PA9 is applicable
2025-04-23 17:09:50,360 [INFO] Rule:224 - rule FDCAN1_R4 - Alternatepin_1 - Rename Mode FullDuplex into Enable FDCAN_TXFD for pin PE1 is applicable
2025-04-23 17:09:50,360 [INFO] Rule:224 - rule FDCAN1_R4 - Alternatepin_1 - Rename Mode FullDuplex into Enable FDCAN_TXFD for pin PE0 is applicable
2025-04-23 17:09:50,361 [INFO] Rule:224 - rule FDCAN1_R4 - Alternatepin_2 - Rename Mode FullDuplex into Enable FDCAN_TXFD for pin PD5 is applicable
2025-04-23 17:09:50,361 [INFO] Rule:224 - rule FDCAN1_R4 - Alternatepin_2 - Rename Mode FullDuplex into Enable FDCAN_TXFD for pin PD4 is applicable
2025-04-23 17:09:50,362 [INFO] Rule:224 - rule FDCAN2_R3 - if PD10.Mode=FullDuplex, add Pin PB13 is applicable
2025-04-23 17:09:50,363 [INFO] Rule:224 - rule FDCAN2_R3 - if PD9.Mode=FullDuplex, add Pin PB12 is applicable
2025-04-23 17:09:50,364 [INFO] Rule:224 - rule FDCAN2_R3 - Alternatepin_1 - if PB7.Mode=FullDuplex, add Pin PB6 is applicable
2025-04-23 17:09:50,365 [INFO] Rule:224 - rule FDCAN2_R3 - Alternatepin_1 - if PD9.Mode=FullDuplex, add Pin PB12 is applicable
2025-04-23 17:09:50,366 [INFO] Rule:224 - rule FDCAN2_R4 - Rename Mode FullDuplex into Enable FDCAN_TXFD for pin PD10 is applicable
2025-04-23 17:09:50,366 [INFO] Rule:224 - rule FDCAN2_R4 - Rename Mode FullDuplex into Enable FDCAN_TXFD for pin PD9 is applicable
2025-04-23 17:09:50,368 [INFO] Rule:224 - rule FDCAN2_R4 - Alternatepin_1 - Rename Mode FullDuplex into Enable FDCAN_TXFD for pin PB7 is applicable
2025-04-23 17:09:50,369 [INFO] Rule:224 - rule FDCAN2_R4 - Alternatepin_1 - Rename Mode FullDuplex into Enable FDCAN_TXFD for pin PD6 is applicable
2025-04-23 17:09:50,369 [INFO] Rule:224 - rule USART TxPinLevelInvertParam Mode is applicable
2025-04-23 17:09:50,370 [INFO] Rule:224 - rule USART RxPinLevelInvertParam Mode is applicable
2025-04-23 17:09:50,370 [INFO] Rule:224 - rule USART DataInvertParam Mode is applicable
2025-04-23 17:09:50,371 [INFO] Rule:224 - rule USART SwapParam Mode is applicable
2025-04-23 17:09:50,371 [INFO] Rule:224 - rule USART OverrunDisableParam Mode is applicable
2025-04-23 17:09:50,372 [INFO] Rule:224 - rule USART DMADisableonRxErrorParam Mode is applicable
2025-04-23 17:09:50,373 [INFO] Rule:224 - rule USART MSBFirstParam Mode is applicable
2025-04-23 17:09:50,374 [INFO] Rule:224 - rule Update MwName for USB_DEVICE is applicable
2025-04-23 17:09:50,374 [INFO] Rule:224 - rule Change PWR_Regulator_Voltage_Scale Default Value for RCC  H7 family is applicable
2025-04-23 17:09:50,375 [INFO] Rule:224 - rule UART/USART IPParameter rename Prescaler parameter to ClockPrescaler is applicable
2025-04-23 17:09:50,375 [INFO] Rule:224 - rule UART/USART Prescaler rename Prescaler parameter to ClockPrescaler is applicable
2025-04-23 17:09:50,376 [INFO] Rule:224 - rule TIM1CLockSelection is applicable
2025-04-23 17:09:50,377 [INFO] Rule:224 - rule TIM15CLockSelection is applicable
2025-04-23 17:09:50,377 [INFO] Rule:224 - rule align RCC SDMMC3CLockSelection default value on MP1 is applicable
2025-04-23 17:09:50,378 [INFO] Rule:224 - rule align RCC SDMMC12CLockSelection default value on MP1 is applicable
2025-04-23 17:09:50,378 [INFO] Rule:224 - rule align RCC QSPICLockSelection default value on MP1 is applicable
2025-04-23 17:09:50,379 [INFO] Rule:224 - rule align RCC QSPICLockSelection default value on MP1 is applicable
2025-04-23 17:09:50,381 [INFO] Rule:224 - rule align RCC SPI6CLockSelection default value on MP1 is applicable
2025-04-23 17:09:50,381 [INFO] Rule:224 - rule align RCC LPTIM23CLockSelection default value on MP1 is applicable
2025-04-23 17:09:50,383 [INFO] Rule:224 - rule align RCC LPTIM1CLockSelection default value on MP1 is applicable
2025-04-23 17:09:50,385 [INFO] Rule:224 - rule align RCC USART1CLockSelection default value on MP1 is applicable
2025-04-23 17:09:50,386 [INFO] Rule:224 - rule align RCC USART24CLockSelection default value on MP1 is applicable
2025-04-23 17:09:50,387 [INFO] Rule:224 - rule align RCC USART6CLockSelection default value on MP1 is applicable
2025-04-23 17:09:50,389 [INFO] Rule:224 - rule align RCC UART78CLockSelection default value on MP1 is applicable
2025-04-23 17:09:50,389 [INFO] Rule:224 - rule align RCC USART35CLockSelection default value on MP1 is applicable
2025-04-23 17:09:50,392 [INFO] Rule:224 - rule align RCC SPI45CLockSelection default value on MP1 is applicable
2025-04-23 17:09:50,393 [INFO] Rule:224 - rule align RCC I2C46CLockSelection BCLK value on MP1 is applicable
2025-04-23 17:09:50,393 [INFO] Rule:224 - rule align RCC SPI45CLockSelection default value on MP1 is applicable
2025-04-23 17:09:50,397 [INFO] Rule:224 - rule align RCC I2C12CLockSelection default value on MP1 is applicable
2025-04-23 17:09:50,398 [INFO] Rule:224 - rule align RCC I2C35CLockSelection default value on MP1 is applicable
2025-04-23 17:09:50,399 [INFO] Rule:224 - rule align RCC LPTIM45CLockSelection default value on MP1 is applicable
2025-04-23 17:09:50,399 [INFO] Rule:224 - rule Rename DCMI PIXCK signal is applicable
2025-04-23 17:09:50,400 [INFO] Rule:224 - rule Change Default Value for I2C46CLockSelection MP1 family is applicable
2025-04-23 17:09:50,401 [INFO] Rule:224 - rule Change Default Value for UART for G4, G0 and WB families is applicable
2025-04-23 17:09:50,402 [INFO] Rule:224 - rule Change Default Value for USART for G4, G0 and WB families is applicable
2025-04-23 17:09:50,402 [INFO] Rule:224 - rule Change Default Value for USART for G4 family is applicable
2025-04-23 17:09:50,403 [INFO] Rule:224 - rule Change USART1CLockSelection refparam name for MP1 is applicable
2025-04-23 17:09:50,403 [INFO] Rule:224 - rule Change USART2CLockSelection refparam name for MP1 is applicable
2025-04-23 17:09:50,404 [INFO] Rule:224 - rule Change USART3CLockSelection refparam name for MP1 is applicable
2025-04-23 17:09:50,405 [INFO] Rule:224 - rule Change UART4CLockSelection refparam name for MP1 is applicable
2025-04-23 17:09:50,408 [INFO] Rule:224 - rule Change UART5CLockSelection refparam name for MP1 is applicable
2025-04-23 17:09:50,409 [INFO] Rule:224 - rule Change LPUART1CLockSelection refparam name for MP1 is applicable
2025-04-23 17:09:50,410 [INFO] Rule:224 - rule Change LPTIM1CLockSelection refparam name for MP1 is applicable
2025-04-23 17:09:50,411 [INFO] Rule:224 - rule Change LPTIM2CLockSelection refparam name for MP1 is applicable
2025-04-23 17:09:50,412 [INFO] Rule:224 - rule Change RCC_MCO1Source refparam name for MP1 is applicable
2025-04-23 17:09:50,412 [INFO] Rule:224 - rule Change LSCOSource1 refparam name for MP1 is applicable
2025-04-23 17:09:50,413 [INFO] Rule:224 - rule Change SMPSCLockSelection refparam name for MP1 is applicable
2025-04-23 17:09:50,414 [INFO] Rule:224 - rule Change LPTIM3CLockSelection refparam name for MP1 is applicable
2025-04-23 17:09:50,414 [INFO] Rule:224 - rule Change MPCBB* Default Template Mode to Parameters is applicable
2025-04-23 17:09:50,415 [INFO] Rule:224 - rule Change MPCWM* or MPCBB* Secure Mode to Parameters is applicable
2025-04-23 17:09:50,416 [INFO] Rule:224 - rule Change MPCWM* or MPCBB* No Secure Mode to Parameters is applicable
2025-04-23 17:09:50,416 [INFO] Rule:224 - rule Change TZSC IP Secure Mode to Parameters is applicable
2025-04-23 17:09:50,417 [INFO] Rule:224 - rule Change TZSC IP No Secure Mode to Parameters is applicable
2025-04-23 17:09:50,418 [INFO] Rule:224 - rule Change TZSC IP Privilege Mode to Parameters is applicable
2025-04-23 17:09:50,421 [INFO] Rule:224 - rule Change TZSC IP No Privilege Mode to Parameters is applicable
2025-04-23 17:09:50,422 [INFO] Rule:224 - rule Change TZIC IT Secure Mode to Parameters is applicable
2025-04-23 17:09:50,423 [INFO] Rule:224 - rule Change TZIC IT No Secure Mode to Parameters is applicable
2025-04-23 17:09:50,423 [INFO] Rule:224 - rule Add MPCBB1_NonSecureArea_Start_Address value with referenced to MPCBB1_NonSecureArea_Start value is applicable
2025-04-23 17:09:50,424 [INFO] Rule:224 - rule Add MPCBB2_NonSecureArea_Start_Address value with referenced to MPCBB2_NonSecureArea_Start value is applicable
2025-04-23 17:09:50,424 [INFO] Rule:224 - rule Add MPCWM1_NonSecureArea*_Start_Address value with referenced to MPCWM1_NonSecureArea*_Start value is applicable
2025-04-23 17:09:50,425 [INFO] Rule:224 - rule Add MPCWM2_NonSecureArea*_Start_Address value with referenced to MPCWM2_NonSecureArea*_Start value is applicable
2025-04-23 17:09:50,426 [INFO] Rule:224 - rule Add MPCWM3_NonSecureArea_Start_Address value with referenced to MPCWM3_NonSecureArea_Start value is applicable
2025-04-23 17:09:50,426 [INFO] Rule:224 - rule Change Default Value for PLL1UserDefinedConfig is applicable
2025-04-23 17:09:50,427 [INFO] Rule:224 - rule Change GPIO_PuPd Default Value for USART in async mode is applicable
2025-04-23 17:09:50,428 [INFO] Rule:224 - rule Change SMPSDivider Default Value is applicable
2025-04-23 17:09:50,429 [INFO] Rule:224 - rule OPAMP is applicable
2025-04-23 17:09:50,429 [INFO] Rule:224 - rule LPUART IPParameter rename Prescaler parameter to ClockPrescaler for STM32H7 is applicable
2025-04-23 17:09:50,430 [INFO] Rule:224 - rule LPUART IPParameter rename Prescaler parameter to ClockPrescaler for STM32H7 is applicable
2025-04-23 17:09:50,433 [INFO] Rule:224 - rule LPUART IPParameter rename Prescaler parameter to ClockPrescaler for STM32WB is applicable
2025-04-23 17:09:50,433 [INFO] Rule:224 - rule LPUART IPParameter rename Prescaler parameter to ClockPrescaler for STM32WB is applicable
2025-04-23 17:09:50,434 [INFO] Rule:224 - rule LPUART IPParameter rename Prescaler parameter to ClockPrescaler for STM32G4 is applicable
2025-04-23 17:09:50,434 [INFO] Rule:224 - rule LPUART IPParameter rename Prescaler parameter to ClockPrescaler for STM32G4 is applicable
2025-04-23 17:09:50,435 [INFO] Rule:224 - rule LPUART IPParameter rename Prescaler parameter to ClockPrescaler for STM32L5 is applicable
2025-04-23 17:09:50,436 [INFO] Rule:224 - rule LPUART IPParameter rename Prescaler parameter to ClockPrescaler for STM32L5 is applicable
2025-04-23 17:09:50,436 [INFO] Rule:224 - rule LPUART IPParameter rename Prescaler parameter to ClockPrescaler for STM32G4 is applicable
2025-04-23 17:09:50,437 [INFO] Rule:224 - rule LPUART IPParameter rename Prescaler parameter to ClockPrescaler for STM32G4 is applicable
2025-04-23 17:09:50,438 [INFO] Rule:224 - rule USB device lib V2.5.3 for L0 rename USBD_SUPPORT_USER_STRING parameter to USBD_SUPPORT_USER_STRING_DESC4 is applicable
2025-04-23 17:09:50,439 [INFO] Rule:224 - rule I2SCLockSelection clock entry align is applicable
2025-04-23 17:09:50,439 [INFO] Rule:224 - rule Assign TIMx context if used as SYS timebase is applicable
2025-04-23 17:09:50,440 [INFO] Rule:224 - rule Change GPIO_Pu Default Value for I2C is applicable
2025-04-23 17:09:50,441 [INFO] Rule:224 - rule Change GPIO_Pu Default Value for SMBus is applicable
2025-04-23 17:09:50,442 [INFO] Rule:224 - rule change FDCAN default value is applicable
2025-04-23 17:09:50,443 [INFO] Rule:224 - rule Change mode sai is applicable
2025-04-23 17:09:50,444 [INFO] Rule:224 - rule **Change sai mode is applicable
2025-04-23 17:09:50,444 [INFO] Rule:224 - rule Rename STM32WPAN CFG_BLE_IRK to CFG_BLE_IR is applicable
2025-04-23 17:09:50,445 [INFO] Rule:224 - rule Rename STM32WPAN CFG_BLE_ERK to CFG_BLE_ER is applicable
2025-04-23 17:09:50,446 [INFO] Rule:224 - rule Rename STM32WPAN CFG_BLE_IRK_HEX to CFG_BLE_IR_HEX is applicable
2025-04-23 17:09:50,446 [INFO] Rule:224 - rule Rename STM32WPAN CFG_BLE_ERK_HEX to CFG_BLE_ER_HEX is applicable
2025-04-23 17:09:50,447 [INFO] Rule:224 - rule Adapt Old IOC before rework replace old CORTEX_M33/CORTEX_M55 attributes by the new one. is applicable
2025-04-23 17:09:50,449 [INFO] Rule:224 - rule Rename parametre of RCC RCC_APBDBG_DIV2 to RCC_TIMPRES_DIV2 is applicable
2025-04-23 17:09:50,450 [INFO] Rule:224 - rule Rename DIE493 pin PA10 [PA12] -> PA10 is applicable
2025-04-23 17:09:50,451 [INFO] Rule:224 - rule Rename DIE493 pin PA9 [PA11] -> PA9 is applicable
2025-04-23 17:09:50,459 [INFO] DbConfProperties:307 - Apply Compatibility (49/266 Rules)
2025-04-23 17:09:50,468 [INFO] ImportTextPane:218 - (OptionalMessage_ERROR) Unable to find key (Mcu.ThirdPartyNb) in loaded IOC file
2025-04-23 17:09:50,474 [INFO] ImportTextPane:218 - (OptionalMessage_ERROR) Pin12 (VP_RIF_VS_RIF1) cannot be retrieved for this MCU
2025-04-23 17:09:50,620 [INFO] RtosManager:558 - Registered RTOS mode: class=CMSIS, group=RTOS, mode=CMSIS_V1, owner=FREERTOS
2025-04-23 17:09:50,621 [INFO] RtosManager:558 - Registered RTOS mode: class=CMSIS, group=RTOS2, mode=CMSIS_V2, owner=FREERTOS
2025-04-23 17:09:50,622 [INFO] RtosManager:558 - Registered RTOS mode: class=RTOS, group=Core, mode=CMSIS_V1, owner=FREERTOS
2025-04-23 17:09:50,622 [INFO] RtosManager:558 - Registered RTOS mode: class=RTOS, group=Core, mode=CMSIS_V2, owner=FREERTOS
2025-04-23 17:09:50,623 [WARN] ModelIntegratedComponent:184 - Missing modes for component STMicroelectronics:FreeRTOS:0.0.1:STMicroelectronics:RTOS:FreeRTOS:Core:::10.2.0:
2025-04-23 17:09:50,629 [WARN] ModelIntegratedComponent:63 - No mode defined for component null
2025-04-23 17:09:50,629 [WARN] ModelIntegratedComponent:63 - No mode defined for component null
2025-04-23 17:09:50,630 [WARN] ModelIntegratedComponent:63 - No mode defined for component null
2025-04-23 17:09:50,631 [WARN] ModelIntegratedComponent:63 - No mode defined for component null
2025-04-23 17:09:50,631 [WARN] ModelIntegratedComponent:63 - No mode defined for component null
2025-04-23 17:09:50,632 [WARN] ModelIntegratedComponent:63 - No mode defined for component null
2025-04-23 17:09:50,633 [WARN] ModelIntegratedComponent:63 - No mode defined for component null
2025-04-23 17:09:50,633 [WARN] ModelIntegratedComponent:63 - No mode defined for component null
2025-04-23 17:09:50,635 [WARN] ModelIntegratedComponent:63 - No mode defined for component null
2025-04-23 17:09:50,635 [WARN] ModelIntegratedComponent:63 - No mode defined for component null
2025-04-23 17:09:50,636 [WARN] ModelIntegratedComponent:63 - No mode defined for component null
2025-04-23 17:09:50,637 [WARN] ModelIntegratedComponent:63 - No mode defined for component null
2025-04-23 17:09:50,637 [WARN] ModelIntegratedComponent:63 - No mode defined for component null
2025-04-23 17:09:50,637 [WARN] ModelIntegratedComponent:63 - No mode defined for component null
2025-04-23 17:09:50,637 [WARN] ModelIntegratedComponent:63 - No mode defined for component null
2025-04-23 17:09:50,639 [WARN] ModelIntegratedComponent:63 - No mode defined for component null
2025-04-23 17:09:50,639 [WARN] ModelIntegratedComponent:63 - No mode defined for component null
2025-04-23 17:09:50,639 [WARN] ModelIntegratedComponent:63 - No mode defined for component null
2025-04-23 17:09:50,640 [WARN] ModelIntegratedComponent:63 - No mode defined for component null
2025-04-23 17:09:50,640 [WARN] ModelIntegratedComponent:63 - No mode defined for component null
2025-04-23 17:09:50,641 [WARN] ModelIntegratedComponent:63 - No mode defined for component null
2025-04-23 17:09:50,642 [WARN] ModelIntegratedComponent:63 - No mode defined for component null
2025-04-23 17:09:50,642 [WARN] ModelIntegratedComponent:63 - No mode defined for component null
2025-04-23 17:09:50,644 [WARN] ModelIntegratedComponent:63 - No mode defined for component null
2025-04-23 17:09:50,644 [WARN] ModelIntegratedComponent:63 - No mode defined for component null
2025-04-23 17:09:50,645 [WARN] ModelIntegratedComponent:63 - No mode defined for component null
2025-04-23 17:09:50,645 [WARN] ModelIntegratedComponent:63 - No mode defined for component null
2025-04-23 17:09:50,645 [WARN] ModelIntegratedComponent:63 - No mode defined for component null
2025-04-23 17:09:50,645 [WARN] ModelIntegratedComponent:63 - No mode defined for component null
2025-04-23 17:09:50,645 [WARN] ModelIntegratedComponent:63 - No mode defined for component null
2025-04-23 17:09:50,646 [WARN] ModelIntegratedComponent:63 - No mode defined for component null
2025-04-23 17:09:50,646 [WARN] ModelIntegratedComponent:63 - No mode defined for component null
2025-04-23 17:09:50,647 [WARN] ModelIntegratedComponent:63 - No mode defined for component null
2025-04-23 17:09:50,647 [WARN] ModelIntegratedComponent:63 - No mode defined for component null
2025-04-23 17:09:50,648 [WARN] ModelIntegratedComponent:63 - No mode defined for component null
2025-04-23 17:09:50,648 [WARN] ModelPack:524 - Component already loaded: STMicroelectronics:HAL Drivers:0.0.0:STMicroelectronics:Device:STMicro_Driver:XSPI:HAL::0.0.1:HAL_XSPI
2025-04-23 17:09:50,659 [INFO] ThirdPartyModel:298 - Start build external matchings
2025-04-23 17:09:50,854 [INFO] ThirdPartyModel:316 - End build external matchings
2025-04-23 17:09:50,867 [INFO] ImportTextPane:218 - (OptionalMessage_ERROR) IP (RCC) : Invalid parameter (FamilyName)
2025-04-23 17:09:50,870 [INFO] ImportTextPane:218 - (OptionalMessage_ERROR) IP (RCC) : Parameter (RNGFreq_Value) has invalid value (64000000)
2025-04-23 17:09:50,870 [INFO] ImportTextPane:218 - (OptionalMessage_ERROR) IP (RCC) : Parameter (SDMMCFreq_Value) has invalid value (64000000)
2025-04-23 17:09:50,871 [INFO] ImportTextPane:218 - (OptionalMessage_ERROR) IP (RCC) : Parameter (USBFreq_Value) has invalid value (64000000)
2025-04-23 17:09:51,186 [INFO] UtilMem:75 - End LoadConfig() Used Memory: 896008904 Bytes (1073741824)
2025-04-23 17:09:51,238 [WARN] ThirdParty:833 - waiting for thirdparty lock release [change project]
2025-04-23 17:09:51,238 [INFO] ThirdParty:835 - entering critical section [change project]
2025-04-23 17:09:51,239 [INFO] ThirdParty:1030 - CMSIS Pack Vendor :STMicroelectronics USBPD 4.1
2025-04-23 17:09:51,240 [INFO] ThirdParty:1030 - CMSIS Pack Vendor :STMicroelectronics X-CUBE-AZRTOS-H7 3.3.0
2025-04-23 17:09:51,240 [INFO] ThirdParty:1030 - CMSIS Pack Vendor :STMicroelectronics X-CUBE-NFC9 1.0.0
2025-04-23 17:09:51,241 [INFO] ThirdParty:1030 - CMSIS Pack Vendor :STMicroelectronics USB_HOST 2.0.0
2025-04-23 17:09:51,241 [INFO] ThirdParty:1030 - CMSIS Pack Vendor :STMicroelectronics FP-SNS-MOTENVWB1 1.4.0
2025-04-23 17:09:51,242 [INFO] ThirdParty:1030 - CMSIS Pack Vendor :STMicroelectronics X-CUBE-AZRTOS-F4 1.1.0
2025-04-23 17:09:51,242 [INFO] ThirdParty:1030 - CMSIS Pack Vendor :STMicroelectronics LIBJPEG 8.0.0
2025-04-23 17:09:51,243 [INFO] ThirdParty:1030 - CMSIS Pack Vendor :STMicroelectronics FP-ATR-ASTRA1 2.0.2
2025-04-23 17:09:51,243 [INFO] ThirdParty:1030 - CMSIS Pack Vendor :STMicroelectronics X-CUBE-BLE1 7.1.0
2025-04-23 17:09:51,244 [INFO] ThirdParty:1030 - CMSIS Pack Vendor :Avnet-IotConnect X-CUBE-IoTC-DA16k-PMOD 1.0.0
2025-04-23 17:09:51,244 [INFO] ThirdParty:1030 - CMSIS Pack Vendor :STMicroelectronics X-CUBE-SMBUS 2.1.0
2025-04-23 17:09:51,244 [INFO] ThirdParty:1030 - CMSIS Pack Vendor :wolfSSL I-CUBE-wolfMQTT 1.19.2
2025-04-23 17:09:51,244 [INFO] ThirdParty:1030 - CMSIS Pack Vendor :STMicroelectronics USB_DEVICE 3.0.0
2025-04-23 17:09:51,245 [INFO] ThirdParty:1030 - CMSIS Pack Vendor :STMicroelectronics X-CUBE-ISPU 2.1.0
2025-04-23 17:09:51,245 [INFO] ThirdParty:1030 - CMSIS Pack Vendor :STMicroelectronics X-CUBE-AZRTOS-WB 2.0.0
2025-04-23 17:09:51,246 [INFO] ThirdParty:1030 - CMSIS Pack Vendor :STMicroelectronics X-CUBE-GNSS1 7.0.1
2025-04-23 17:09:51,246 [INFO] ThirdParty:1030 - CMSIS Pack Vendor :STMicroelectronics X-CUBE-AZRTOS-F7 1.1.0
2025-04-23 17:09:51,247 [INFO] ThirdParty:1030 - CMSIS Pack Vendor :STMicroelectronics X-CUBE-AZRTOS-L5 2.0.0
2025-04-23 17:09:51,247 [INFO] ThirdParty:1030 - CMSIS Pack Vendor :STMicroelectronics X-CUBE-TOUCHGFX 4.25.0
2025-04-23 17:09:51,247 [INFO] ThirdParty:1030 - CMSIS Pack Vendor :STMicroelectronics USB_DEVICE 2.0.0
2025-04-23 17:09:51,248 [INFO] ThirdParty:1030 - CMSIS Pack Vendor :STMicroelectronics X-CUBE-NFC6 3.1.0
2025-04-23 17:09:51,248 [INFO] ThirdParty:1030 - CMSIS Pack Vendor :STMicroelectronics FP-SNS-STBOX1 2.0.0
2025-04-23 17:09:51,249 [INFO] ThirdParty:1030 - CMSIS Pack Vendor :STMicroelectronics X-CUBE-MEMS1 11.2.0
2025-04-23 17:09:51,249 [INFO] ThirdParty:1030 - CMSIS Pack Vendor :STMicroelectronics FreeRTOS 0.0.1
2025-04-23 17:09:51,250 [INFO] ThirdParty:1030 - CMSIS Pack Vendor :STMicroelectronics X-CUBE-AZRTOS-G0 1.1.0
2025-04-23 17:09:51,250 [INFO] ThirdParty:1030 - CMSIS Pack Vendor :STMicroelectronics X-CUBE-SAFEA1 1.2.2
2025-04-23 17:09:51,251 [INFO] ThirdParty:1030 - CMSIS Pack Vendor :STMicroelectronics X-CUBE-NFC4 3.0.0
2025-04-23 17:09:51,251 [INFO] ThirdParty:1030 - CMSIS Pack Vendor :STMicroelectronics X-CUBE-SUBG2 5.0.0
2025-04-23 17:09:51,252 [INFO] ThirdParty:1030 - CMSIS Pack Vendor :STMicroelectronics X-CUBE-AZRTOS-H7RS 1.1.0
2025-04-23 17:09:51,252 [INFO] ThirdParty:1030 - CMSIS Pack Vendor :STMicroelectronics STM32_WPAN 1.0.0
2025-04-23 17:09:51,253 [INFO] ThirdParty:1030 - CMSIS Pack Vendor :EmbeddedOffice I-CUBE-FS-RTOS 1.0.1
2025-04-23 17:09:51,253 [INFO] ThirdParty:1030 - CMSIS Pack Vendor :STMicroelectronics lwIP 2.0.3
2025-04-23 17:09:51,254 [INFO] ThirdParty:1030 - CMSIS Pack Vendor :Cesanta I-CUBE-Mongoose 7.13.0
2025-04-23 17:09:51,254 [INFO] ThirdParty:1030 - CMSIS Pack Vendor :STMicroelectronics USB_HOST 1.0.0
2025-04-23 17:09:51,255 [INFO] ThirdParty:1030 - CMSIS Pack Vendor :Infineon AIROC-Wi-Fi-Bluetooth-STM32 1.7.0
2025-04-23 17:09:51,255 [INFO] ThirdParty:1030 - CMSIS Pack Vendor :STMicroelectronics X-CUBE-AZRTOS-G4 2.0.0
2025-04-23 17:09:51,256 [INFO] ThirdParty:1030 - CMSIS Pack Vendor :STMicroelectronics X-CUBE-WB05N 2.0.0
2025-04-23 17:09:51,256 [INFO] ThirdParty:1030 - CMSIS Pack Vendor :STMicroelectronics PDM2PCM 3.1.0
2025-04-23 17:09:51,257 [INFO] ThirdParty:1030 - CMSIS Pack Vendor :STMicroelectronics PDM2PCM 3.3.0
2025-04-23 17:09:51,257 [INFO] ThirdParty:1030 - CMSIS Pack Vendor :wolfSSL I-CUBE-wolfTPM 3.8.0
2025-04-23 17:09:51,258 [INFO] ThirdParty:1030 - CMSIS Pack Vendor :STMicroelectronics X-CUBE-DISPLAY 3.0.0
2025-04-23 17:09:51,258 [INFO] ThirdParty:1030 - CMSIS Pack Vendor :wolfSSL I-CUBE-wolfSSH 1.4.20
2025-04-23 17:09:51,259 [INFO] ThirdParty:1030 - CMSIS Pack Vendor :STMicroelectronics X-CUBE-TCPP 4.2.0
2025-04-23 17:09:51,259 [INFO] ThirdParty:1030 - CMSIS Pack Vendor :RealThread X-CUBE-RT-Thread_Nano 4.1.1
2025-04-23 17:09:51,260 [INFO] ThirdParty:1030 - CMSIS Pack Vendor :STMicroelectronics FP-ATR-SIGFOX1 3.2.0
2025-04-23 17:09:51,260 [INFO] ThirdParty:1030 - CMSIS Pack Vendor :STMicroelectronics X-CUBE-NFC10 1.0.0
2025-04-23 17:09:51,261 [INFO] ThirdParty:1030 - CMSIS Pack Vendor :STMicroelectronics X-CUBE-BLEMGR 4.0.0
2025-04-23 17:09:51,261 [INFO] ThirdParty:1030 - CMSIS Pack Vendor :STMicroelectronics X-CUBE-EEPRMA1 5.1.0
2025-04-23 17:09:51,262 [INFO] ThirdParty:1030 - CMSIS Pack Vendor :STMicroelectronics HAL Drivers 0.0.0
2025-04-23 17:09:51,262 [INFO] ThirdParty:1030 - CMSIS Pack Vendor :STMicroelectronics MBEDTLS 2.16.2
2025-04-23 17:09:51,263 [INFO] ThirdParty:1030 - CMSIS Pack Vendor :STMicroelectronics X-CUBE-IPS 3.1.0
2025-04-23 17:09:51,263 [INFO] ThirdParty:1030 - CMSIS Pack Vendor :STMicroelectronics X-CUBE-ALS 1.0.2
2025-04-23 17:09:51,264 [INFO] ThirdParty:1030 - CMSIS Pack Vendor :emotas I-CUBE-CANOPEN 1.3.0
2025-04-23 17:09:51,264 [INFO] ThirdParty:1030 - CMSIS Pack Vendor :STMicroelectronics X-CUBE-FREERTOS 1.3.0
2025-04-23 17:09:51,265 [INFO] ThirdParty:1030 - CMSIS Pack Vendor :STMicroelectronics X-CUBE-NFC7 1.0.1
2025-04-23 17:09:51,265 [INFO] ThirdParty:1030 - CMSIS Pack Vendor :STMicroelectronics MBEDTLS 2.14.1
2025-04-23 17:09:51,266 [INFO] ThirdParty:1030 - CMSIS Pack Vendor :wolfSSL I-CUBE-wolfSSL 5.7.6
2025-04-23 17:09:51,266 [INFO] ThirdParty:1030 - CMSIS Pack Vendor :ITTIA_DB I-CUBE-ITTIADB 8.9.0
2025-04-23 17:09:51,267 [INFO] ThirdParty:1030 - CMSIS Pack Vendor :portGmbH I-Cube-SoM-uGOAL 1.1.0
2025-04-23 17:09:51,267 [INFO] ThirdParty:1030 - CMSIS Pack Vendor :quantropi X-CUBE-qispace-sdk-base 2.0.0
2025-04-23 17:09:51,268 [INFO] ThirdParty:1030 - CMSIS Pack Vendor :STMicroelectronics X-CUBE-AI 10.0.0
2025-04-23 17:09:51,269 [INFO] ThirdParty:1030 - CMSIS Pack Vendor :STMicroelectronics ThreadX 1.0.0
2025-04-23 17:09:51,269 [INFO] ThirdParty:1030 - CMSIS Pack Vendor :STMicroelectronics FP-SNS-SMARTAG2 1.2.0
2025-04-23 17:09:51,270 [INFO] ThirdParty:1030 - CMSIS Pack Vendor :STMicroelectronics FP-SNS-FLIGHT1 5.1.0
2025-04-23 17:09:51,270 [INFO] ThirdParty:1030 - CMSIS Pack Vendor :STMicroelectronics X-CUBE-AZRTOS-WL 2.0.0
2025-04-23 17:09:51,271 [INFO] ThirdParty:1030 - CMSIS Pack Vendor :SEGGER I-CUBE-embOS 1.3.1
2025-04-23 17:09:51,271 [INFO] ThirdParty:1030 - CMSIS Pack Vendor :STMicroelectronics X-CUBE-ALGOBUILD 1.4.0
2025-04-23 17:09:51,272 [INFO] ThirdParty:1030 - CMSIS Pack Vendor :STMicroelectronics X-CUBE-DPower 1.3.0
2025-04-23 17:09:51,272 [INFO] ThirdParty:1030 - CMSIS Pack Vendor :STMicroelectronics FP-SNS-MOTENV1 5.0.0
2025-04-23 17:09:51,273 [INFO] ThirdParty:1030 - CMSIS Pack Vendor :STMicroelectronics USB_DEVICE 1.0.0
2025-04-23 17:09:51,273 [INFO] ThirdParty:1030 - CMSIS Pack Vendor :STMicroelectronics X-CUBE-AZRTOS-L4 2.0.0
2025-04-23 17:09:51,274 [INFO] ThirdParty:1030 - CMSIS Pack Vendor :STMicroelectronics ThreadX 0.0.2
2025-04-23 17:09:51,274 [INFO] ThirdParty:1030 - CMSIS Pack Vendor :WES I-CUBE-Cesium 1.3.0
2025-04-23 17:09:51,275 [INFO] ThirdParty:1030 - CMSIS Pack Vendor :STMicroelectronics lwIP 2.1.2
2025-04-23 17:09:51,275 [INFO] ThirdParty:1030 - CMSIS Pack Vendor :STMicroelectronics X-CUBE-SFXS2LP1 4.0.0
2025-04-23 17:09:51,276 [INFO] ThirdParty:1030 - CMSIS Pack Vendor :STMicroelectronics X-CUBE-BLE2 3.3.0
2025-04-23 17:09:51,277 [INFO] ThirdParty:1030 - CMSIS Pack Vendor :STMicroelectronics X-CUBE-TOF1 3.4.3
2025-04-23 17:09:51,277 [INFO] ThirdParty:1030 - CMSIS Pack Vendor :STMicroelectronics PDM2PCM 3.2.0
2025-04-23 17:09:51,278 [INFO] ThirdParty:841 - exiting critical section [change project]
2025-04-23 17:09:51,451 [INFO] PinOutPanel:1589 - setPackage(No Configuration,No Configuration)
2025-04-23 17:09:51,453 [INFO] PinOutPanel:1589 - setPackage(STM32L476RGTx,LQFP64)
2025-04-23 17:09:51,723 [INFO] UtilMem:75 - Before build in PCC Used Memory: 773149552 Bytes (1073741824)
2025-04-23 17:09:51,967 [INFO] UtilMem:75 - After build in PCC Used Memory: 857035632 Bytes (1073741824)
2025-04-23 17:09:51,981 [INFO] IPUIPlugin:80 - create IPUIPlugin
2025-04-23 17:09:51,983 [INFO] IPUIPlugin:80 - create IPUIPlugin
2025-04-23 17:09:51,984 [INFO] IPUIPlugin:80 - create IPUIPlugin
2025-04-23 17:09:51,984 [INFO] IPUIPlugin:80 - create IPUIPlugin
2025-04-23 17:09:51,985 [INFO] IPUIPlugin:80 - create IPUIPlugin
2025-04-23 17:09:51,986 [INFO] IPUIPlugin:80 - create IPUIPlugin
2025-04-23 17:09:51,987 [INFO] IPUIPlugin:80 - create IPUIPlugin
2025-04-23 17:09:51,987 [INFO] IPUIPlugin:80 - create IPUIPlugin
2025-04-23 17:09:51,988 [INFO] IPUIPlugin:80 - create IPUIPlugin
2025-04-23 17:09:51,989 [INFO] IPUIPlugin:80 - create IPUIPlugin
2025-04-23 17:09:51,990 [INFO] IPUIPlugin:80 - create IPUIPlugin
2025-04-23 17:09:51,990 [INFO] IPUIPlugin:80 - create IPUIPlugin
2025-04-23 17:09:51,991 [INFO] IPUIPlugin:80 - create IPUIPlugin
2025-04-23 17:09:51,992 [INFO] IPUIPlugin:80 - create IPUIPlugin
2025-04-23 17:09:51,993 [INFO] IPUIPlugin:80 - create IPUIPlugin
2025-04-23 17:09:51,994 [INFO] IPUIPlugin:80 - create IPUIPlugin
2025-04-23 17:09:51,996 [INFO] IPUIPlugin:80 - create IPUIPlugin
2025-04-23 17:09:51,997 [INFO] IPUIPlugin:80 - create IPUIPlugin
2025-04-23 17:09:51,998 [INFO] IPUIPlugin:80 - create IPUIPlugin
2025-04-23 17:09:51,999 [INFO] IPUIPlugin:80 - create IPUIPlugin
2025-04-23 17:09:52,000 [INFO] IPUIPlugin:80 - create IPUIPlugin
2025-04-23 17:09:52,001 [INFO] IPUIPlugin:80 - create IPUIPlugin
2025-04-23 17:09:52,002 [INFO] IPUIPlugin:80 - create IPUIPlugin
2025-04-23 17:09:52,002 [INFO] IPUIPlugin:80 - create IPUIPlugin
2025-04-23 17:09:52,003 [INFO] IPUIPlugin:80 - create IPUIPlugin
2025-04-23 17:09:52,003 [INFO] IPUIPlugin:80 - create IPUIPlugin
2025-04-23 17:09:52,005 [INFO] IPUIPlugin:80 - create IPUIPlugin
2025-04-23 17:09:52,005 [INFO] IPUIPlugin:80 - create IPUIPlugin
2025-04-23 17:09:52,006 [INFO] IPUIPlugin:80 - create IPUIPlugin
2025-04-23 17:09:52,007 [INFO] IPUIPlugin:80 - create IPUIPlugin
2025-04-23 17:09:52,007 [INFO] IPUIPlugin:80 - create IPUIPlugin
2025-04-23 17:09:52,008 [INFO] IPUIPlugin:80 - create IPUIPlugin
2025-04-23 17:09:52,009 [INFO] IPUIPlugin:80 - create IPUIPlugin
2025-04-23 17:09:52,009 [INFO] IPUIPlugin:80 - create IPUIPlugin
2025-04-23 17:09:52,010 [INFO] IPUIPlugin:80 - create IPUIPlugin
2025-04-23 17:09:52,011 [INFO] IPUIPlugin:80 - create IPUIPlugin
2025-04-23 17:09:52,011 [INFO] IPUIPlugin:80 - create IPUIPlugin
2025-04-23 17:09:52,012 [INFO] IPUIPlugin:80 - create IPUIPlugin
2025-04-23 17:09:52,012 [INFO] IPUIPlugin:80 - create IPUIPlugin
2025-04-23 17:09:52,013 [INFO] IPUIPlugin:80 - create IPUIPlugin
2025-04-23 17:09:52,013 [INFO] IPUIPlugin:80 - create IPUIPlugin
2025-04-23 17:09:52,014 [INFO] IPUIPlugin:80 - create IPUIPlugin
2025-04-23 17:09:52,015 [INFO] IPUIPlugin:80 - create IPUIPlugin
2025-04-23 17:09:52,016 [INFO] IPUIPlugin:80 - create IPUIPlugin
2025-04-23 17:09:52,016 [INFO] IPUIPlugin:80 - create IPUIPlugin
2025-04-23 17:09:52,017 [INFO] IPUIPlugin:80 - create IPUIPlugin
2025-04-23 17:09:52,017 [INFO] IPUIPlugin:80 - create IPUIPlugin
2025-04-23 17:09:52,018 [INFO] IPUIPlugin:80 - create IPUIPlugin
2025-04-23 17:09:52,018 [INFO] IPUIPlugin:80 - create IPUIPlugin
2025-04-23 17:09:52,018 [INFO] IPUIPlugin:80 - create IPUIPlugin
2025-04-23 17:09:52,019 [INFO] IPUIPlugin:80 - create IPUIPlugin
2025-04-23 17:09:52,020 [INFO] IPUIPlugin:80 - create IPUIPlugin
2025-04-23 17:09:52,020 [INFO] IPUIPlugin:80 - create IPUIPlugin
2025-04-23 17:09:52,021 [INFO] IPUIPlugin:80 - create IPUIPlugin
2025-04-23 17:09:52,022 [INFO] IPUIPlugin:80 - create IPUIPlugin
2025-04-23 17:09:52,022 [INFO] IPUIPlugin:80 - create IPUIPlugin
2025-04-23 17:09:52,023 [INFO] IPUIPlugin:80 - create IPUIPlugin
2025-04-23 17:09:52,024 [INFO] IPUIPlugin:80 - create IPUIPlugin
2025-04-23 17:09:52,024 [INFO] IPUIPlugin:80 - create IPUIPlugin
2025-04-23 17:09:52,056 [INFO] CADModel:165 - CPN selected for project levelSTM32L476RGT3
2025-04-23 17:09:52,056 [INFO] CADModel:114 - Register for checkConnection events
2025-04-23 17:09:52,103 [INFO] OpenFileManager:385 - Restore cursor
2025-04-23 17:09:52,552 [INFO] UtilMem:75 - End SaveConfig() Used Memory: 754507504 Bytes (1073741824)
2025-04-23 17:10:12,429 [INFO] McuFinderGlobals:76 - Set McuFinderConnectedMode to true
2025-04-23 17:10:12,435 [INFO] ApiDb:448 - Save user favorites file C:\Users\eec9960/.stm32cubeide/favorites.mcus.txt: 0 item(s)
2025-04-23 17:10:12,436 [INFO] ApiDb:452 - User favorites MCUs=[]
2025-04-23 17:10:12,439 [INFO] ApiDb:448 - Save user favorites file C:\Users\eec9960/.stm32cubeide/favorites.boards.txt: 1 item(s)
2025-04-23 17:10:12,444 [INFO] ApiDb:452 - User favorites Boards=[NUCLEO-L476RG]
2025-04-23 17:11:08,385 [INFO] McuFinderGlobals:63 - Set McuFinder mode to 2 (CubeIDE integrated)
2025-04-23 17:11:08,386 [INFO] UserAuth:171 - activating auth plugin
2025-04-23 17:11:08,388 [INFO] UserAuth:486 - Internet connection configuration mode: 1
2025-04-23 17:11:21,866 [ERROR] LogOutputStream:75 - [STDERR_REDIRECT] Exception in thread "Render Thread: f69c77e6-b1d8-4857-818f-9c3ad1fa2815" java.lang.IllegalStateException
2025-04-23 17:11:21,867 [ERROR] LogOutputStream:75 - [STDERR_REDIRECT] 	at java.base/java.util.Optional.orElseThrow(Optional.java:403)
2025-04-23 17:11:21,869 [ERROR] LogOutputStream:75 - [STDERR_REDIRECT] 	at com.st.microxplorer.plugins.userauth.WebApp.lambda$new$21(WebApp.java:324)
2025-04-23 17:11:21,872 [ERROR] LogOutputStream:75 - [STDERR_REDIRECT] 	at com.teamdev.jxbrowser.dom.event.internal.EventTargetImpl.lambda$registerProcessEventCallback$1(EventTargetImpl.java:149)
2025-04-23 17:11:21,873 [ERROR] LogOutputStream:75 - [STDERR_REDIRECT] 	at com.teamdev.jxbrowser.internal.rpc.stream.CallbackStream.process(CallbackStream.java:181)
2025-04-23 17:11:21,875 [ERROR] LogOutputStream:75 - [STDERR_REDIRECT] 	at com.teamdev.jxbrowser.internal.rpc.stream.Stream$StreamObserver.lambda$onNext$0(Stream.java:167)
2025-04-23 17:11:21,877 [ERROR] LogOutputStream:75 - [STDERR_REDIRECT] 	at com.teamdev.jxbrowser.internal.RpcThreadImpl$TaskRunner.processTasks(RpcThreadImpl.java:172)
2025-04-23 17:11:21,878 [ERROR] LogOutputStream:75 - [STDERR_REDIRECT] 	at java.base/java.lang.Thread.run(Thread.java:1583)
2025-04-23 17:11:22,209 [INFO] WebApp:650 - userauth.ini created with success
2025-04-23 17:11:26,522 [INFO] MainUpdater:2872 - connection check result : 10
2025-04-23 17:11:26,574 [INFO] McuFinderGlobals:76 - Set McuFinderConnectedMode to true
2025-04-23 17:11:26,576 [INFO] MultiScanPanel:200 - Auto-refresh data requested => check proxy status ongoing
2025-04-23 17:11:26,576 [INFO] FinderPluginLoader:95 - Searching for filters in installed packs
2025-04-23 17:11:27,143 [INFO] LoadUrlFilesThread:185 - End of LoadServerUrlFiles without Thread
2025-04-23 17:11:27,144 [INFO] DetailPanel:341 - Set advertising image to C:/Users/eec9960/STM32Cube/Repository/\en.prom-stm32u3-mcu-finder.jpg
2025-04-23 17:11:30,793 [INFO] MultiScanPanel:200 - Auto-refresh data requested => check proxy status ongoing
2025-04-23 17:11:30,823 [INFO] LoadUrlFilesThread:185 - End of LoadServerUrlFiles without Thread
2025-04-23 17:11:30,824 [INFO] DetailPanel:341 - Set advertising image to C:/Users/eec9960/STM32Cube/Repository/\en.prom-stm32u3-mcu-finder.jpg
2025-04-23 17:11:58,452 [INFO] MainUpdater:2872 - connection check result : 10
2025-04-23 17:11:58,453 [INFO] MainUpdater:2872 - connection check result : 10
2025-04-23 17:11:58,462 [INFO] MicroXplorer:468 - Change Database Path : 
2025-04-23 17:11:58,463 [INFO] MicroXplorer:498 - Change Database Version : DB.6.0.140
2025-04-23 17:11:58,470 [ERROR] ProjectManagerView:394 - 
java.lang.NullPointerException: Cannot invoke "javax.swing.JTextField.getText()" because the return value of "java.util.List.get(int)" is null
	at com.st.microxplorer.plugins.projectmanager.gui.ProjectChoiceTab$9.caretUpdate(ProjectChoiceTab.java:2678) ~[filemanager.jar:?]
	at javax.swing.text.JTextComponent.fireCaretUpdate(JTextComponent.java:408) ~[?:?]
	at javax.swing.text.JTextComponent$MutableCaretEvent.fire(JTextComponent.java:4484) ~[?:?]
	at javax.swing.text.JTextComponent$MutableCaretEvent.stateChanged(JTextComponent.java:4506) ~[?:?]
	at javax.swing.text.DefaultCaret.fireStateChanged(DefaultCaret.java:857) ~[?:?]
	at javax.swing.text.DefaultCaret.changeCaretPosition(DefaultCaret.java:1343) ~[?:?]
	at javax.swing.text.DefaultCaret.handleSetDot(DefaultCaret.java:1242) ~[?:?]
	at javax.swing.text.DefaultCaret.setDot(DefaultCaret.java:1223) ~[?:?]
	at javax.swing.text.DefaultCaret$Handler.insertUpdate(DefaultCaret.java:1819) ~[?:?]
	at javax.swing.text.AbstractDocument.fireInsertUpdate(AbstractDocument.java:227) ~[?:?]
	at javax.swing.text.AbstractDocument.handleInsertString(AbstractDocument.java:781) ~[?:?]
	at javax.swing.text.AbstractDocument.insertString(AbstractDocument.java:740) ~[?:?]
	at javax.swing.text.PlainDocument.insertString(PlainDocument.java:131) ~[?:?]
	at javax.swing.text.AbstractDocument.replace(AbstractDocument.java:699) ~[?:?]
	at javax.swing.text.JTextComponent.setText(JTextComponent.java:1725) ~[?:?]
	at com.st.microxplorer.plugins.projectmanager.gui.ProjectChoiceTab.createHeapStackFields(ProjectChoiceTab.java:979) ~[filemanager.jar:?]
	at com.st.microxplorer.plugins.projectmanager.gui.ProjectChoiceTab.buildLinkSettingsPanel(ProjectChoiceTab.java:3766) ~[filemanager.jar:?]
	at com.st.microxplorer.plugins.projectmanager.gui.ProjectChoiceTab.defineWindowsFields(ProjectChoiceTab.java:1962) ~[filemanager.jar:?]
	at com.st.microxplorer.plugins.projectmanager.gui.ProjectChoiceTab.updateSettings(ProjectChoiceTab.java:555) ~[filemanager.jar:?]
	at com.st.microxplorer.plugins.projectmanager.gui.ProjectSettingsPanel.UpdateDialog(ProjectSettingsPanel.java:245) ~[filemanager.jar:?]
	at com.st.microxplorer.plugins.projectmanager.ProjectManagerView.propertyChange(ProjectManagerView.java:391) ~[filemanager.jar:?]
	at java.beans.PropertyChangeSupport.fire(PropertyChangeSupport.java:343) ~[?:?]
	at java.beans.PropertyChangeSupport.firePropertyChange(PropertyChangeSupport.java:335) ~[?:?]
	at java.beans.PropertyChangeSupport.firePropertyChange(PropertyChangeSupport.java:268) ~[?:?]
	at com.st.microxplorer.util.MXPropertyChangeSupport.firePropertyChange(MXPropertyChangeSupport.java:54) ~[STM32CubeMX.jar:?]
	at com.st.microxplorer.mxsystem.MxSystem.closeConfig(MxSystem.java:899) ~[STM32CubeMX.jar:?]
	at com.st.microxplorer.maingui.MainPanel.closeConfig(MainPanel.java:789) ~[STM32CubeMX.jar:?]
	at com.st.microxplorer.plugins.filemanager.engine.OpenFileManager.loadConfigurationFile(OpenFileManager.java:287) ~[filemanager.jar:?]
	at com.st.microxplorer.plugins.filemanager.engine.MainFileManager.userLoadConfig(MainFileManager.java:341) ~[filemanager.jar:?]
	at com.st.microxplorer.plugins.filemanager.FileManagerView.getSpecificTask(FileManagerView.java:250) ~[filemanager.jar:?]
	at com.st.stm32cube.common.mx.editor.CubeMxEditor.getMxTabbedPaneInstance(CubeMxEditor.java:1191) ~[com.st.stm32cube.common.mx_6.14.0.202502271554/:?]
	at com.st.stm32cube.common.mx.editor.CubeMxEditor$12$1.createSwingComponent(CubeMxEditor.java:1068) ~[com.st.stm32cube.common.mx_6.14.0.202502271554/:?]
	at com.st.stm32cube.common.mx.oss.core.awtswtbridge.EmbeddedSwingComposite.doComponentCreation(EmbeddedSwingComposite.java:492) ~[com.st.stm32cube.common.mx.oss_6.14.0.202502271554/:?]
	at com.st.stm32cube.common.mx.oss.core.awtswtbridge.EmbeddedSwingComposite$4.run(EmbeddedSwingComposite.java:291) ~[com.st.stm32cube.common.mx.oss_6.14.0.202502271554/:?]
	at com.st.stm32cube.common.mx.oss.core.awtswtbridge.AwtEnvironment$2.run(AwtEnvironment.java:166) ~[com.st.stm32cube.common.mx.oss_6.14.0.202502271554/:?]
	at java.awt.event.InvocationEvent.dispatch(InvocationEvent.java:318) ~[?:?]
	at java.awt.EventQueue.dispatchEventImpl(EventQueue.java:773) ~[?:?]
	at java.awt.EventQueue$4.run(EventQueue.java:720) ~[?:?]
	at java.awt.EventQueue$4.run(EventQueue.java:714) ~[?:?]
	at java.security.AccessController.doPrivileged(AccessController.java:400) ~[?:?]
	at java.security.ProtectionDomain$JavaSecurityAccessImpl.doIntersectionPrivilege(ProtectionDomain.java:87) ~[?:?]
	at java.awt.EventQueue.dispatchEvent(EventQueue.java:742) ~[?:?]
	at java.awt.EventDispatchThread.pumpOneEventForFilters(EventDispatchThread.java:203) ~[?:?]
	at java.awt.EventDispatchThread.pumpEventsForFilter(EventDispatchThread.java:124) ~[?:?]
	at java.awt.EventDispatchThread.pumpEventsForHierarchy(EventDispatchThread.java:113) ~[?:?]
	at java.awt.EventDispatchThread.pumpEvents(EventDispatchThread.java:109) ~[?:?]
	at java.awt.EventDispatchThread.pumpEvents(EventDispatchThread.java:101) ~[?:?]
	at java.awt.EventDispatchThread.run(EventDispatchThread.java:90) ~[?:?]
2025-04-23 17:11:58,472 [WARN] ThirdParty:871 - waiting for thirdparty lock release [close project]
2025-04-23 17:11:58,473 [INFO] ThirdParty:873 - entering critical section [close project]
2025-04-23 17:11:58,475 [INFO] ThirdParty:883 - exiting critical section [close project]
2025-04-23 17:11:58,476 [INFO] PinOutPanel:1589 - setPackage(No Configuration,No Configuration)
2025-04-23 17:11:58,478 [INFO] UtilMem:75 - Begin LoadConfig() Used Memory: 1029420336 Bytes (1073741824)
2025-04-23 17:11:58,480 [INFO] OpenFileManager:354 - Change cursor
2025-04-23 17:11:58,488 [INFO] RulesReader:64 - Compatibility file has been processed (301 Rules)
2025-04-23 17:11:58,491 [INFO] ProjectFactory:442 - No CPN specified for board NUCLEO-L476RG => set CPN to STM32L476RGT3
2025-04-23 17:11:58,492 [INFO] Mcu:2011 - Initializing MCU STM32L476R(C-E-G)Tx STM32L476RGTx STM32L476RGT3
2025-04-23 17:11:59,472 [INFO] Context:756 - Trying to add GPIOservice into a context  which must be forbidden
2025-04-23 17:11:59,935 [INFO] Rule:224 - rule 117617 - U5Cobra4M][GTZC] default value MPCBB3 and MPCBB5 - Not Secured memory - MPCBB1 is applicable
2025-04-23 17:11:59,936 [INFO] Rule:224 - rule 117617 - U5Cobra4M][GTZC] default value MPCBB3 and MPCBB5 - Not Secured memory - MPCBB1 is applicable
2025-04-23 17:11:59,937 [INFO] Rule:224 - rule 117617 - U5Cobra4M][GTZC] default value MPCBB3 and MPCBB5 - Not Secured memory - MPCBB2 is applicable
2025-04-23 17:11:59,938 [INFO] Rule:224 - rule 117617 - U5Cobra4M][GTZC] default value MPCBB3 and MPCBB5 - Not Secured memory - MPCBB2 is applicable
2025-04-23 17:11:59,938 [INFO] Rule:224 - rule 117617 - U5Cobra4M][GTZC] default value MPCBB3 and MPCBB5 - Not Secured memory - MPCBB3 is applicable
2025-04-23 17:11:59,939 [INFO] Rule:224 - rule 117617 - U5Cobra4M][GTZC] default value MPCBB3 and MPCBB5 - Not Secured memory - MPCBB3 is applicable
2025-04-23 17:11:59,939 [INFO] Rule:224 - rule 117617 - U5Cobra4M][GTZC] default value MPCBB3 and MPCBB5 - Not Secured memory - MPCBB4 is applicable
2025-04-23 17:11:59,940 [INFO] Rule:224 - rule 117617 - U5Cobra4M][GTZC] default value MPCBB3 and MPCBB5 - Not Secured memory - MPCBB4 is applicable
2025-04-23 17:11:59,940 [INFO] Rule:224 - rule 117617 - U5Cobra4M][GTZC] default value MPCBB3 and MPCBB5 - Secured memory - MPCBB1 is applicable
2025-04-23 17:11:59,941 [INFO] Rule:224 - rule 117617 - U5Cobra4M][GTZC] default value MPCBB3 and MPCBB5 - Secured memory - MPCBB2 is applicable
2025-04-23 17:11:59,941 [INFO] Rule:224 - rule 117617 - U5Cobra4M][GTZC] default value MPCBB3 and MPCBB5 - Secured memory - MPCBB3 is applicable
2025-04-23 17:11:59,942 [INFO] Rule:224 - rule 117617 - U5Cobra4M][GTZC] default value MPCBB3 and MPCBB5 - Secured memory - MPCBB4 is applicable
2025-04-23 17:11:59,943 [INFO] Rule:224 - rule 117617 - U5Cobra4M][GTZC] default value MPCBB3 and MPCBB5 - Privileged memory - MPCBB1 is applicable
2025-04-23 17:11:59,944 [INFO] Rule:224 - rule 117617 - U5Cobra4M][GTZC] default value MPCBB3 and MPCBB5 - Privileged memory - MPCBB2 is applicable
2025-04-23 17:11:59,944 [INFO] Rule:224 - rule 117617 - U5Cobra4M][GTZC] default value MPCBB3 and MPCBB5 - Privileged memory - MPCBB3 is applicable
2025-04-23 17:11:59,945 [INFO] Rule:224 - rule 117617 - U5Cobra4M][GTZC] default value MPCBB3 and MPCBB5 - Privileged memory - MPCBB4 is applicable
2025-04-23 17:11:59,945 [INFO] Rule:224 - rule 117617 - U5Cobra4M][GTZC] default value MPCBB3 and MPCBB5 - Not Privileged memory - MPCBB1 is applicable
2025-04-23 17:11:59,946 [INFO] Rule:224 - rule 117617 - U5Cobra4M][GTZC] default value MPCBB3 and MPCBB5 - Not Privileged memory - MPCBB2 is applicable
2025-04-23 17:11:59,946 [INFO] Rule:224 - rule 117617 - U5Cobra4M][GTZC] default value MPCBB3 and MPCBB5 - Not Privileged memory - MPCBB3 is applicable
2025-04-23 17:11:59,947 [INFO] Rule:224 - rule 117617 - U5Cobra4M][GTZC] default value MPCBB3 and MPCBB5 - Not Privileged memory - MPCBB4 is applicable
2025-04-23 17:11:59,947 [INFO] Rule:224 - rule 117617 - U5Cobra4M][GTZC] default value MPCBB3 and MPCBB5 - Privileged memory - MPCBB1 is applicable
2025-04-23 17:11:59,948 [INFO] Rule:224 - rule 117617 - U5Cobra4M][GTZC] default value MPCBB3 and MPCBB5 - Privileged memory - MPCBB2 is applicable
2025-04-23 17:11:59,948 [INFO] Rule:224 - rule 117617 - U5Cobra4M][GTZC] default value MPCBB3 and MPCBB5 - Privileged memory - MPCBB3 is applicable
2025-04-23 17:11:59,949 [INFO] Rule:224 - rule 117617 - U5Cobra4M][GTZC] default value MPCBB3 and MPCBB5 - Privileged memory - MPCBB4 is applicable
2025-04-23 17:11:59,949 [INFO] Rule:224 - rule 117617 - U5Cobra4M][GTZC] default value MPCBB3 and MPCBB5 - Privileged memory - MPCBB1 is applicable
2025-04-23 17:11:59,950 [INFO] Rule:224 - rule 117617 - U5Cobra4M][GTZC] default value MPCBB3 and MPCBB5 - Privileged memory - MPCBB2 is applicable
2025-04-23 17:11:59,950 [INFO] Rule:224 - rule 117617 - U5Cobra4M][GTZC] default value MPCBB3 and MPCBB5 - Privileged memory - MPCBB3 is applicable
2025-04-23 17:11:59,951 [INFO] Rule:224 - rule 117617 - U5Cobra4M][GTZC] default value MPCBB3 and MPCBB5 - Privileged memory - MPCBB4 is applicable
2025-04-23 17:11:59,951 [INFO] Rule:224 - rule 117617 - U5Cobra4M][GTZC] default value MPCBB3 and MPCBB5 - Not Privileged memory - MPCBB1 is applicable
2025-04-23 17:11:59,952 [INFO] Rule:224 - rule 117617 - U5Cobra4M][GTZC] default value MPCBB3 and MPCBB5 - Not Privileged memory - MPCBB2 is applicable
2025-04-23 17:11:59,952 [INFO] Rule:224 - rule 117617 - U5Cobra4M][GTZC] default value MPCBB3 and MPCBB5 - Not Privileged memory - MPCBB3 is applicable
2025-04-23 17:11:59,953 [INFO] Rule:224 - rule 117617 - U5Cobra4M][GTZC] default value MPCBB3 and MPCBB5 - Not Privileged memory - MPCBB4 is applicable
2025-04-23 17:11:59,953 [INFO] Rule:224 - rule 117617 - U5Cobra4M][GTZC] default value MPCBB3 and MPCBB5 - Privileged memory - MPCBB1 is applicable
2025-04-23 17:11:59,954 [INFO] Rule:224 - rule 117617 - U5Cobra4M][GTZC] default value MPCBB3 and MPCBB5 - Privileged memory - MPCBB2 is applicable
2025-04-23 17:11:59,955 [INFO] Rule:224 - rule 117617 - U5Cobra4M][GTZC] default value MPCBB3 and MPCBB5 - Privileged memory - MPCBB3 is applicable
2025-04-23 17:11:59,955 [INFO] Rule:224 - rule 117617 - U5Cobra4M][GTZC] default value MPCBB3 and MPCBB5 - Privileged memory - MPCBB4 is applicable
2025-04-23 17:11:59,956 [INFO] Rule:224 - rule Rename SubGHz_Phy SUBGHZ_APPLICATION SUBGHZ_PINGPONG to SUBGHZ_ADV_APPLICATION is applicable
2025-04-23 17:11:59,956 [INFO] Rule:224 - rule Rename Enabled to IBEACON is applicable
2025-04-23 17:11:59,957 [INFO] Rule:224 - rule GTZC_S instance for project manager is applicable
2025-04-23 17:11:59,957 [INFO] Rule:224 - rule GTZC_S instance for context M33S is applicable
2025-04-23 17:11:59,958 [INFO] Rule:224 - rule GTZC_S instance value for IP GTZC is applicable
2025-04-23 17:11:59,958 [INFO] Rule:224 - rule GTZC_S instance for mcu.IP is applicable
2025-04-23 17:11:59,959 [INFO] Rule:224 - rule GTZC_S instance for VP is applicable
2025-04-23 17:11:59,959 [INFO] Rule:224 - rule GTZC_S instance for signal is applicable
2025-04-23 17:11:59,960 [INFO] Rule:224 - rule GTZC_S instance for mcu.Pin is applicable
2025-04-23 17:11:59,960 [INFO] Rule:224 - rule GTZC_S instance for VP is applicable
2025-04-23 17:11:59,961 [INFO] Rule:224 - rule GTZC_S instance for signal is applicable
2025-04-23 17:11:59,961 [INFO] Rule:224 - rule GTZC_S instance for mcu is applicable
2025-04-23 17:11:59,962 [INFO] Rule:224 - rule GTZC_S instance for mcu.Pin is applicable
2025-04-23 17:11:59,962 [INFO] Rule:224 - rule GTZC_S instance value for IP GTZC is applicable
2025-04-23 17:11:59,963 [INFO] Rule:224 - rule GTZC_S instance for project manager is applicable
2025-04-23 17:11:59,963 [INFO] Rule:224 - rule GTZC_S instance for context M33S is applicable
2025-04-23 17:11:59,964 [INFO] Rule:224 - rule GTZC_S instance for VP is applicable
2025-04-23 17:11:59,964 [INFO] Rule:224 - rule GTZC_S instance for signal is applicable
2025-04-23 17:11:59,965 [INFO] Rule:224 - rule SPDIFRX instance for mcu is applicable
2025-04-23 17:11:59,965 [INFO] Rule:224 - rule Rename Tracer Mode is applicable
2025-04-23 17:11:59,965 [INFO] Rule:224 - rule SPDIFRX instance value for IP SPDIFRX is applicable
2025-04-23 17:11:59,966 [INFO] Rule:224 - rule SPDIFRX instance for signal is applicable
2025-04-23 17:11:59,966 [INFO] Rule:224 - rule SPDIFRX instance for project manager is applicable
2025-04-23 17:11:59,967 [INFO] Rule:224 - rule SPDIFRX instance for project manager is applicable
2025-04-23 17:11:59,968 [INFO] Rule:224 - rule ADC Scan  fix with FW F7 is applicable
2025-04-23 17:11:59,968 [INFO] Rule:224 - rule ADC Scan  fix with FW F7 is applicable
2025-04-23 17:11:59,969 [INFO] Rule:224 - rule WakeUp0 Mode is applicable
2025-04-23 17:11:59,969 [INFO] Rule:224 - rule WakeUp0 SIGNAL is applicable
2025-04-23 17:11:59,970 [INFO] Rule:224 - rule WakeUp1 Mode is applicable
2025-04-23 17:11:59,971 [INFO] Rule:224 - rule WakeUp1 SIGNAL is applicable
2025-04-23 17:11:59,971 [INFO] Rule:224 - rule WakeUp2 Mode is applicable
2025-04-23 17:11:59,972 [INFO] Rule:224 - rule WakeUp2 SIGNAL is applicable
2025-04-23 17:11:59,972 [INFO] Rule:224 - rule WakeUp4 Mode is applicable
2025-04-23 17:11:59,973 [INFO] Rule:224 - rule WakeUp4 SIGNAL is applicable
2025-04-23 17:11:59,973 [INFO] Rule:224 - rule WakeUp5 Mode is applicable
2025-04-23 17:11:59,973 [INFO] Rule:224 - rule WakeUp5 SIGNAL is applicable
2025-04-23 17:11:59,974 [INFO] Rule:224 - rule Add RTC Activate Clock Source is applicable
2025-04-23 17:11:59,974 [INFO] Rule:224 - rule Add RTC Activate Calendar 1 is applicable
2025-04-23 17:11:59,975 [INFO] Rule:224 - rule Add RTC Activate Calendar 2 is applicable
2025-04-23 17:11:59,975 [INFO] Rule:224 - rule Add RTC Activate Calendar 3 is applicable
2025-04-23 17:11:59,976 [INFO] Rule:224 - rule UART/USART TX Mode is applicable
2025-04-23 17:11:59,976 [INFO] Rule:224 - rule UART/USART RX Mode is applicable
2025-04-23 17:11:59,977 [INFO] Rule:224 - rule UART/USART RX TX Mode is applicable
2025-04-23 17:11:59,977 [INFO] Rule:224 - rule UART/USART PARITY NONE is applicable
2025-04-23 17:11:59,978 [INFO] Rule:224 - rule UART/USART PARITY EVEN is applicable
2025-04-23 17:11:59,978 [INFO] Rule:224 - rule UART/USART PARITY ODD is applicable
2025-04-23 17:11:59,979 [INFO] Rule:224 - rule USART StopBits 1 is applicable
2025-04-23 17:11:59,979 [INFO] Rule:224 - rule USART StopBits 2 is applicable
2025-04-23 17:11:59,980 [INFO] Rule:224 - rule USART StopBits 1.5 is applicable
2025-04-23 17:11:59,980 [INFO] Rule:224 - rule USART StopBits 0.5 is applicable
2025-04-23 17:11:59,981 [INFO] Rule:224 - rule UART/USART WORD LENGTH 7 is applicable
2025-04-23 17:11:59,981 [INFO] Rule:224 - rule UART/USART WORD LENGTH 8 is applicable
2025-04-23 17:11:59,982 [INFO] Rule:224 - rule UART/USART WORD LENGTH 9 is applicable
2025-04-23 17:11:59,982 [INFO] Rule:224 - rule Rename FMC NAND NCE signal is applicable
2025-04-23 17:11:59,983 [INFO] Rule:224 - rule Rename FMC NAND INT signal is applicable
2025-04-23 17:11:59,983 [INFO] Rule:224 - rule Change Default Value for LSE Drive Capability for WB family is applicable
2025-04-23 17:11:59,984 [INFO] Rule:224 - rule Change Default Value for ADC Clock Prescaler G0 family is applicable
2025-04-23 17:11:59,984 [INFO] Rule:224 - rule Change Default Value for ADC ExternalTrigConv L4 family is applicable
2025-04-23 17:11:59,985 [INFO] Rule:224 - rule Change Default Value for ADC ExternalTrigInjecConv L4 family is applicable
2025-04-23 17:11:59,985 [INFO] Rule:224 - rule Change Default Value for ADC ExternalTrigConv F3 family is applicable
2025-04-23 17:11:59,986 [INFO] Rule:224 - rule Change Default Value for ADC ExternalTrigInjecConv F3 family is applicable
2025-04-23 17:11:59,986 [INFO] Rule:224 - rule Change Default Value for ADC ExternalTrigConv Goldfish serie is applicable
2025-04-23 17:11:59,987 [INFO] Rule:224 - rule Change Default Value for ADC ExternalTrigInjecConv Goldfish serie is applicable
2025-04-23 17:11:59,987 [INFO] Rule:224 - rule Change Default Value for ADC ExternalTrigConv L0 family is applicable
2025-04-23 17:11:59,988 [INFO] Rule:224 - rule Change Default Value for ADC ExternalTrigConv F0 family is applicable
2025-04-23 17:11:59,988 [INFO] Rule:224 - rule Change Default Value for ADC ExternalTrigConvn L1 family is applicable
2025-04-23 17:11:59,989 [INFO] Rule:224 - rule Change Default Value for ADC ExternalTrigInjecConv L1 family is applicable
2025-04-23 17:11:59,989 [INFO] Rule:224 - rule Change Default Value for ADC ExternalTrigConv F1 family is applicable
2025-04-23 17:11:59,990 [INFO] Rule:224 - rule Change Default Value for ADC ExternalTrigInjecConv F1 family is applicable
2025-04-23 17:11:59,990 [INFO] Rule:224 - rule Change Default Value for ADC ExternalTrigConv F7 family is applicable
2025-04-23 17:11:59,991 [INFO] Rule:224 - rule Change Default Value for ADC ExternalTrigInjecConv F7 family is applicable
2025-04-23 17:11:59,992 [INFO] Rule:224 - rule Change Default Value for ADC ExternalTrigConv F4 and F2 family is applicable
2025-04-23 17:11:59,992 [INFO] Rule:224 - rule Change Default Value for ADC ExternalTrigInjecConv F4 and F2 family is applicable
2025-04-23 17:11:59,993 [INFO] Rule:224 - rule ADC SamplingTime fix with FW L0  is applicable
2025-04-23 17:11:59,993 [INFO] Rule:224 - rule ADC SamplingTime fix with FW L0  is applicable
2025-04-23 17:11:59,994 [INFO] Rule:224 - rule ADC SamplingTime fix with FW L0 is applicable
2025-04-23 17:11:59,995 [INFO] Rule:224 - rule ADC SamplingTime fix with FW L0 is applicable
2025-04-23 17:11:59,995 [INFO] Rule:224 - rule ADC SamplingTime fix with FW L0  is applicable
2025-04-23 17:11:59,996 [INFO] Rule:224 - rule ADC SamplingTime fix with FW L0 is applicable
2025-04-23 17:11:59,996 [INFO] Rule:224 - rule Rename USB_OE Signal is applicable
2025-04-23 17:11:59,997 [INFO] Rule:224 - rule Rename Activate_OE Mode is applicable
2025-04-23 17:11:59,997 [INFO] Rule:224 - rule Rename DIE462/DIE415 pin PC14/OSC32_IN -> PC14-OSC32_IN (PC14) is applicable
2025-04-23 17:11:59,998 [INFO] Rule:224 - rule Rename DIE462/DIE415 pin PC15/OSC32_OUT -> PC15-OSC32_OUT (PC15) is applicable
2025-04-23 17:11:59,998 [INFO] Rule:224 - rule Rename DIE462/DIE415 pin PH0/OSC_IN -> PH0-OSC_IN (PH0) is applicable
2025-04-23 17:11:59,999 [INFO] Rule:224 - rule Rename DIE462/DIE415 pin PH1/OSC_OUT -> PH1-OSC_OUT (PH1) is applicable
2025-04-23 17:11:59,999 [INFO] Rule:224 - rule Rename DIE462 pin PA13 -> PA13 (JTMS/SWDIO) is applicable
2025-04-23 17:12:00,000 [INFO] Rule:224 - rule Rename DIE415 pin PA13 -> PA13 (JTMS/SWDIO) is applicable
2025-04-23 17:12:00,000 [INFO] Rule:224 - rule Rename DIE462 pin PA14 -> PA14 (JTCK/SWCLK) is applicable
2025-04-23 17:12:00,001 [INFO] Rule:224 - rule Rename DIE415 pin PA14 -> PA14 (JTCK/SWCLK) is applicable
2025-04-23 17:12:00,001 [INFO] Rule:224 - rule Rename DIE462/DIE415 pin PA15 -> PA15 (JTDI) is applicable
2025-04-23 17:12:00,002 [INFO] Rule:224 - rule Rename DIE462 pin PB3 -> PB3 (JTD0/TRACESWO) is applicable
2025-04-23 17:12:00,002 [INFO] Rule:224 - rule Rename DIE415 pin PB3 -> PB3 (JTD0-TRACESWO) is applicable
2025-04-23 17:12:00,003 [INFO] Rule:224 - rule Rename DIE462/DIE415 pin PB4 -> PB4 (NJTRST) is applicable
2025-04-23 17:12:00,003 [INFO] Rule:224 - rule Rename DIE462 pin PH3/BOOT0 -> PH3-BOOT0 (BOOT0) is applicable
2025-04-23 17:12:00,004 [INFO] Rule:224 - rule Rename CRYP DataEncryptionTypesList to Algorithm is applicable
2025-04-23 17:12:00,005 [INFO] Rule:224 - rule Rename AES DataEncryptionTypesList to Algorithm is applicable
2025-04-23 17:12:00,005 [INFO] Rule:224 - rule Rename TDESECB to CRYP_TDES_ECB is applicable
2025-04-23 17:12:00,005 [INFO] Rule:224 - rule Rename TDESCBC to CRYP_TDES_CBC is applicable
2025-04-23 17:12:00,006 [INFO] Rule:224 - rule Rename DESECB to CRYP_DES_ECB is applicable
2025-04-23 17:12:00,007 [INFO] Rule:224 - rule Rename DESCBC to CRYP_DES_CBC is applicable
2025-04-23 17:12:00,007 [INFO] Rule:224 - rule Rename AESECB to CRYP_AES_ECB is applicable
2025-04-23 17:12:00,008 [INFO] Rule:224 - rule Rename AESCBC to CRYP_AES_CBC is applicable
2025-04-23 17:12:00,008 [INFO] Rule:224 - rule Rename AESCTR to CRYP_AES_CTR is applicable
2025-04-23 17:12:00,009 [INFO] Rule:224 - rule Rename AESGCM to CRYP_AES_GCM is applicable
2025-04-23 17:12:00,009 [INFO] Rule:224 - rule Rename AESCCM to CRYP_AES_CCM is applicable
2025-04-23 17:12:00,010 [INFO] Rule:224 - rule Rename CAN TimeSeg1 to BS1 is applicable
2025-04-23 17:12:00,010 [INFO] Rule:224 - rule Rename CAN TimeSeg2 to BS2 is applicable
2025-04-23 17:12:00,011 [INFO] Rule:224 - rule Rename CAN SyncJumpWidth to SJW is applicable
2025-04-23 17:12:00,018 [INFO] Rule:224 - rule TimeTriggeredMode to TTCM is applicable
2025-04-23 17:12:00,019 [INFO] Rule:224 - rule Rename CAN AutoBusOff to ABOM is applicable
2025-04-23 17:12:00,019 [INFO] Rule:224 - rule Rename CAN AutoWakeUp to AWUM is applicable
2025-04-23 17:12:00,020 [INFO] Rule:224 - rule Rename CAN AutoRetransmission to NART is applicable
2025-04-23 17:12:00,020 [INFO] Rule:224 - rule Rename CAN ReceiveFifoLocked to RFLM is applicable
2025-04-23 17:12:00,021 [INFO] Rule:224 - rule Rename CAN TransmitFifoPriority to TXFP is applicable
2025-04-23 17:12:00,021 [INFO] Rule:224 - rule Rename HRTIMER HRTIM_OUTPUTFAULTLEVEL_HIGH in HRTIMER HRTIM_OUTPUTFAULTLEVEL_HIGHZ is applicable
2025-04-23 17:12:00,022 [INFO] Rule:224 - rule Rename TIMER TIM_CLEARINPUTSOURCE_OCREFCLR in  TIMER TIM_CLEARINPUTSOURCE_NONE for F7 family is applicable
2025-04-23 17:12:00,023 [INFO] Rule:224 - rule FDCAN_R1 - Rename FDCAN mode Master into Classic is applicable
2025-04-23 17:12:00,023 [INFO] Rule:224 - rule FDCAN_R2 - Rename FDCAN mode Slave into Classic is applicable
2025-04-23 17:12:00,024 [INFO] Rule:224 - rule FDCAN1_R3 - if PA10.Mode=FullDuplex, add Pin PA12 is applicable
2025-04-23 17:12:00,024 [INFO] Rule:224 - rule FDCAN1_R3 - if PA9.Mode=FullDuplex, add Pin PA11 is applicable
2025-04-23 17:12:00,025 [INFO] Rule:224 - rule FDCAN1_R3 - Alternatepin_1 - if PE1.Mode=FullDuplex, add Pin PB9 is applicable
2025-04-23 17:12:00,025 [INFO] Rule:224 - rule FDCAN1_R3 - Alternatepin_1 - if PE0.Mode=FullDuplex, add Pin PB8 is applicable
2025-04-23 17:12:00,026 [INFO] Rule:224 - rule FDCAN1_R3 - Alternatepin_2 - if PD5.Mode=FullDuplex, add Pin PD1 is applicable
2025-04-23 17:12:00,026 [INFO] Rule:224 - rule FDCAN1_R3 - Alternatepin_2 - if PD4.Mode=FullDuplex, add Pin PD0 is applicable
2025-04-23 17:12:00,027 [INFO] Rule:224 - rule FDCAN1_R4 - Rename Mode FullDuplex into Enable FDCAN_TXFD for pin PA10 is applicable
2025-04-23 17:12:00,027 [INFO] Rule:224 - rule FDCAN1_R4 - Rename Mode FullDuplex into Enable FDCAN_TXFD for pin PA9 is applicable
2025-04-23 17:12:00,028 [INFO] Rule:224 - rule FDCAN1_R4 - Alternatepin_1 - Rename Mode FullDuplex into Enable FDCAN_TXFD for pin PE1 is applicable
2025-04-23 17:12:00,029 [INFO] Rule:224 - rule FDCAN1_R4 - Alternatepin_1 - Rename Mode FullDuplex into Enable FDCAN_TXFD for pin PE0 is applicable
2025-04-23 17:12:00,029 [INFO] Rule:224 - rule FDCAN1_R4 - Alternatepin_2 - Rename Mode FullDuplex into Enable FDCAN_TXFD for pin PD5 is applicable
2025-04-23 17:12:00,030 [INFO] Rule:224 - rule FDCAN1_R4 - Alternatepin_2 - Rename Mode FullDuplex into Enable FDCAN_TXFD for pin PD4 is applicable
2025-04-23 17:12:00,030 [INFO] Rule:224 - rule FDCAN2_R3 - if PD10.Mode=FullDuplex, add Pin PB13 is applicable
2025-04-23 17:12:00,031 [INFO] Rule:224 - rule FDCAN2_R3 - if PD9.Mode=FullDuplex, add Pin PB12 is applicable
2025-04-23 17:12:00,031 [INFO] Rule:224 - rule FDCAN2_R3 - Alternatepin_1 - if PB7.Mode=FullDuplex, add Pin PB6 is applicable
2025-04-23 17:12:00,032 [INFO] Rule:224 - rule FDCAN2_R3 - Alternatepin_1 - if PD9.Mode=FullDuplex, add Pin PB12 is applicable
2025-04-23 17:12:00,032 [INFO] Rule:224 - rule FDCAN2_R4 - Rename Mode FullDuplex into Enable FDCAN_TXFD for pin PD10 is applicable
2025-04-23 17:12:00,033 [INFO] Rule:224 - rule FDCAN2_R4 - Rename Mode FullDuplex into Enable FDCAN_TXFD for pin PD9 is applicable
2025-04-23 17:12:00,033 [INFO] Rule:224 - rule FDCAN2_R4 - Alternatepin_1 - Rename Mode FullDuplex into Enable FDCAN_TXFD for pin PB7 is applicable
2025-04-23 17:12:00,034 [INFO] Rule:224 - rule FDCAN2_R4 - Alternatepin_1 - Rename Mode FullDuplex into Enable FDCAN_TXFD for pin PD6 is applicable
2025-04-23 17:12:00,034 [INFO] Rule:224 - rule USART TxPinLevelInvertParam Mode is applicable
2025-04-23 17:12:00,035 [INFO] Rule:224 - rule USART RxPinLevelInvertParam Mode is applicable
2025-04-23 17:12:00,036 [INFO] Rule:224 - rule USART DataInvertParam Mode is applicable
2025-04-23 17:12:00,037 [INFO] Rule:224 - rule USART SwapParam Mode is applicable
2025-04-23 17:12:00,037 [INFO] Rule:224 - rule USART OverrunDisableParam Mode is applicable
2025-04-23 17:12:00,038 [INFO] Rule:224 - rule USART DMADisableonRxErrorParam Mode is applicable
2025-04-23 17:12:00,038 [INFO] Rule:224 - rule USART MSBFirstParam Mode is applicable
2025-04-23 17:12:00,039 [INFO] Rule:224 - rule Update MwName for USB_DEVICE is applicable
2025-04-23 17:12:00,040 [INFO] Rule:224 - rule Change PWR_Regulator_Voltage_Scale Default Value for RCC  H7 family is applicable
2025-04-23 17:12:00,041 [INFO] Rule:224 - rule UART/USART IPParameter rename Prescaler parameter to ClockPrescaler is applicable
2025-04-23 17:12:00,041 [INFO] Rule:224 - rule UART/USART Prescaler rename Prescaler parameter to ClockPrescaler is applicable
2025-04-23 17:12:00,042 [INFO] Rule:224 - rule TIM1CLockSelection is applicable
2025-04-23 17:12:00,042 [INFO] Rule:224 - rule TIM15CLockSelection is applicable
2025-04-23 17:12:00,043 [INFO] Rule:224 - rule align RCC SDMMC3CLockSelection default value on MP1 is applicable
2025-04-23 17:12:00,043 [INFO] Rule:224 - rule align RCC SDMMC12CLockSelection default value on MP1 is applicable
2025-04-23 17:12:00,044 [INFO] Rule:224 - rule align RCC QSPICLockSelection default value on MP1 is applicable
2025-04-23 17:12:00,045 [INFO] Rule:224 - rule align RCC QSPICLockSelection default value on MP1 is applicable
2025-04-23 17:12:00,045 [INFO] Rule:224 - rule align RCC SPI6CLockSelection default value on MP1 is applicable
2025-04-23 17:12:00,046 [INFO] Rule:224 - rule align RCC LPTIM23CLockSelection default value on MP1 is applicable
2025-04-23 17:12:00,046 [INFO] Rule:224 - rule align RCC LPTIM1CLockSelection default value on MP1 is applicable
2025-04-23 17:12:00,047 [INFO] Rule:224 - rule align RCC USART1CLockSelection default value on MP1 is applicable
2025-04-23 17:12:00,047 [INFO] Rule:224 - rule align RCC USART24CLockSelection default value on MP1 is applicable
2025-04-23 17:12:00,048 [INFO] Rule:224 - rule align RCC USART6CLockSelection default value on MP1 is applicable
2025-04-23 17:12:00,048 [INFO] Rule:224 - rule align RCC UART78CLockSelection default value on MP1 is applicable
2025-04-23 17:12:00,049 [INFO] Rule:224 - rule align RCC USART35CLockSelection default value on MP1 is applicable
2025-04-23 17:12:00,049 [INFO] Rule:224 - rule align RCC SPI45CLockSelection default value on MP1 is applicable
2025-04-23 17:12:00,050 [INFO] Rule:224 - rule align RCC I2C46CLockSelection BCLK value on MP1 is applicable
2025-04-23 17:12:00,050 [INFO] Rule:224 - rule align RCC SPI45CLockSelection default value on MP1 is applicable
2025-04-23 17:12:00,051 [INFO] Rule:224 - rule align RCC I2C12CLockSelection default value on MP1 is applicable
2025-04-23 17:12:00,052 [INFO] Rule:224 - rule align RCC I2C35CLockSelection default value on MP1 is applicable
2025-04-23 17:12:00,052 [INFO] Rule:224 - rule align RCC LPTIM45CLockSelection default value on MP1 is applicable
2025-04-23 17:12:00,053 [INFO] Rule:224 - rule Rename DCMI PIXCK signal is applicable
2025-04-23 17:12:00,053 [INFO] Rule:224 - rule Change Default Value for I2C46CLockSelection MP1 family is applicable
2025-04-23 17:12:00,053 [INFO] Rule:224 - rule Change Default Value for UART for G4, G0 and WB families is applicable
2025-04-23 17:12:00,054 [INFO] Rule:224 - rule Change Default Value for USART for G4, G0 and WB families is applicable
2025-04-23 17:12:00,055 [INFO] Rule:224 - rule Change Default Value for USART for G4 family is applicable
2025-04-23 17:12:00,055 [INFO] Rule:224 - rule Change USART1CLockSelection refparam name for MP1 is applicable
2025-04-23 17:12:00,056 [INFO] Rule:224 - rule Change USART2CLockSelection refparam name for MP1 is applicable
2025-04-23 17:12:00,056 [INFO] Rule:224 - rule Change USART3CLockSelection refparam name for MP1 is applicable
2025-04-23 17:12:00,056 [INFO] Rule:224 - rule Change UART4CLockSelection refparam name for MP1 is applicable
2025-04-23 17:12:00,057 [INFO] Rule:224 - rule Change UART5CLockSelection refparam name for MP1 is applicable
2025-04-23 17:12:00,057 [INFO] Rule:224 - rule Change LPUART1CLockSelection refparam name for MP1 is applicable
2025-04-23 17:12:00,058 [INFO] Rule:224 - rule Change LPTIM1CLockSelection refparam name for MP1 is applicable
2025-04-23 17:12:00,058 [INFO] Rule:224 - rule Change LPTIM2CLockSelection refparam name for MP1 is applicable
2025-04-23 17:12:00,059 [INFO] Rule:224 - rule Change RCC_MCO1Source refparam name for MP1 is applicable
2025-04-23 17:12:00,059 [INFO] Rule:224 - rule Change LSCOSource1 refparam name for MP1 is applicable
2025-04-23 17:12:00,060 [INFO] Rule:224 - rule Change SMPSCLockSelection refparam name for MP1 is applicable
2025-04-23 17:12:00,060 [INFO] Rule:224 - rule Change LPTIM3CLockSelection refparam name for MP1 is applicable
2025-04-23 17:12:00,061 [INFO] Rule:224 - rule Change MPCBB* Default Template Mode to Parameters is applicable
2025-04-23 17:12:00,061 [INFO] Rule:224 - rule Change MPCWM* or MPCBB* Secure Mode to Parameters is applicable
2025-04-23 17:12:00,061 [INFO] Rule:224 - rule Change MPCWM* or MPCBB* No Secure Mode to Parameters is applicable
2025-04-23 17:12:00,062 [INFO] Rule:224 - rule Change TZSC IP Secure Mode to Parameters is applicable
2025-04-23 17:12:00,062 [INFO] Rule:224 - rule Change TZSC IP No Secure Mode to Parameters is applicable
2025-04-23 17:12:00,063 [INFO] Rule:224 - rule Change TZSC IP Privilege Mode to Parameters is applicable
2025-04-23 17:12:00,064 [INFO] Rule:224 - rule Change TZSC IP No Privilege Mode to Parameters is applicable
2025-04-23 17:12:00,064 [INFO] Rule:224 - rule Change TZIC IT Secure Mode to Parameters is applicable
2025-04-23 17:12:00,064 [INFO] Rule:224 - rule Change TZIC IT No Secure Mode to Parameters is applicable
2025-04-23 17:12:00,065 [INFO] Rule:224 - rule Add MPCBB1_NonSecureArea_Start_Address value with referenced to MPCBB1_NonSecureArea_Start value is applicable
2025-04-23 17:12:00,065 [INFO] Rule:224 - rule Add MPCBB2_NonSecureArea_Start_Address value with referenced to MPCBB2_NonSecureArea_Start value is applicable
2025-04-23 17:12:00,066 [INFO] Rule:224 - rule Add MPCWM1_NonSecureArea*_Start_Address value with referenced to MPCWM1_NonSecureArea*_Start value is applicable
2025-04-23 17:12:00,066 [INFO] Rule:224 - rule Add MPCWM2_NonSecureArea*_Start_Address value with referenced to MPCWM2_NonSecureArea*_Start value is applicable
2025-04-23 17:12:00,067 [INFO] Rule:224 - rule Add MPCWM3_NonSecureArea_Start_Address value with referenced to MPCWM3_NonSecureArea_Start value is applicable
2025-04-23 17:12:00,068 [INFO] Rule:224 - rule Change Default Value for PLL1UserDefinedConfig is applicable
2025-04-23 17:12:00,068 [INFO] Rule:224 - rule Change GPIO_PuPd Default Value for USART in async mode is applicable
2025-04-23 17:12:00,069 [INFO] Rule:224 - rule Change SMPSDivider Default Value is applicable
2025-04-23 17:12:00,069 [INFO] Rule:224 - rule OPAMP is applicable
2025-04-23 17:12:00,070 [INFO] Rule:224 - rule LPUART IPParameter rename Prescaler parameter to ClockPrescaler for STM32H7 is applicable
2025-04-23 17:12:00,070 [INFO] Rule:224 - rule LPUART IPParameter rename Prescaler parameter to ClockPrescaler for STM32H7 is applicable
2025-04-23 17:12:00,071 [INFO] Rule:224 - rule LPUART IPParameter rename Prescaler parameter to ClockPrescaler for STM32WB is applicable
2025-04-23 17:12:00,071 [INFO] Rule:224 - rule LPUART IPParameter rename Prescaler parameter to ClockPrescaler for STM32WB is applicable
2025-04-23 17:12:00,072 [INFO] Rule:224 - rule LPUART IPParameter rename Prescaler parameter to ClockPrescaler for STM32G4 is applicable
2025-04-23 17:12:00,072 [INFO] Rule:224 - rule LPUART IPParameter rename Prescaler parameter to ClockPrescaler for STM32G4 is applicable
2025-04-23 17:12:00,073 [INFO] Rule:224 - rule LPUART IPParameter rename Prescaler parameter to ClockPrescaler for STM32L5 is applicable
2025-04-23 17:12:00,073 [INFO] Rule:224 - rule LPUART IPParameter rename Prescaler parameter to ClockPrescaler for STM32L5 is applicable
2025-04-23 17:12:00,074 [INFO] Rule:224 - rule LPUART IPParameter rename Prescaler parameter to ClockPrescaler for STM32G4 is applicable
2025-04-23 17:12:00,074 [INFO] Rule:224 - rule LPUART IPParameter rename Prescaler parameter to ClockPrescaler for STM32G4 is applicable
2025-04-23 17:12:00,075 [INFO] Rule:224 - rule USB device lib V2.5.3 for L0 rename USBD_SUPPORT_USER_STRING parameter to USBD_SUPPORT_USER_STRING_DESC4 is applicable
2025-04-23 17:12:00,075 [INFO] Rule:224 - rule I2SCLockSelection clock entry align is applicable
2025-04-23 17:12:00,076 [INFO] Rule:224 - rule Assign TIMx context if used as SYS timebase is applicable
2025-04-23 17:12:00,076 [INFO] Rule:224 - rule Change GPIO_Pu Default Value for I2C is applicable
2025-04-23 17:12:00,077 [INFO] Rule:224 - rule Change GPIO_Pu Default Value for SMBus is applicable
2025-04-23 17:12:00,078 [INFO] Rule:224 - rule change FDCAN default value is applicable
2025-04-23 17:12:00,078 [INFO] Rule:224 - rule Change mode sai is applicable
2025-04-23 17:12:00,079 [INFO] Rule:224 - rule **Change sai mode is applicable
2025-04-23 17:12:00,079 [INFO] Rule:224 - rule Rename STM32WPAN CFG_BLE_IRK to CFG_BLE_IR is applicable
2025-04-23 17:12:00,080 [INFO] Rule:224 - rule Rename STM32WPAN CFG_BLE_ERK to CFG_BLE_ER is applicable
2025-04-23 17:12:00,080 [INFO] Rule:224 - rule Rename STM32WPAN CFG_BLE_IRK_HEX to CFG_BLE_IR_HEX is applicable
2025-04-23 17:12:00,081 [INFO] Rule:224 - rule Rename STM32WPAN CFG_BLE_ERK_HEX to CFG_BLE_ER_HEX is applicable
2025-04-23 17:12:00,082 [INFO] Rule:224 - rule Adapt Old IOC before rework replace old CORTEX_M33/CORTEX_M55 attributes by the new one. is applicable
2025-04-23 17:12:00,082 [INFO] Rule:224 - rule Rename parametre of RCC RCC_APBDBG_DIV2 to RCC_TIMPRES_DIV2 is applicable
2025-04-23 17:12:00,083 [INFO] Rule:224 - rule Rename DIE493 pin PA10 [PA12] -> PA10 is applicable
2025-04-23 17:12:00,084 [INFO] Rule:224 - rule Rename DIE493 pin PA9 [PA11] -> PA9 is applicable
2025-04-23 17:12:00,091 [INFO] DbConfProperties:307 - Apply Compatibility (49/266 Rules)
2025-04-23 17:12:00,100 [INFO] ImportTextPane:218 - (OptionalMessage_ERROR) Unable to find key (Mcu.ThirdPartyNb) in loaded IOC file
2025-04-23 17:12:00,102 [INFO] ImportTextPane:218 - (OptionalMessage_ERROR) Pin12 (VP_RIF_VS_RIF1) cannot be retrieved for this MCU
2025-04-23 17:12:00,246 [INFO] RtosManager:558 - Registered RTOS mode: class=CMSIS, group=RTOS, mode=CMSIS_V1, owner=FREERTOS
2025-04-23 17:12:00,247 [INFO] RtosManager:558 - Registered RTOS mode: class=CMSIS, group=RTOS2, mode=CMSIS_V2, owner=FREERTOS
2025-04-23 17:12:00,247 [INFO] RtosManager:558 - Registered RTOS mode: class=RTOS, group=Core, mode=CMSIS_V1, owner=FREERTOS
2025-04-23 17:12:00,248 [INFO] RtosManager:558 - Registered RTOS mode: class=RTOS, group=Core, mode=CMSIS_V2, owner=FREERTOS
2025-04-23 17:12:00,248 [WARN] ModelIntegratedComponent:184 - Missing modes for component STMicroelectronics:FreeRTOS:0.0.1:STMicroelectronics:RTOS:FreeRTOS:Core:::10.2.0:
2025-04-23 17:12:00,254 [WARN] ModelIntegratedComponent:63 - No mode defined for component null
2025-04-23 17:12:00,255 [WARN] ModelIntegratedComponent:63 - No mode defined for component null
2025-04-23 17:12:00,255 [WARN] ModelIntegratedComponent:63 - No mode defined for component null
2025-04-23 17:12:00,256 [WARN] ModelIntegratedComponent:63 - No mode defined for component null
2025-04-23 17:12:00,257 [WARN] ModelIntegratedComponent:63 - No mode defined for component null
2025-04-23 17:12:00,257 [WARN] ModelIntegratedComponent:63 - No mode defined for component null
2025-04-23 17:12:00,258 [WARN] ModelIntegratedComponent:63 - No mode defined for component null
2025-04-23 17:12:00,258 [WARN] ModelIntegratedComponent:63 - No mode defined for component null
2025-04-23 17:12:00,259 [WARN] ModelIntegratedComponent:63 - No mode defined for component null
2025-04-23 17:12:00,259 [WARN] ModelIntegratedComponent:63 - No mode defined for component null
2025-04-23 17:12:00,260 [WARN] ModelIntegratedComponent:63 - No mode defined for component null
2025-04-23 17:12:00,261 [WARN] ModelIntegratedComponent:63 - No mode defined for component null
2025-04-23 17:12:00,261 [WARN] ModelIntegratedComponent:63 - No mode defined for component null
2025-04-23 17:12:00,262 [WARN] ModelIntegratedComponent:63 - No mode defined for component null
2025-04-23 17:12:00,262 [WARN] ModelIntegratedComponent:63 - No mode defined for component null
2025-04-23 17:12:00,263 [WARN] ModelIntegratedComponent:63 - No mode defined for component null
2025-04-23 17:12:00,263 [WARN] ModelIntegratedComponent:63 - No mode defined for component null
2025-04-23 17:12:00,264 [WARN] ModelIntegratedComponent:63 - No mode defined for component null
2025-04-23 17:12:00,265 [WARN] ModelIntegratedComponent:63 - No mode defined for component null
2025-04-23 17:12:00,265 [WARN] ModelIntegratedComponent:63 - No mode defined for component null
2025-04-23 17:12:00,266 [WARN] ModelIntegratedComponent:63 - No mode defined for component null
2025-04-23 17:12:00,266 [WARN] ModelIntegratedComponent:63 - No mode defined for component null
2025-04-23 17:12:00,267 [WARN] ModelIntegratedComponent:63 - No mode defined for component null
2025-04-23 17:12:00,267 [WARN] ModelIntegratedComponent:63 - No mode defined for component null
2025-04-23 17:12:00,268 [WARN] ModelIntegratedComponent:63 - No mode defined for component null
2025-04-23 17:12:00,268 [WARN] ModelIntegratedComponent:63 - No mode defined for component null
2025-04-23 17:12:00,269 [WARN] ModelIntegratedComponent:63 - No mode defined for component null
2025-04-23 17:12:00,269 [WARN] ModelIntegratedComponent:63 - No mode defined for component null
2025-04-23 17:12:00,270 [WARN] ModelIntegratedComponent:63 - No mode defined for component null
2025-04-23 17:12:00,270 [WARN] ModelIntegratedComponent:63 - No mode defined for component null
2025-04-23 17:12:00,271 [WARN] ModelIntegratedComponent:63 - No mode defined for component null
2025-04-23 17:12:00,271 [WARN] ModelIntegratedComponent:63 - No mode defined for component null
2025-04-23 17:12:00,271 [WARN] ModelIntegratedComponent:63 - No mode defined for component null
2025-04-23 17:12:00,272 [WARN] ModelIntegratedComponent:63 - No mode defined for component null
2025-04-23 17:12:00,273 [WARN] ModelIntegratedComponent:63 - No mode defined for component null
2025-04-23 17:12:00,273 [WARN] ModelPack:524 - Component already loaded: STMicroelectronics:HAL Drivers:0.0.0:STMicroelectronics:Device:STMicro_Driver:XSPI:HAL::0.0.1:HAL_XSPI
2025-04-23 17:12:00,283 [INFO] ThirdPartyModel:298 - Start build external matchings
2025-04-23 17:12:00,511 [INFO] ThirdPartyModel:316 - End build external matchings
2025-04-23 17:12:00,518 [INFO] ImportTextPane:218 - (OptionalMessage_ERROR) IP (RCC) : Invalid parameter (FamilyName)
2025-04-23 17:12:00,520 [INFO] ImportTextPane:218 - (OptionalMessage_ERROR) IP (RCC) : Parameter (RNGFreq_Value) has invalid value (64000000)
2025-04-23 17:12:00,520 [INFO] ImportTextPane:218 - (OptionalMessage_ERROR) IP (RCC) : Parameter (SDMMCFreq_Value) has invalid value (64000000)
2025-04-23 17:12:00,521 [INFO] ImportTextPane:218 - (OptionalMessage_ERROR) IP (RCC) : Parameter (USBFreq_Value) has invalid value (64000000)
2025-04-23 17:12:00,764 [INFO] UtilMem:75 - End LoadConfig() Used Memory: 828439392 Bytes (1073741824)
2025-04-23 17:12:00,774 [WARN] ThirdParty:833 - waiting for thirdparty lock release [change project]
2025-04-23 17:12:00,775 [INFO] ThirdParty:835 - entering critical section [change project]
2025-04-23 17:12:00,776 [INFO] ThirdParty:1030 - CMSIS Pack Vendor :STMicroelectronics USBPD 4.1
2025-04-23 17:12:00,776 [INFO] ThirdParty:1030 - CMSIS Pack Vendor :STMicroelectronics X-CUBE-AZRTOS-H7 3.3.0
2025-04-23 17:12:00,777 [INFO] ThirdParty:1030 - CMSIS Pack Vendor :STMicroelectronics X-CUBE-NFC9 1.0.0
2025-04-23 17:12:00,777 [INFO] ThirdParty:1030 - CMSIS Pack Vendor :STMicroelectronics USB_HOST 2.0.0
2025-04-23 17:12:00,779 [INFO] ThirdParty:1030 - CMSIS Pack Vendor :STMicroelectronics FP-SNS-MOTENVWB1 1.4.0
2025-04-23 17:12:00,780 [INFO] ThirdParty:1030 - CMSIS Pack Vendor :STMicroelectronics X-CUBE-AZRTOS-F4 1.1.0
2025-04-23 17:12:00,780 [INFO] ThirdParty:1030 - CMSIS Pack Vendor :STMicroelectronics LIBJPEG 8.0.0
2025-04-23 17:12:00,781 [INFO] ThirdParty:1030 - CMSIS Pack Vendor :STMicroelectronics FP-ATR-ASTRA1 2.0.2
2025-04-23 17:12:00,781 [INFO] ThirdParty:1030 - CMSIS Pack Vendor :STMicroelectronics X-CUBE-BLE1 7.1.0
2025-04-23 17:12:00,782 [INFO] ThirdParty:1030 - CMSIS Pack Vendor :Avnet-IotConnect X-CUBE-IoTC-DA16k-PMOD 1.0.0
2025-04-23 17:12:00,783 [INFO] ThirdParty:1030 - CMSIS Pack Vendor :STMicroelectronics X-CUBE-SMBUS 2.1.0
2025-04-23 17:12:00,784 [INFO] ThirdParty:1030 - CMSIS Pack Vendor :wolfSSL I-CUBE-wolfMQTT 1.19.2
2025-04-23 17:12:00,784 [INFO] ThirdParty:1030 - CMSIS Pack Vendor :STMicroelectronics USB_DEVICE 3.0.0
2025-04-23 17:12:00,785 [INFO] ThirdParty:1030 - CMSIS Pack Vendor :STMicroelectronics X-CUBE-ISPU 2.1.0
2025-04-23 17:12:00,785 [INFO] ThirdParty:1030 - CMSIS Pack Vendor :STMicroelectronics X-CUBE-AZRTOS-WB 2.0.0
2025-04-23 17:12:00,786 [INFO] ThirdParty:1030 - CMSIS Pack Vendor :STMicroelectronics X-CUBE-GNSS1 7.0.1
2025-04-23 17:12:00,786 [INFO] ThirdParty:1030 - CMSIS Pack Vendor :STMicroelectronics X-CUBE-AZRTOS-F7 1.1.0
2025-04-23 17:12:00,787 [INFO] ThirdParty:1030 - CMSIS Pack Vendor :STMicroelectronics X-CUBE-AZRTOS-L5 2.0.0
2025-04-23 17:12:00,788 [INFO] ThirdParty:1030 - CMSIS Pack Vendor :STMicroelectronics X-CUBE-TOUCHGFX 4.25.0
2025-04-23 17:12:00,789 [INFO] ThirdParty:1030 - CMSIS Pack Vendor :STMicroelectronics USB_DEVICE 2.0.0
2025-04-23 17:12:00,789 [INFO] ThirdParty:1030 - CMSIS Pack Vendor :STMicroelectronics X-CUBE-NFC6 3.1.0
2025-04-23 17:12:00,790 [INFO] ThirdParty:1030 - CMSIS Pack Vendor :STMicroelectronics FP-SNS-STBOX1 2.0.0
2025-04-23 17:12:00,790 [INFO] ThirdParty:1030 - CMSIS Pack Vendor :STMicroelectronics X-CUBE-MEMS1 11.2.0
2025-04-23 17:12:00,791 [INFO] ThirdParty:1030 - CMSIS Pack Vendor :STMicroelectronics FreeRTOS 0.0.1
2025-04-23 17:12:00,792 [INFO] ThirdParty:1030 - CMSIS Pack Vendor :STMicroelectronics X-CUBE-AZRTOS-G0 1.1.0
2025-04-23 17:12:00,792 [INFO] ThirdParty:1030 - CMSIS Pack Vendor :STMicroelectronics X-CUBE-SAFEA1 1.2.2
2025-04-23 17:12:00,793 [INFO] ThirdParty:1030 - CMSIS Pack Vendor :STMicroelectronics X-CUBE-NFC4 3.0.0
2025-04-23 17:12:00,794 [INFO] ThirdParty:1030 - CMSIS Pack Vendor :STMicroelectronics X-CUBE-SUBG2 5.0.0
2025-04-23 17:12:00,795 [INFO] ThirdParty:1030 - CMSIS Pack Vendor :STMicroelectronics X-CUBE-AZRTOS-H7RS 1.1.0
2025-04-23 17:12:00,795 [INFO] ThirdParty:1030 - CMSIS Pack Vendor :STMicroelectronics STM32_WPAN 1.0.0
2025-04-23 17:12:00,796 [INFO] ThirdParty:1030 - CMSIS Pack Vendor :EmbeddedOffice I-CUBE-FS-RTOS 1.0.1
2025-04-23 17:12:00,796 [INFO] ThirdParty:1030 - CMSIS Pack Vendor :STMicroelectronics lwIP 2.0.3
2025-04-23 17:12:00,797 [INFO] ThirdParty:1030 - CMSIS Pack Vendor :Cesanta I-CUBE-Mongoose 7.13.0
2025-04-23 17:12:00,798 [INFO] ThirdParty:1030 - CMSIS Pack Vendor :STMicroelectronics USB_HOST 1.0.0
2025-04-23 17:12:00,798 [INFO] ThirdParty:1030 - CMSIS Pack Vendor :Infineon AIROC-Wi-Fi-Bluetooth-STM32 1.7.0
2025-04-23 17:12:00,799 [INFO] ThirdParty:1030 - CMSIS Pack Vendor :STMicroelectronics X-CUBE-AZRTOS-G4 2.0.0
2025-04-23 17:12:00,799 [INFO] ThirdParty:1030 - CMSIS Pack Vendor :STMicroelectronics X-CUBE-WB05N 2.0.0
2025-04-23 17:12:00,801 [INFO] ThirdParty:1030 - CMSIS Pack Vendor :STMicroelectronics PDM2PCM 3.1.0
2025-04-23 17:12:00,801 [INFO] ThirdParty:1030 - CMSIS Pack Vendor :STMicroelectronics PDM2PCM 3.3.0
2025-04-23 17:12:00,802 [INFO] ThirdParty:1030 - CMSIS Pack Vendor :wolfSSL I-CUBE-wolfTPM 3.8.0
2025-04-23 17:12:00,802 [INFO] ThirdParty:1030 - CMSIS Pack Vendor :STMicroelectronics X-CUBE-DISPLAY 3.0.0
2025-04-23 17:12:00,803 [INFO] ThirdParty:1030 - CMSIS Pack Vendor :wolfSSL I-CUBE-wolfSSH 1.4.20
2025-04-23 17:12:00,804 [INFO] ThirdParty:1030 - CMSIS Pack Vendor :STMicroelectronics X-CUBE-TCPP 4.2.0
2025-04-23 17:12:00,804 [INFO] ThirdParty:1030 - CMSIS Pack Vendor :RealThread X-CUBE-RT-Thread_Nano 4.1.1
2025-04-23 17:12:00,805 [INFO] ThirdParty:1030 - CMSIS Pack Vendor :STMicroelectronics FP-ATR-SIGFOX1 3.2.0
2025-04-23 17:12:00,805 [INFO] ThirdParty:1030 - CMSIS Pack Vendor :STMicroelectronics X-CUBE-NFC10 1.0.0
2025-04-23 17:12:00,806 [INFO] ThirdParty:1030 - CMSIS Pack Vendor :STMicroelectronics X-CUBE-BLEMGR 4.0.0
2025-04-23 17:12:00,807 [INFO] ThirdParty:1030 - CMSIS Pack Vendor :STMicroelectronics X-CUBE-EEPRMA1 5.1.0
2025-04-23 17:12:00,807 [INFO] ThirdParty:1030 - CMSIS Pack Vendor :STMicroelectronics HAL Drivers 0.0.0
2025-04-23 17:12:00,808 [INFO] ThirdParty:1030 - CMSIS Pack Vendor :STMicroelectronics MBEDTLS 2.16.2
2025-04-23 17:12:00,808 [INFO] ThirdParty:1030 - CMSIS Pack Vendor :STMicroelectronics X-CUBE-IPS 3.1.0
2025-04-23 17:12:00,809 [INFO] ThirdParty:1030 - CMSIS Pack Vendor :STMicroelectronics X-CUBE-ALS 1.0.2
2025-04-23 17:12:00,809 [INFO] ThirdParty:1030 - CMSIS Pack Vendor :emotas I-CUBE-CANOPEN 1.3.0
2025-04-23 17:12:00,810 [INFO] ThirdParty:1030 - CMSIS Pack Vendor :STMicroelectronics X-CUBE-FREERTOS 1.3.0
2025-04-23 17:12:00,811 [INFO] ThirdParty:1030 - CMSIS Pack Vendor :STMicroelectronics X-CUBE-NFC7 1.0.1
2025-04-23 17:12:00,811 [INFO] ThirdParty:1030 - CMSIS Pack Vendor :STMicroelectronics MBEDTLS 2.14.1
2025-04-23 17:12:00,812 [INFO] ThirdParty:1030 - CMSIS Pack Vendor :wolfSSL I-CUBE-wolfSSL 5.7.6
2025-04-23 17:12:00,812 [INFO] ThirdParty:1030 - CMSIS Pack Vendor :ITTIA_DB I-CUBE-ITTIADB 8.9.0
2025-04-23 17:12:00,813 [INFO] ThirdParty:1030 - CMSIS Pack Vendor :portGmbH I-Cube-SoM-uGOAL 1.1.0
2025-04-23 17:12:00,813 [INFO] ThirdParty:1030 - CMSIS Pack Vendor :quantropi X-CUBE-qispace-sdk-base 2.0.0
2025-04-23 17:12:00,814 [INFO] ThirdParty:1030 - CMSIS Pack Vendor :STMicroelectronics X-CUBE-AI 10.0.0
2025-04-23 17:12:00,815 [INFO] ThirdParty:1030 - CMSIS Pack Vendor :STMicroelectronics ThreadX 1.0.0
2025-04-23 17:12:00,815 [INFO] ThirdParty:1030 - CMSIS Pack Vendor :STMicroelectronics FP-SNS-SMARTAG2 1.2.0
2025-04-23 17:12:00,816 [INFO] ThirdParty:1030 - CMSIS Pack Vendor :STMicroelectronics FP-SNS-FLIGHT1 5.1.0
2025-04-23 17:12:00,817 [INFO] ThirdParty:1030 - CMSIS Pack Vendor :STMicroelectronics X-CUBE-AZRTOS-WL 2.0.0
2025-04-23 17:12:00,817 [INFO] ThirdParty:1030 - CMSIS Pack Vendor :SEGGER I-CUBE-embOS 1.3.1
2025-04-23 17:12:00,818 [INFO] ThirdParty:1030 - CMSIS Pack Vendor :STMicroelectronics X-CUBE-ALGOBUILD 1.4.0
2025-04-23 17:12:00,818 [INFO] ThirdParty:1030 - CMSIS Pack Vendor :STMicroelectronics X-CUBE-DPower 1.3.0
2025-04-23 17:12:00,819 [INFO] ThirdParty:1030 - CMSIS Pack Vendor :STMicroelectronics FP-SNS-MOTENV1 5.0.0
2025-04-23 17:12:00,819 [INFO] ThirdParty:1030 - CMSIS Pack Vendor :STMicroelectronics USB_DEVICE 1.0.0
2025-04-23 17:12:00,820 [INFO] ThirdParty:1030 - CMSIS Pack Vendor :STMicroelectronics X-CUBE-AZRTOS-L4 2.0.0
2025-04-23 17:12:00,820 [INFO] ThirdParty:1030 - CMSIS Pack Vendor :STMicroelectronics ThreadX 0.0.2
2025-04-23 17:12:00,821 [INFO] ThirdParty:1030 - CMSIS Pack Vendor :WES I-CUBE-Cesium 1.3.0
2025-04-23 17:12:00,821 [INFO] ThirdParty:1030 - CMSIS Pack Vendor :STMicroelectronics lwIP 2.1.2
2025-04-23 17:12:00,822 [INFO] ThirdParty:1030 - CMSIS Pack Vendor :STMicroelectronics X-CUBE-SFXS2LP1 4.0.0
2025-04-23 17:12:00,823 [INFO] ThirdParty:1030 - CMSIS Pack Vendor :STMicroelectronics X-CUBE-BLE2 3.3.0
2025-04-23 17:12:00,823 [INFO] ThirdParty:1030 - CMSIS Pack Vendor :STMicroelectronics X-CUBE-TOF1 3.4.3
2025-04-23 17:12:00,824 [INFO] ThirdParty:1030 - CMSIS Pack Vendor :STMicroelectronics PDM2PCM 3.2.0
2025-04-23 17:12:00,825 [INFO] ThirdParty:841 - exiting critical section [change project]
2025-04-23 17:12:00,924 [INFO] PinOutPanel:1589 - setPackage(No Configuration,No Configuration)
2025-04-23 17:12:00,925 [INFO] PinOutPanel:1589 - setPackage(STM32L476RGTx,LQFP64)
2025-04-23 17:12:01,285 [INFO] UtilMem:75 - Before build in PCC Used Memory: 926273184 Bytes (1073741824)
2025-04-23 17:12:01,520 [INFO] UtilMem:75 - After build in PCC Used Memory: 764831224 Bytes (1073741824)
2025-04-23 17:12:01,533 [INFO] IPUIPlugin:80 - create IPUIPlugin
2025-04-23 17:12:01,534 [INFO] IPUIPlugin:80 - create IPUIPlugin
2025-04-23 17:12:01,534 [INFO] IPUIPlugin:80 - create IPUIPlugin
2025-04-23 17:12:01,535 [INFO] IPUIPlugin:80 - create IPUIPlugin
2025-04-23 17:12:01,536 [INFO] IPUIPlugin:80 - create IPUIPlugin
2025-04-23 17:12:01,536 [INFO] IPUIPlugin:80 - create IPUIPlugin
2025-04-23 17:12:01,537 [INFO] IPUIPlugin:80 - create IPUIPlugin
2025-04-23 17:12:01,538 [INFO] IPUIPlugin:80 - create IPUIPlugin
2025-04-23 17:12:01,538 [INFO] IPUIPlugin:80 - create IPUIPlugin
2025-04-23 17:12:01,538 [INFO] IPUIPlugin:80 - create IPUIPlugin
2025-04-23 17:12:01,539 [INFO] IPUIPlugin:80 - create IPUIPlugin
2025-04-23 17:12:01,539 [INFO] IPUIPlugin:80 - create IPUIPlugin
2025-04-23 17:12:01,540 [INFO] IPUIPlugin:80 - create IPUIPlugin
2025-04-23 17:12:01,540 [INFO] IPUIPlugin:80 - create IPUIPlugin
2025-04-23 17:12:01,541 [INFO] IPUIPlugin:80 - create IPUIPlugin
2025-04-23 17:12:01,541 [INFO] IPUIPlugin:80 - create IPUIPlugin
2025-04-23 17:12:01,542 [INFO] IPUIPlugin:80 - create IPUIPlugin
2025-04-23 17:12:01,542 [INFO] IPUIPlugin:80 - create IPUIPlugin
2025-04-23 17:12:01,543 [INFO] IPUIPlugin:80 - create IPUIPlugin
2025-04-23 17:12:01,543 [INFO] IPUIPlugin:80 - create IPUIPlugin
2025-04-23 17:12:01,544 [INFO] IPUIPlugin:80 - create IPUIPlugin
2025-04-23 17:12:01,544 [INFO] IPUIPlugin:80 - create IPUIPlugin
2025-04-23 17:12:01,545 [INFO] IPUIPlugin:80 - create IPUIPlugin
2025-04-23 17:12:01,545 [INFO] IPUIPlugin:80 - create IPUIPlugin
2025-04-23 17:12:01,546 [INFO] IPUIPlugin:80 - create IPUIPlugin
2025-04-23 17:12:01,547 [INFO] IPUIPlugin:80 - create IPUIPlugin
2025-04-23 17:12:01,547 [INFO] IPUIPlugin:80 - create IPUIPlugin
2025-04-23 17:12:01,548 [INFO] IPUIPlugin:80 - create IPUIPlugin
2025-04-23 17:12:01,548 [INFO] IPUIPlugin:80 - create IPUIPlugin
2025-04-23 17:12:01,549 [INFO] IPUIPlugin:80 - create IPUIPlugin
2025-04-23 17:12:01,549 [INFO] IPUIPlugin:80 - create IPUIPlugin
2025-04-23 17:12:01,550 [INFO] IPUIPlugin:80 - create IPUIPlugin
2025-04-23 17:12:01,550 [INFO] IPUIPlugin:80 - create IPUIPlugin
2025-04-23 17:12:01,551 [INFO] IPUIPlugin:80 - create IPUIPlugin
2025-04-23 17:12:01,551 [INFO] IPUIPlugin:80 - create IPUIPlugin
2025-04-23 17:12:01,552 [INFO] IPUIPlugin:80 - create IPUIPlugin
2025-04-23 17:12:01,553 [INFO] IPUIPlugin:80 - create IPUIPlugin
2025-04-23 17:12:01,553 [INFO] IPUIPlugin:80 - create IPUIPlugin
2025-04-23 17:12:01,554 [INFO] IPUIPlugin:80 - create IPUIPlugin
2025-04-23 17:12:01,554 [INFO] IPUIPlugin:80 - create IPUIPlugin
2025-04-23 17:12:01,555 [INFO] IPUIPlugin:80 - create IPUIPlugin
2025-04-23 17:12:01,555 [INFO] IPUIPlugin:80 - create IPUIPlugin
2025-04-23 17:12:01,556 [INFO] IPUIPlugin:80 - create IPUIPlugin
2025-04-23 17:12:01,556 [INFO] IPUIPlugin:80 - create IPUIPlugin
2025-04-23 17:12:01,557 [INFO] IPUIPlugin:80 - create IPUIPlugin
2025-04-23 17:12:01,557 [INFO] IPUIPlugin:80 - create IPUIPlugin
2025-04-23 17:12:01,558 [INFO] IPUIPlugin:80 - create IPUIPlugin
2025-04-23 17:12:01,558 [INFO] IPUIPlugin:80 - create IPUIPlugin
2025-04-23 17:12:01,559 [INFO] IPUIPlugin:80 - create IPUIPlugin
2025-04-23 17:12:01,559 [INFO] IPUIPlugin:80 - create IPUIPlugin
2025-04-23 17:12:01,560 [INFO] IPUIPlugin:80 - create IPUIPlugin
2025-04-23 17:12:01,561 [INFO] IPUIPlugin:80 - create IPUIPlugin
2025-04-23 17:12:01,561 [INFO] IPUIPlugin:80 - create IPUIPlugin
2025-04-23 17:12:01,562 [INFO] IPUIPlugin:80 - create IPUIPlugin
2025-04-23 17:12:01,562 [INFO] IPUIPlugin:80 - create IPUIPlugin
2025-04-23 17:12:01,563 [INFO] IPUIPlugin:80 - create IPUIPlugin
2025-04-23 17:12:01,564 [INFO] IPUIPlugin:80 - create IPUIPlugin
2025-04-23 17:12:01,564 [INFO] IPUIPlugin:80 - create IPUIPlugin
2025-04-23 17:12:01,565 [INFO] IPUIPlugin:80 - create IPUIPlugin
2025-04-23 17:12:01,594 [INFO] CADModel:165 - CPN selected for project levelSTM32L476RGT3
2025-04-23 17:12:01,595 [INFO] CADModel:114 - Register for checkConnection events
2025-04-23 17:12:01,632 [INFO] OpenFileManager:385 - Restore cursor
2025-04-23 17:12:02,014 [INFO] UtilMem:75 - End SaveConfig() Used Memory: 927734920 Bytes (1073741824)
2025-04-23 17:12:06,315 [INFO] ServerAccessManage:473 - Download File stm32cube_fw_l4_v1180.zip
2025-04-23 17:15:33,769 [INFO] AnalyticsPlugin:363 - Accepted License(s) without tracking enabled: [FW.L4.1.18.0]
2025-04-23 17:15:33,770 [INFO] FileExtend:242 - Unzip File : stm32cube_fw_l4_v1180.zip
2025-04-23 17:15:33,771 [INFO] FileExtend:257 - Standard Zip Deflate
2025-04-23 17:15:55,267 [INFO] ServerAccessManage:473 - Download File stm32cube_fw_l4_v1181.zip
2025-04-23 17:17:06,323 [INFO] FileExtend:242 - Unzip File : stm32cube_fw_l4_v1181.zip
2025-04-23 17:17:06,324 [INFO] FileExtend:257 - Standard Zip Deflate
2025-04-23 17:17:15,178 [INFO] LoadServerPackagesThread:196 - End of LoadServerPackages Thread
2025-04-23 17:17:15,372 [INFO] ThirdPartyModel:298 - Start build external matchings
2025-04-23 17:17:15,388 [INFO] UtilMem:75 - End SaveConfig() Used Memory: 927311728 Bytes (1073741824)
2025-04-23 17:17:15,713 [INFO] ThirdPartyModel:316 - End build external matchings
2025-04-23 17:17:15,720 [INFO] CheckServerUpdateThread:120 - End of CheckServer Thread
2025-04-23 17:17:19,718 [INFO] BlockDiagram:2775 - set Specific Code input for plugin: SYS
2025-04-23 17:17:19,718 [INFO] BlockDiagram:2775 - set Specific Code input for plugin: RCC
2025-04-23 17:17:19,719 [INFO] BlockDiagram:2775 - set Specific Code input for plugin: NVIC
2025-04-23 17:17:19,720 [INFO] BlockDiagram:2775 - set Specific Code input for plugin: USART
2025-04-23 17:17:19,721 [INFO] BlockDiagram:2775 - set Specific Code input for plugin: GPIO
2025-04-23 17:17:19,731 [INFO] CodeGenerator:882 - code generatio: config db path: C:\ST\STM32CubeIDE_1.15.1\STM32CubeIDE\plugins\com.st.stm32cube.common.mx_6.14.0.202502271554\\db\
2025-04-23 17:17:20,039 [INFO] CodeEngine:263 - oldGeneratedFile, S:\RTOS_Lab\lab7\lab72\MXTmpFiles\license.tmp_save
2025-04-23 17:17:20,760 [INFO] CodeEngine:287 - Generated code: S:\RTOS_Lab\lab7\lab72\MXTmpFiles\license.tmp
2025-04-23 17:17:20,974 [INFO] CodeEngine:263 - oldGeneratedFile, S:\RTOS_Lab\lab7\lab72\MXTmpFiles\gpio.tmp_save
2025-04-23 17:17:21,172 [INFO] CodeEngine:287 - Generated code: S:\RTOS_Lab\lab7\lab72\MXTmpFiles\gpio.tmp
2025-04-23 17:17:21,414 [INFO] CodeEngine:263 - oldGeneratedFile, S:\RTOS_Lab\lab7\lab72\Core\Src\stm32l4xx_it.c_save
2025-04-23 17:17:21,625 [INFO] CodeEngine:287 - Generated code: S:\RTOS_Lab\lab7\lab72\Core\Src\stm32l4xx_it.c
2025-04-23 17:17:21,665 [INFO] CodeEngine:263 - oldGeneratedFile, S:\RTOS_Lab\lab7\lab72\Core\Inc\stm32l4xx_it.h_save
2025-04-23 17:17:21,801 [INFO] CodeEngine:287 - Generated code: S:\RTOS_Lab\lab7\lab72\Core\Inc\stm32l4xx_it.h
2025-04-23 17:17:21,961 [INFO] CodeEngine:263 - oldGeneratedFile, S:\RTOS_Lab\lab7\lab72\Core\Src\stm32l4xx_hal_msp.c_save
2025-04-23 17:17:22,125 [INFO] CodeEngine:287 - Generated code: S:\RTOS_Lab\lab7\lab72\Core\Src\stm32l4xx_hal_msp.c
2025-04-23 17:17:22,157 [INFO] CodeEngine:263 - oldGeneratedFile, S:\RTOS_Lab\lab7\lab72\MXTmpFiles\system.tmp_save
2025-04-23 17:17:22,254 [INFO] CodeEngine:287 - Generated code: S:\RTOS_Lab\lab7\lab72\MXTmpFiles\system.tmp
2025-04-23 17:17:22,403 [INFO] CodeEngine:319 - oldGeneratedFile, S:\RTOS_Lab\lab7\lab72\Core\Inc\stm32l4xx_hal_conf.h_save
2025-04-23 17:17:22,579 [INFO] CodeEngine:343 - Generated code: S:\RTOS_Lab\lab7\lab72\Core\Inc\stm32l4xx_hal_conf.h
2025-04-23 17:17:22,680 [INFO] ApiDbMcu:508 - Load IP Config File for USART2
2025-04-23 17:17:22,684 [INFO] ApiDbMcu:508 - Load IP Config File for RCC
2025-04-23 17:17:22,814 [INFO] CodeEngine:263 - oldGeneratedFile, S:\RTOS_Lab\lab7\lab72\Core\Inc\main.h_save
2025-04-23 17:17:22,954 [INFO] CodeEngine:287 - Generated code: S:\RTOS_Lab\lab7\lab72\Core\Inc\main.h
2025-04-23 17:17:23,004 [INFO] CodeEngine:263 - oldGeneratedFile, S:\RTOS_Lab\lab7\lab72\Core\Src\main.c_save
2025-04-23 17:17:23,169 [INFO] CodeEngine:287 - Generated code: S:\RTOS_Lab\lab7\lab72\Core\Src\main.c
2025-04-23 17:17:25,655 [INFO] ProjectBuilder:3324 - Time for Copy HAL[1] : 2340mS.
2025-04-23 17:17:25,690 [INFO] ProjectBuilder:4912 - Project Generator version: 4.6.0-B36
2025-04-23 17:17:25,727 [INFO] ConfigFileManager:1590 - The Die is : DIE415
2025-04-23 17:17:25,732 [INFO] ApiDbMcu:508 - Load IP Config File for FATFS
2025-04-23 17:17:25,735 [INFO] ApiDbMcu:508 - Load IP Config File for FREERTOS
2025-04-23 17:17:25,741 [INFO] ApiDbMcu:508 - Load IP Config File for TOUCHSENSING
2025-04-23 17:17:25,745 [INFO] ApiDbMcu:508 - Load IP Config File for USB_DEVICE
2025-04-23 17:17:25,747 [INFO] ApiDbMcu:508 - Load IP Config File for USB_HOST
2025-04-23 17:17:26,138 [INFO] LogOutputStream:77 - [STDOUT_REDIRECT] 
2025-04-23 17:17:29,586 [INFO] ProjectBuilder:5191 - Time for Generating toolchain IDE Files: 3894mS.
2025-04-23 17:17:29,595 [INFO] ProjectBuilder:3181 - Time for Copy CMSIS : 8mS.
2025-04-23 17:17:29,601 [INFO] ProjectBuilder:3181 - Time for Copy CMSIS : 1mS.
2025-04-23 17:17:30,318 [INFO] McuFinderGlobals:76 - Set McuFinderConnectedMode to true
2025-04-23 17:17:30,322 [INFO] ApiDb:448 - Save user favorites file C:\Users\eec9960/.stm32cubeide/favorites.mcus.txt: 0 item(s)
2025-04-23 17:17:30,322 [INFO] ApiDb:452 - User favorites MCUs=[]
2025-04-23 17:17:30,325 [INFO] ApiDb:448 - Save user favorites file C:\Users\eec9960/.stm32cubeide/favorites.boards.txt: 1 item(s)
2025-04-23 17:17:30,325 [INFO] ApiDb:452 - User favorites Boards=[NUCLEO-L476RG]
2025-04-23 17:18:15,254 [INFO] UtilMem:75 - End SaveConfig() Used Memory: 936539104 Bytes (1073741824)
2025-04-23 17:18:18,902 [INFO] UtilMem:75 - End SaveConfig() Used Memory: 970166872 Bytes (1073741824)
2025-04-23 17:18:22,663 [INFO] UtilMem:75 - End SaveConfig() Used Memory: 765141928 Bytes (1073741824)
2025-04-23 17:18:25,927 [INFO] BlockDiagram:2775 - set Specific Code input for plugin: SYS
2025-04-23 17:18:25,928 [INFO] BlockDiagram:2775 - set Specific Code input for plugin: RCC
2025-04-23 17:18:25,929 [INFO] BlockDiagram:2775 - set Specific Code input for plugin: NVIC
2025-04-23 17:18:25,929 [INFO] BlockDiagram:2775 - set Specific Code input for plugin: USART
2025-04-23 17:18:25,929 [INFO] BlockDiagram:2775 - set Specific Code input for plugin: TIM1_8L4
2025-04-23 17:18:25,930 [INFO] BlockDiagram:2775 - set Specific Code input for plugin: GPIO
2025-04-23 17:18:25,940 [INFO] CodeGenerator:882 - code generatio: config db path: C:\ST\STM32CubeIDE_1.15.1\STM32CubeIDE\plugins\com.st.stm32cube.common.mx_6.14.0.202502271554\\db\
2025-04-23 17:18:26,086 [INFO] CodeEngine:263 - oldGeneratedFile, S:\RTOS_Lab\lab7\lab72\MXTmpFiles\license.tmp_save
2025-04-23 17:18:26,195 [INFO] CodeEngine:287 - Generated code: S:\RTOS_Lab\lab7\lab72\MXTmpFiles\license.tmp
2025-04-23 17:18:26,360 [INFO] CodeEngine:263 - oldGeneratedFile, S:\RTOS_Lab\lab7\lab72\MXTmpFiles\gpio.tmp_save
2025-04-23 17:18:26,500 [INFO] CodeEngine:287 - Generated code: S:\RTOS_Lab\lab7\lab72\MXTmpFiles\gpio.tmp
2025-04-23 17:18:26,794 [INFO] CodeEngine:263 - oldGeneratedFile, S:\RTOS_Lab\lab7\lab72\Core\Src\stm32l4xx_it.c_save
2025-04-23 17:18:26,979 [INFO] CodeEngine:287 - Generated code: S:\RTOS_Lab\lab7\lab72\Core\Src\stm32l4xx_it.c
2025-04-23 17:18:27,045 [INFO] CodeEngine:263 - oldGeneratedFile, S:\RTOS_Lab\lab7\lab72\Core\Inc\stm32l4xx_it.h_save
2025-04-23 17:18:27,183 [INFO] CodeEngine:287 - Generated code: S:\RTOS_Lab\lab7\lab72\Core\Inc\stm32l4xx_it.h
2025-04-23 17:18:27,388 [INFO] CodeEngine:263 - oldGeneratedFile, S:\RTOS_Lab\lab7\lab72\Core\Src\stm32l4xx_hal_msp.c_save
2025-04-23 17:18:27,561 [INFO] CodeEngine:287 - Generated code: S:\RTOS_Lab\lab7\lab72\Core\Src\stm32l4xx_hal_msp.c
2025-04-23 17:18:27,611 [INFO] CodeEngine:263 - oldGeneratedFile, S:\RTOS_Lab\lab7\lab72\MXTmpFiles\system.tmp_save
2025-04-23 17:18:27,692 [INFO] CodeEngine:287 - Generated code: S:\RTOS_Lab\lab7\lab72\MXTmpFiles\system.tmp
2025-04-23 17:18:27,739 [INFO] CodeEngine:263 - oldGeneratedFile, S:\RTOS_Lab\lab7\lab72\Core\Src\stm32l4xx_hal_timebase_tim.c_save
2025-04-23 17:18:27,898 [INFO] CodeEngine:287 - Generated code: S:\RTOS_Lab\lab7\lab72\Core\Src\stm32l4xx_hal_timebase_tim.c
2025-04-23 17:18:28,093 [INFO] CodeEngine:319 - oldGeneratedFile, S:\RTOS_Lab\lab7\lab72\Core\Inc\stm32l4xx_hal_conf.h_save
2025-04-23 17:18:28,294 [INFO] CodeEngine:343 - Generated code: S:\RTOS_Lab\lab7\lab72\Core\Inc\stm32l4xx_hal_conf.h
2025-04-23 17:18:28,405 [INFO] ApiDbMcu:508 - Load IP Config File for TIM16
2025-04-23 17:18:28,407 [WARN] IPConfigManager:3747 - IP not found : TIM
2025-04-23 17:18:28,407 [WARN] CodeGenerator:4198 - IP not found : null
2025-04-23 17:18:28,564 [INFO] CodeEngine:263 - oldGeneratedFile, S:\RTOS_Lab\lab7\lab72\Core\Inc\main.h_save
2025-04-23 17:18:28,701 [INFO] CodeEngine:287 - Generated code: S:\RTOS_Lab\lab7\lab72\Core\Inc\main.h
2025-04-23 17:18:28,782 [INFO] CodeEngine:263 - oldGeneratedFile, S:\RTOS_Lab\lab7\lab72\Core\Src\main.c_save
2025-04-23 17:18:28,996 [INFO] CodeEngine:287 - Generated code: S:\RTOS_Lab\lab7\lab72\Core\Src\main.c
2025-04-23 17:18:32,411 [INFO] ProjectBuilder:3324 - Time for Copy HAL[1] : 3216mS.
2025-04-23 17:18:32,423 [INFO] ProjectBuilder:4912 - Project Generator version: 4.6.0-B36
2025-04-23 17:18:32,458 [INFO] ConfigFileManager:1590 - The Die is : DIE415
2025-04-23 17:18:33,779 [INFO] ProjectBuilder:5191 - Time for Generating toolchain IDE Files: 1356mS.
2025-04-23 17:18:33,795 [INFO] ProjectBuilder:3181 - Time for Copy CMSIS : 14mS.
2025-04-23 17:18:33,803 [INFO] ProjectBuilder:3181 - Time for Copy CMSIS : 1mS.
2025-04-23 17:18:57,366 [INFO] NvicIntPanel:101 - NVIC parent = com.st.microxplorer.plugins.ip.nvic.MultiNvicIntPanel[,0,0,0x0,invalid,layout=javax.swing.BoxLayout,alignmentX=0.0,alignmentY=0.0,border=,flags=9,maximumSize=,minimumSize=,preferredSize=]
2025-04-23 17:19:50,827 [INFO] RtosManager:967 - Current active RTOS is FREERTOS [Cortex-M4NS]
2025-04-23 17:19:51,233 [ERROR] RtosPanel:558 - Can not restore the selected Tab for FREERTOS(A reason can be that the tab is no more available.)
2025-04-23 17:19:51,331 [ERROR] RtosPanel:558 - Can not restore the selected Tab for FREERTOS(A reason can be that the tab is no more available.)
2025-04-23 17:19:54,982 [ERROR] RtosPanel:558 - Can not restore the selected Tab for FREERTOS(A reason can be that the tab is no more available.)
2025-04-23 17:19:57,745 [INFO] TasksAndQueuesTab:757 - Dynamic
2025-04-23 17:19:57,746 [WARN] TasksAndQueuesTab:763 - 128 128
2025-04-23 17:19:57,747 [WARN] TasksAndQueuesTab:775 - max value is: 750.0
2025-04-23 17:19:58,935 [INFO] EditThreadDialog:704 - RAM SIZE (in KB): 128
2025-04-23 17:19:58,936 [INFO] EditThreadDialog:706 - RAM SIZE (in words): 32768
2025-04-23 17:20:00,217 [INFO] TasksAndQueuesTab:757 - Dynamic
2025-04-23 17:20:00,218 [WARN] TasksAndQueuesTab:763 - 128 128
2025-04-23 17:20:00,218 [WARN] TasksAndQueuesTab:775 - max value is: 750.0
2025-04-23 17:20:00,219 [INFO] TasksAndQueuesTab:757 - Dynamic
2025-04-23 17:20:00,220 [WARN] TasksAndQueuesTab:763 - 128 128
2025-04-23 17:20:00,221 [WARN] TasksAndQueuesTab:775 - max value is: 750.0
2025-04-23 17:20:03,947 [INFO] UtilMem:75 - End SaveConfig() Used Memory: 924586336 Bytes (1073741824)
2025-04-23 17:20:09,514 [INFO] UtilMem:75 - End SaveConfig() Used Memory: 960958856 Bytes (1073741824)
2025-04-23 17:20:15,911 [INFO] BlockDiagram:2775 - set Specific Code input for plugin: FREERTOS
2025-04-23 17:20:15,913 [INFO] BlockDiagram:2775 - set Specific Code input for plugin: SYS
2025-04-23 17:20:15,913 [INFO] BlockDiagram:2775 - set Specific Code input for plugin: RCC
2025-04-23 17:20:15,914 [INFO] BlockDiagram:2775 - set Specific Code input for plugin: NVIC
2025-04-23 17:20:15,915 [INFO] BlockDiagram:2775 - set Specific Code input for plugin: USART
2025-04-23 17:20:15,916 [INFO] BlockDiagram:2775 - set Specific Code input for plugin: TIM1_8L4
2025-04-23 17:20:15,917 [INFO] BlockDiagram:2775 - set Specific Code input for plugin: GPIO
2025-04-23 17:20:15,929 [INFO] CodeGenerator:882 - code generatio: config db path: C:\ST\STM32CubeIDE_1.15.1\STM32CubeIDE\plugins\com.st.stm32cube.common.mx_6.14.0.202502271554\\db\
2025-04-23 17:20:16,129 [INFO] CodeEngine:263 - oldGeneratedFile, S:\RTOS_Lab\lab7\lab72\MXTmpFiles\license.tmp_save
2025-04-23 17:20:16,315 [INFO] CodeEngine:287 - Generated code: S:\RTOS_Lab\lab7\lab72\MXTmpFiles\license.tmp
2025-04-23 17:20:16,517 [INFO] CodeEngine:263 - oldGeneratedFile, S:\RTOS_Lab\lab7\lab72\MXTmpFiles\gpio.tmp_save
2025-04-23 17:20:16,691 [INFO] CodeEngine:287 - Generated code: S:\RTOS_Lab\lab7\lab72\MXTmpFiles\gpio.tmp
2025-04-23 17:20:16,855 [INFO] Middleware:1452 - No code input for Bsp Dependency
2025-04-23 17:20:16,979 [INFO] CodeEngine:263 - oldGeneratedFile, S:\RTOS_Lab\lab7\lab72\MXTmpFiles\rtos_inc.tmp_save
2025-04-23 17:20:17,102 [INFO] CodeEngine:287 - Generated code: S:\RTOS_Lab\lab7\lab72\MXTmpFiles\rtos_inc.tmp
2025-04-23 17:20:17,146 [INFO] CodeEngine:263 - oldGeneratedFile, S:\RTOS_Lab\lab7\lab72\MXTmpFiles\rtos_vars.tmp_save
2025-04-23 17:20:17,275 [INFO] CodeEngine:287 - Generated code: S:\RTOS_Lab\lab7\lab72\MXTmpFiles\rtos_vars.tmp
2025-04-23 17:20:17,316 [INFO] CodeEngine:263 - oldGeneratedFile, S:\RTOS_Lab\lab7\lab72\MXTmpFiles\rtos_pfp.tmp_save
2025-04-23 17:20:17,447 [INFO] CodeEngine:287 - Generated code: S:\RTOS_Lab\lab7\lab72\MXTmpFiles\rtos_pfp.tmp
2025-04-23 17:20:17,506 [INFO] CodeEngine:263 - oldGeneratedFile, S:\RTOS_Lab\lab7\lab72\MXTmpFiles\rtos_obj_creat.tmp_save
2025-04-23 17:20:17,663 [INFO] CodeEngine:287 - Generated code: S:\RTOS_Lab\lab7\lab72\MXTmpFiles\rtos_obj_creat.tmp
2025-04-23 17:20:17,710 [INFO] CodeEngine:263 - oldGeneratedFile, S:\RTOS_Lab\lab7\lab72\MXTmpFiles\rtos_kernelStart.tmp_save
2025-04-23 17:20:17,828 [INFO] CodeEngine:287 - Generated code: S:\RTOS_Lab\lab7\lab72\MXTmpFiles\rtos_kernelStart.tmp
2025-04-23 17:20:17,889 [INFO] CodeEngine:263 - oldGeneratedFile, S:\RTOS_Lab\lab7\lab72\MXTmpFiles\rtos_default_thread.tmp_save
2025-04-23 17:20:18,021 [INFO] CodeEngine:287 - Generated code: S:\RTOS_Lab\lab7\lab72\MXTmpFiles\rtos_default_thread.tmp
2025-04-23 17:20:18,068 [INFO] CodeEngine:263 - oldGeneratedFile, S:\RTOS_Lab\lab7\lab72\MXTmpFiles\rtos_threads.tmp_save
2025-04-23 17:20:18,206 [INFO] CodeEngine:287 - Generated code: S:\RTOS_Lab\lab7\lab72\MXTmpFiles\rtos_threads.tmp
2025-04-23 17:20:18,271 [INFO] Middleware:1452 - No code input for Bsp Dependency
2025-04-23 17:20:18,440 [INFO] CodeEngine:263 - oldGeneratedFile, S:\RTOS_Lab\lab7\lab72\MXTmpFiles\rtos_inc.tmp_save
2025-04-23 17:20:18,569 [INFO] CodeEngine:287 - Generated code: S:\RTOS_Lab\lab7\lab72\MXTmpFiles\rtos_inc.tmp
2025-04-23 17:20:18,640 [INFO] CodeEngine:263 - oldGeneratedFile, S:\RTOS_Lab\lab7\lab72\MXTmpFiles\rtos_vars.tmp_save
2025-04-23 17:20:18,753 [INFO] CodeEngine:287 - Generated code: S:\RTOS_Lab\lab7\lab72\MXTmpFiles\rtos_vars.tmp
2025-04-23 17:20:18,818 [INFO] CodeEngine:263 - oldGeneratedFile, S:\RTOS_Lab\lab7\lab72\MXTmpFiles\rtos_pfp.tmp_save
2025-04-23 17:20:18,937 [INFO] CodeEngine:287 - Generated code: S:\RTOS_Lab\lab7\lab72\MXTmpFiles\rtos_pfp.tmp
2025-04-23 17:20:19,065 [INFO] CodeEngine:263 - oldGeneratedFile, S:\RTOS_Lab\lab7\lab72\MXTmpFiles\rtos_obj_creat.tmp_save
2025-04-23 17:20:19,161 [INFO] CodeEngine:287 - Generated code: S:\RTOS_Lab\lab7\lab72\MXTmpFiles\rtos_obj_creat.tmp
2025-04-23 17:20:19,219 [INFO] CodeEngine:263 - oldGeneratedFile, S:\RTOS_Lab\lab7\lab72\MXTmpFiles\rtos_kernelStart.tmp_save
2025-04-23 17:20:19,323 [INFO] CodeEngine:287 - Generated code: S:\RTOS_Lab\lab7\lab72\MXTmpFiles\rtos_kernelStart.tmp
2025-04-23 17:20:19,384 [INFO] CodeEngine:263 - oldGeneratedFile, S:\RTOS_Lab\lab7\lab72\MXTmpFiles\rtos_default_thread.tmp_save
2025-04-23 17:20:19,480 [INFO] CodeEngine:287 - Generated code: S:\RTOS_Lab\lab7\lab72\MXTmpFiles\rtos_default_thread.tmp
2025-04-23 17:20:19,541 [INFO] CodeEngine:263 - oldGeneratedFile, S:\RTOS_Lab\lab7\lab72\MXTmpFiles\rtos_threads.tmp_save
2025-04-23 17:20:19,641 [INFO] CodeEngine:287 - Generated code: S:\RTOS_Lab\lab7\lab72\MXTmpFiles\rtos_threads.tmp
2025-04-23 17:20:19,696 [INFO] CodeEngine:263 - oldGeneratedFile, S:\RTOS_Lab\lab7\lab72\Core\Inc\FreeRTOSConfig.h_save
2025-04-23 17:20:19,821 [INFO] CodeEngine:287 - Generated code: S:\RTOS_Lab\lab7\lab72\Core\Inc\FreeRTOSConfig.h
2025-04-23 17:20:19,887 [INFO] CodeEngine:263 - oldGeneratedFile, S:\RTOS_Lab\lab7\lab72\Core\Src\freertos.c_save
2025-04-23 17:20:20,062 [INFO] CodeEngine:287 - Generated code: S:\RTOS_Lab\lab7\lab72\Core\Src\freertos.c
2025-04-23 17:20:20,279 [INFO] CodeEngine:263 - oldGeneratedFile, S:\RTOS_Lab\lab7\lab72\Core\Src\stm32l4xx_it.c_save
2025-04-23 17:20:20,502 [INFO] CodeEngine:287 - Generated code: S:\RTOS_Lab\lab7\lab72\Core\Src\stm32l4xx_it.c
2025-04-23 17:20:20,597 [INFO] CodeEngine:263 - oldGeneratedFile, S:\RTOS_Lab\lab7\lab72\Core\Inc\stm32l4xx_it.h_save
2025-04-23 17:20:20,802 [INFO] CodeEngine:287 - Generated code: S:\RTOS_Lab\lab7\lab72\Core\Inc\stm32l4xx_it.h
2025-04-23 17:20:21,104 [INFO] CodeEngine:263 - oldGeneratedFile, S:\RTOS_Lab\lab7\lab72\Core\Src\stm32l4xx_hal_msp.c_save
2025-04-23 17:20:21,365 [INFO] CodeEngine:287 - Generated code: S:\RTOS_Lab\lab7\lab72\Core\Src\stm32l4xx_hal_msp.c
2025-04-23 17:20:21,452 [INFO] CodeEngine:263 - oldGeneratedFile, S:\RTOS_Lab\lab7\lab72\MXTmpFiles\system.tmp_save
2025-04-23 17:20:21,586 [INFO] CodeEngine:287 - Generated code: S:\RTOS_Lab\lab7\lab72\MXTmpFiles\system.tmp
2025-04-23 17:20:21,706 [INFO] CodeEngine:263 - oldGeneratedFile, S:\RTOS_Lab\lab7\lab72\Core\Src\stm32l4xx_hal_timebase_tim.c_save
2025-04-23 17:20:21,877 [INFO] CodeEngine:287 - Generated code: S:\RTOS_Lab\lab7\lab72\Core\Src\stm32l4xx_hal_timebase_tim.c
2025-04-23 17:20:22,112 [INFO] CodeEngine:319 - oldGeneratedFile, S:\RTOS_Lab\lab7\lab72\Core\Inc\stm32l4xx_hal_conf.h_save
2025-04-23 17:20:22,314 [INFO] CodeEngine:343 - Generated code: S:\RTOS_Lab\lab7\lab72\Core\Inc\stm32l4xx_hal_conf.h
2025-04-23 17:20:22,406 [WARN] IPConfigManager:3747 - IP not found : TIM
2025-04-23 17:20:22,407 [WARN] CodeGenerator:4198 - IP not found : null
2025-04-23 17:20:22,578 [INFO] CodeEngine:263 - oldGeneratedFile, S:\RTOS_Lab\lab7\lab72\Core\Inc\main.h_save
2025-04-23 17:20:22,732 [INFO] CodeEngine:287 - Generated code: S:\RTOS_Lab\lab7\lab72\Core\Inc\main.h
2025-04-23 17:20:22,829 [INFO] CodeEngine:263 - oldGeneratedFile, S:\RTOS_Lab\lab7\lab72\Core\Src\main.c_save
2025-04-23 17:20:23,090 [INFO] CodeEngine:287 - Generated code: S:\RTOS_Lab\lab7\lab72\Core\Src\main.c
2025-04-23 17:20:28,842 [INFO] ProjectBuilder:3324 - Time for Copy HAL[1] : 5428mS.
2025-04-23 17:20:28,849 [INFO] ProjectBuilder:4912 - Project Generator version: 4.6.0-B36
2025-04-23 17:20:28,884 [INFO] ConfigFileManager:1590 - The Die is : DIE415
2025-04-23 17:20:30,335 [INFO] ProjectBuilder:5191 - Time for Generating toolchain IDE Files: 1486mS.
2025-04-23 17:20:30,342 [INFO] ProjectBuilder:3181 - Time for Copy CMSIS : 6mS.
2025-04-23 17:20:30,350 [INFO] ProjectBuilder:3181 - Time for Copy CMSIS : 1mS.
2025-04-23 17:28:18,776 [INFO] EditThreadDialog:704 - RAM SIZE (in KB): 128
2025-04-23 17:28:18,777 [INFO] EditThreadDialog:706 - RAM SIZE (in words): 32768
2025-04-23 17:28:24,624 [INFO] EditThreadDialog:704 - RAM SIZE (in KB): 128
2025-04-23 17:28:24,625 [INFO] EditThreadDialog:706 - RAM SIZE (in words): 32768
2025-04-23 17:28:45,391 [INFO] NvicIntPanel:101 - NVIC parent = com.st.microxplorer.plugins.ip.nvic.MultiNvicIntPanel[,0,0,450x339,layout=javax.swing.BoxLayout,alignmentX=0.0,alignmentY=0.0,border=,flags=9,maximumSize=,minimumSize=,preferredSize=]
2025-04-23 17:28:46,877 [INFO] NvicIntPanel:101 - NVIC parent = com.st.microxplorer.plugins.ip.nvic.MultiNvicIntPanel[,0,0,0x0,invalid,layout=javax.swing.BoxLayout,alignmentX=0.0,alignmentY=0.0,border=,flags=9,maximumSize=,minimumSize=,preferredSize=]
2025-04-23 17:28:54,628 [INFO] UtilMem:75 - End SaveConfig() Used Memory: 920608680 Bytes (1073741824)
2025-04-23 17:28:58,242 [INFO] UtilMem:75 - End SaveConfig() Used Memory: 953114536 Bytes (1073741824)
2025-04-23 17:29:02,018 [INFO] UtilMem:75 - End SaveConfig() Used Memory: 975656872 Bytes (1073741824)
2025-04-23 17:29:06,344 [INFO] BlockDiagram:2775 - set Specific Code input for plugin: FREERTOS
2025-04-23 17:29:06,345 [INFO] BlockDiagram:2775 - set Specific Code input for plugin: SYS
2025-04-23 17:29:06,345 [INFO] BlockDiagram:2775 - set Specific Code input for plugin: RCC
2025-04-23 17:29:06,346 [INFO] BlockDiagram:2775 - set Specific Code input for plugin: NVIC
2025-04-23 17:29:06,346 [INFO] BlockDiagram:2775 - set Specific Code input for plugin: USART
2025-04-23 17:29:06,347 [INFO] BlockDiagram:2775 - set Specific Code input for plugin: TIM1_8L4
2025-04-23 17:29:06,348 [INFO] BlockDiagram:2775 - set Specific Code input for plugin: GPIO
2025-04-23 17:29:06,358 [INFO] CodeGenerator:882 - code generatio: config db path: C:\ST\STM32CubeIDE_1.15.1\STM32CubeIDE\plugins\com.st.stm32cube.common.mx_6.14.0.202502271554\\db\
2025-04-23 17:29:06,512 [INFO] CodeEngine:263 - oldGeneratedFile, S:\RTOS_Lab\lab7\lab72\MXTmpFiles\license.tmp_save
2025-04-23 17:29:06,715 [INFO] CodeEngine:287 - Generated code: S:\RTOS_Lab\lab7\lab72\MXTmpFiles\license.tmp
2025-04-23 17:29:06,907 [INFO] CodeEngine:263 - oldGeneratedFile, S:\RTOS_Lab\lab7\lab72\MXTmpFiles\gpio.tmp_save
2025-04-23 17:29:07,064 [INFO] CodeEngine:287 - Generated code: S:\RTOS_Lab\lab7\lab72\MXTmpFiles\gpio.tmp
2025-04-23 17:29:07,208 [INFO] Middleware:1452 - No code input for Bsp Dependency
2025-04-23 17:29:07,325 [INFO] CodeEngine:263 - oldGeneratedFile, S:\RTOS_Lab\lab7\lab72\MXTmpFiles\rtos_inc.tmp_save
2025-04-23 17:29:07,446 [INFO] CodeEngine:287 - Generated code: S:\RTOS_Lab\lab7\lab72\MXTmpFiles\rtos_inc.tmp
2025-04-23 17:29:07,481 [INFO] CodeEngine:263 - oldGeneratedFile, S:\RTOS_Lab\lab7\lab72\MXTmpFiles\rtos_vars.tmp_save
2025-04-23 17:29:07,584 [INFO] CodeEngine:287 - Generated code: S:\RTOS_Lab\lab7\lab72\MXTmpFiles\rtos_vars.tmp
2025-04-23 17:29:07,631 [INFO] CodeEngine:263 - oldGeneratedFile, S:\RTOS_Lab\lab7\lab72\MXTmpFiles\rtos_pfp.tmp_save
2025-04-23 17:29:07,746 [INFO] CodeEngine:287 - Generated code: S:\RTOS_Lab\lab7\lab72\MXTmpFiles\rtos_pfp.tmp
2025-04-23 17:29:07,800 [INFO] CodeEngine:263 - oldGeneratedFile, S:\RTOS_Lab\lab7\lab72\MXTmpFiles\rtos_obj_creat.tmp_save
2025-04-23 17:29:07,919 [INFO] CodeEngine:287 - Generated code: S:\RTOS_Lab\lab7\lab72\MXTmpFiles\rtos_obj_creat.tmp
2025-04-23 17:29:07,967 [INFO] CodeEngine:263 - oldGeneratedFile, S:\RTOS_Lab\lab7\lab72\MXTmpFiles\rtos_kernelStart.tmp_save
2025-04-23 17:29:08,057 [INFO] CodeEngine:287 - Generated code: S:\RTOS_Lab\lab7\lab72\MXTmpFiles\rtos_kernelStart.tmp
2025-04-23 17:29:08,108 [INFO] CodeEngine:263 - oldGeneratedFile, S:\RTOS_Lab\lab7\lab72\MXTmpFiles\rtos_default_thread.tmp_save
2025-04-23 17:29:08,226 [INFO] CodeEngine:287 - Generated code: S:\RTOS_Lab\lab7\lab72\MXTmpFiles\rtos_default_thread.tmp
2025-04-23 17:29:08,280 [INFO] CodeEngine:263 - oldGeneratedFile, S:\RTOS_Lab\lab7\lab72\MXTmpFiles\rtos_threads.tmp_save
2025-04-23 17:29:08,391 [INFO] CodeEngine:287 - Generated code: S:\RTOS_Lab\lab7\lab72\MXTmpFiles\rtos_threads.tmp
2025-04-23 17:29:08,450 [INFO] Middleware:1452 - No code input for Bsp Dependency
2025-04-23 17:29:08,584 [INFO] CodeEngine:263 - oldGeneratedFile, S:\RTOS_Lab\lab7\lab72\MXTmpFiles\rtos_inc.tmp_save
2025-04-23 17:29:08,702 [INFO] CodeEngine:287 - Generated code: S:\RTOS_Lab\lab7\lab72\MXTmpFiles\rtos_inc.tmp
2025-04-23 17:29:08,766 [INFO] CodeEngine:263 - oldGeneratedFile, S:\RTOS_Lab\lab7\lab72\MXTmpFiles\rtos_vars.tmp_save
2025-04-23 17:29:08,878 [INFO] CodeEngine:287 - Generated code: S:\RTOS_Lab\lab7\lab72\MXTmpFiles\rtos_vars.tmp
2025-04-23 17:29:08,944 [INFO] CodeEngine:263 - oldGeneratedFile, S:\RTOS_Lab\lab7\lab72\MXTmpFiles\rtos_pfp.tmp_save
2025-04-23 17:29:09,090 [INFO] CodeEngine:287 - Generated code: S:\RTOS_Lab\lab7\lab72\MXTmpFiles\rtos_pfp.tmp
2025-04-23 17:29:09,168 [INFO] CodeEngine:263 - oldGeneratedFile, S:\RTOS_Lab\lab7\lab72\MXTmpFiles\rtos_obj_creat.tmp_save
2025-04-23 17:29:09,263 [INFO] CodeEngine:287 - Generated code: S:\RTOS_Lab\lab7\lab72\MXTmpFiles\rtos_obj_creat.tmp
2025-04-23 17:29:09,320 [INFO] CodeEngine:263 - oldGeneratedFile, S:\RTOS_Lab\lab7\lab72\MXTmpFiles\rtos_kernelStart.tmp_save
2025-04-23 17:29:09,405 [INFO] CodeEngine:287 - Generated code: S:\RTOS_Lab\lab7\lab72\MXTmpFiles\rtos_kernelStart.tmp
2025-04-23 17:29:09,460 [INFO] CodeEngine:263 - oldGeneratedFile, S:\RTOS_Lab\lab7\lab72\MXTmpFiles\rtos_default_thread.tmp_save
2025-04-23 17:29:09,550 [INFO] CodeEngine:287 - Generated code: S:\RTOS_Lab\lab7\lab72\MXTmpFiles\rtos_default_thread.tmp
2025-04-23 17:29:09,616 [INFO] CodeEngine:263 - oldGeneratedFile, S:\RTOS_Lab\lab7\lab72\MXTmpFiles\rtos_threads.tmp_save
2025-04-23 17:29:09,710 [INFO] CodeEngine:287 - Generated code: S:\RTOS_Lab\lab7\lab72\MXTmpFiles\rtos_threads.tmp
2025-04-23 17:29:09,794 [INFO] CodeEngine:263 - oldGeneratedFile, S:\RTOS_Lab\lab7\lab72\Core\Inc\FreeRTOSConfig.h_save
2025-04-23 17:29:09,926 [INFO] CodeEngine:287 - Generated code: S:\RTOS_Lab\lab7\lab72\Core\Inc\FreeRTOSConfig.h
2025-04-23 17:29:10,029 [INFO] CodeEngine:263 - oldGeneratedFile, S:\RTOS_Lab\lab7\lab72\Core\Src\freertos.c_save
2025-04-23 17:29:10,182 [INFO] CodeEngine:287 - Generated code: S:\RTOS_Lab\lab7\lab72\Core\Src\freertos.c
2025-04-23 17:29:10,415 [INFO] CodeEngine:263 - oldGeneratedFile, S:\RTOS_Lab\lab7\lab72\Core\Src\stm32l4xx_it.c_save
2025-04-23 17:29:10,666 [INFO] CodeEngine:287 - Generated code: S:\RTOS_Lab\lab7\lab72\Core\Src\stm32l4xx_it.c
2025-04-23 17:29:10,774 [INFO] CodeEngine:263 - oldGeneratedFile, S:\RTOS_Lab\lab7\lab72\Core\Inc\stm32l4xx_it.h_save
2025-04-23 17:29:10,970 [INFO] CodeEngine:287 - Generated code: S:\RTOS_Lab\lab7\lab72\Core\Inc\stm32l4xx_it.h
2025-04-23 17:29:11,229 [INFO] CodeEngine:263 - oldGeneratedFile, S:\RTOS_Lab\lab7\lab72\Core\Src\stm32l4xx_hal_msp.c_save
2025-04-23 17:29:11,423 [INFO] CodeEngine:287 - Generated code: S:\RTOS_Lab\lab7\lab72\Core\Src\stm32l4xx_hal_msp.c
2025-04-23 17:29:11,475 [INFO] CodeEngine:263 - oldGeneratedFile, S:\RTOS_Lab\lab7\lab72\MXTmpFiles\system.tmp_save
2025-04-23 17:29:11,560 [INFO] CodeEngine:287 - Generated code: S:\RTOS_Lab\lab7\lab72\MXTmpFiles\system.tmp
2025-04-23 17:29:11,638 [INFO] CodeEngine:263 - oldGeneratedFile, S:\RTOS_Lab\lab7\lab72\Core\Src\stm32l4xx_hal_timebase_tim.c_save
2025-04-23 17:29:11,765 [INFO] CodeEngine:287 - Generated code: S:\RTOS_Lab\lab7\lab72\Core\Src\stm32l4xx_hal_timebase_tim.c
2025-04-23 17:29:11,949 [INFO] CodeEngine:319 - oldGeneratedFile, S:\RTOS_Lab\lab7\lab72\Core\Inc\stm32l4xx_hal_conf.h_save
2025-04-23 17:29:12,133 [INFO] CodeEngine:343 - Generated code: S:\RTOS_Lab\lab7\lab72\Core\Inc\stm32l4xx_hal_conf.h
2025-04-23 17:29:12,227 [WARN] IPConfigManager:3747 - IP not found : TIM
2025-04-23 17:29:12,228 [WARN] CodeGenerator:4198 - IP not found : null
2025-04-23 17:29:12,399 [INFO] CodeEngine:263 - oldGeneratedFile, S:\RTOS_Lab\lab7\lab72\Core\Inc\main.h_save
2025-04-23 17:29:12,547 [INFO] CodeEngine:287 - Generated code: S:\RTOS_Lab\lab7\lab72\Core\Inc\main.h
2025-04-23 17:29:12,632 [INFO] CodeEngine:263 - oldGeneratedFile, S:\RTOS_Lab\lab7\lab72\Core\Src\main.c_save
2025-04-23 17:29:12,862 [INFO] CodeEngine:287 - Generated code: S:\RTOS_Lab\lab7\lab72\Core\Src\main.c
2025-04-23 17:29:18,358 [INFO] ProjectBuilder:3324 - Time for Copy HAL[1] : 5282mS.
2025-04-23 17:29:18,372 [INFO] ProjectBuilder:4912 - Project Generator version: 4.6.0-B36
2025-04-23 17:29:18,406 [INFO] ConfigFileManager:1590 - The Die is : DIE415
2025-04-23 17:29:20,069 [INFO] ProjectBuilder:5191 - Time for Generating toolchain IDE Files: 1697mS.
2025-04-23 17:29:20,075 [INFO] ProjectBuilder:3181 - Time for Copy CMSIS : 5mS.
2025-04-23 17:29:20,082 [INFO] ProjectBuilder:3181 - Time for Copy CMSIS : 0mS.
2025-04-23 17:29:20,323 [INFO] UtilMem:75 - End SaveConfig() Used Memory: 980497136 Bytes (1073741824)
2025-04-23 17:29:24,072 [INFO] BlockDiagram:2775 - set Specific Code input for plugin: FREERTOS
2025-04-23 17:29:24,072 [INFO] BlockDiagram:2775 - set Specific Code input for plugin: SYS
2025-04-23 17:29:24,073 [INFO] BlockDiagram:2775 - set Specific Code input for plugin: RCC
2025-04-23 17:29:24,074 [INFO] BlockDiagram:2775 - set Specific Code input for plugin: NVIC
2025-04-23 17:29:24,074 [INFO] BlockDiagram:2775 - set Specific Code input for plugin: USART
2025-04-23 17:29:24,075 [INFO] BlockDiagram:2775 - set Specific Code input for plugin: TIM1_8L4
2025-04-23 17:29:24,075 [INFO] BlockDiagram:2775 - set Specific Code input for plugin: GPIO
2025-04-23 17:29:24,084 [INFO] CodeGenerator:882 - code generatio: config db path: C:\ST\STM32CubeIDE_1.15.1\STM32CubeIDE\plugins\com.st.stm32cube.common.mx_6.14.0.202502271554\\db\
2025-04-23 17:29:24,222 [INFO] CodeEngine:263 - oldGeneratedFile, S:\RTOS_Lab\lab7\lab72\MXTmpFiles\license.tmp_save
2025-04-23 17:29:24,334 [INFO] CodeEngine:287 - Generated code: S:\RTOS_Lab\lab7\lab72\MXTmpFiles\license.tmp
2025-04-23 17:29:24,509 [INFO] CodeEngine:263 - oldGeneratedFile, S:\RTOS_Lab\lab7\lab72\MXTmpFiles\gpio.tmp_save
2025-04-23 17:29:24,609 [INFO] CodeEngine:287 - Generated code: S:\RTOS_Lab\lab7\lab72\MXTmpFiles\gpio.tmp
2025-04-23 17:29:24,728 [INFO] Middleware:1452 - No code input for Bsp Dependency
2025-04-23 17:29:24,834 [INFO] CodeEngine:263 - oldGeneratedFile, S:\RTOS_Lab\lab7\lab72\MXTmpFiles\rtos_inc.tmp_save
2025-04-23 17:29:24,935 [INFO] CodeEngine:287 - Generated code: S:\RTOS_Lab\lab7\lab72\MXTmpFiles\rtos_inc.tmp
2025-04-23 17:29:24,975 [INFO] CodeEngine:263 - oldGeneratedFile, S:\RTOS_Lab\lab7\lab72\MXTmpFiles\rtos_vars.tmp_save
2025-04-23 17:29:25,076 [INFO] CodeEngine:287 - Generated code: S:\RTOS_Lab\lab7\lab72\MXTmpFiles\rtos_vars.tmp
2025-04-23 17:29:25,135 [INFO] CodeEngine:263 - oldGeneratedFile, S:\RTOS_Lab\lab7\lab72\MXTmpFiles\rtos_pfp.tmp_save
2025-04-23 17:29:25,235 [INFO] CodeEngine:287 - Generated code: S:\RTOS_Lab\lab7\lab72\MXTmpFiles\rtos_pfp.tmp
2025-04-23 17:29:25,286 [INFO] CodeEngine:263 - oldGeneratedFile, S:\RTOS_Lab\lab7\lab72\MXTmpFiles\rtos_obj_creat.tmp_save
2025-04-23 17:29:25,377 [INFO] CodeEngine:287 - Generated code: S:\RTOS_Lab\lab7\lab72\MXTmpFiles\rtos_obj_creat.tmp
2025-04-23 17:29:25,415 [INFO] CodeEngine:263 - oldGeneratedFile, S:\RTOS_Lab\lab7\lab72\MXTmpFiles\rtos_kernelStart.tmp_save
2025-04-23 17:29:25,504 [INFO] CodeEngine:287 - Generated code: S:\RTOS_Lab\lab7\lab72\MXTmpFiles\rtos_kernelStart.tmp
2025-04-23 17:29:25,541 [INFO] CodeEngine:263 - oldGeneratedFile, S:\RTOS_Lab\lab7\lab72\MXTmpFiles\rtos_default_thread.tmp_save
2025-04-23 17:29:25,626 [INFO] CodeEngine:287 - Generated code: S:\RTOS_Lab\lab7\lab72\MXTmpFiles\rtos_default_thread.tmp
2025-04-23 17:29:25,661 [INFO] CodeEngine:263 - oldGeneratedFile, S:\RTOS_Lab\lab7\lab72\MXTmpFiles\rtos_threads.tmp_save
2025-04-23 17:29:25,748 [INFO] CodeEngine:287 - Generated code: S:\RTOS_Lab\lab7\lab72\MXTmpFiles\rtos_threads.tmp
2025-04-23 17:29:25,795 [INFO] Middleware:1452 - No code input for Bsp Dependency
2025-04-23 17:29:25,924 [INFO] CodeEngine:263 - oldGeneratedFile, S:\RTOS_Lab\lab7\lab72\MXTmpFiles\rtos_inc.tmp_save
2025-04-23 17:29:26,031 [INFO] CodeEngine:287 - Generated code: S:\RTOS_Lab\lab7\lab72\MXTmpFiles\rtos_inc.tmp
2025-04-23 17:29:26,083 [INFO] CodeEngine:263 - oldGeneratedFile, S:\RTOS_Lab\lab7\lab72\MXTmpFiles\rtos_vars.tmp_save
2025-04-23 17:29:26,178 [INFO] CodeEngine:287 - Generated code: S:\RTOS_Lab\lab7\lab72\MXTmpFiles\rtos_vars.tmp
2025-04-23 17:29:26,239 [INFO] CodeEngine:263 - oldGeneratedFile, S:\RTOS_Lab\lab7\lab72\MXTmpFiles\rtos_pfp.tmp_save
2025-04-23 17:29:26,330 [INFO] CodeEngine:287 - Generated code: S:\RTOS_Lab\lab7\lab72\MXTmpFiles\rtos_pfp.tmp
2025-04-23 17:29:26,409 [INFO] CodeEngine:263 - oldGeneratedFile, S:\RTOS_Lab\lab7\lab72\MXTmpFiles\rtos_obj_creat.tmp_save
2025-04-23 17:29:26,496 [INFO] CodeEngine:287 - Generated code: S:\RTOS_Lab\lab7\lab72\MXTmpFiles\rtos_obj_creat.tmp
2025-04-23 17:29:26,547 [INFO] CodeEngine:263 - oldGeneratedFile, S:\RTOS_Lab\lab7\lab72\MXTmpFiles\rtos_kernelStart.tmp_save
2025-04-23 17:29:26,633 [INFO] CodeEngine:287 - Generated code: S:\RTOS_Lab\lab7\lab72\MXTmpFiles\rtos_kernelStart.tmp
2025-04-23 17:29:26,682 [INFO] CodeEngine:263 - oldGeneratedFile, S:\RTOS_Lab\lab7\lab72\MXTmpFiles\rtos_default_thread.tmp_save
2025-04-23 17:29:26,771 [INFO] CodeEngine:287 - Generated code: S:\RTOS_Lab\lab7\lab72\MXTmpFiles\rtos_default_thread.tmp
2025-04-23 17:29:26,822 [INFO] CodeEngine:263 - oldGeneratedFile, S:\RTOS_Lab\lab7\lab72\MXTmpFiles\rtos_threads.tmp_save
2025-04-23 17:29:26,909 [INFO] CodeEngine:287 - Generated code: S:\RTOS_Lab\lab7\lab72\MXTmpFiles\rtos_threads.tmp
2025-04-23 17:29:26,987 [INFO] CodeEngine:263 - oldGeneratedFile, S:\RTOS_Lab\lab7\lab72\Core\Inc\FreeRTOSConfig.h_save
2025-04-23 17:29:27,127 [INFO] CodeEngine:287 - Generated code: S:\RTOS_Lab\lab7\lab72\Core\Inc\FreeRTOSConfig.h
2025-04-23 17:29:27,217 [INFO] CodeEngine:263 - oldGeneratedFile, S:\RTOS_Lab\lab7\lab72\Core\Src\freertos.c_save
2025-04-23 17:29:27,338 [INFO] CodeEngine:287 - Generated code: S:\RTOS_Lab\lab7\lab72\Core\Src\freertos.c
2025-04-23 17:29:27,520 [INFO] CodeEngine:263 - oldGeneratedFile, S:\RTOS_Lab\lab7\lab72\Core\Src\stm32l4xx_it.c_save
2025-04-23 17:29:27,633 [INFO] CodeEngine:287 - Generated code: S:\RTOS_Lab\lab7\lab72\Core\Src\stm32l4xx_it.c
2025-04-23 17:29:27,679 [INFO] CodeEngine:263 - oldGeneratedFile, S:\RTOS_Lab\lab7\lab72\Core\Inc\stm32l4xx_it.h_save
2025-04-23 17:29:27,782 [INFO] CodeEngine:287 - Generated code: S:\RTOS_Lab\lab7\lab72\Core\Inc\stm32l4xx_it.h
2025-04-23 17:29:27,957 [INFO] CodeEngine:263 - oldGeneratedFile, S:\RTOS_Lab\lab7\lab72\Core\Src\stm32l4xx_hal_msp.c_save
2025-04-23 17:29:28,084 [INFO] CodeEngine:287 - Generated code: S:\RTOS_Lab\lab7\lab72\Core\Src\stm32l4xx_hal_msp.c
2025-04-23 17:29:28,117 [INFO] CodeEngine:263 - oldGeneratedFile, S:\RTOS_Lab\lab7\lab72\MXTmpFiles\system.tmp_save
2025-04-23 17:29:28,206 [INFO] CodeEngine:287 - Generated code: S:\RTOS_Lab\lab7\lab72\MXTmpFiles\system.tmp
2025-04-23 17:29:28,287 [INFO] CodeEngine:263 - oldGeneratedFile, S:\RTOS_Lab\lab7\lab72\Core\Src\stm32l4xx_hal_timebase_tim.c_save
2025-04-23 17:29:28,418 [INFO] CodeEngine:287 - Generated code: S:\RTOS_Lab\lab7\lab72\Core\Src\stm32l4xx_hal_timebase_tim.c
2025-04-23 17:29:28,602 [INFO] CodeEngine:319 - oldGeneratedFile, S:\RTOS_Lab\lab7\lab72\Core\Inc\stm32l4xx_hal_conf.h_save
2025-04-23 17:29:28,768 [INFO] CodeEngine:343 - Generated code: S:\RTOS_Lab\lab7\lab72\Core\Inc\stm32l4xx_hal_conf.h
2025-04-23 17:29:28,841 [WARN] IPConfigManager:3747 - IP not found : TIM
2025-04-23 17:29:28,841 [WARN] CodeGenerator:4198 - IP not found : null
2025-04-23 17:29:28,980 [INFO] CodeEngine:263 - oldGeneratedFile, S:\RTOS_Lab\lab7\lab72\Core\Inc\main.h_save
2025-04-23 17:29:29,090 [INFO] CodeEngine:287 - Generated code: S:\RTOS_Lab\lab7\lab72\Core\Inc\main.h
2025-04-23 17:29:29,165 [INFO] CodeEngine:263 - oldGeneratedFile, S:\RTOS_Lab\lab7\lab72\Core\Src\main.c_save
2025-04-23 17:29:29,388 [INFO] CodeEngine:287 - Generated code: S:\RTOS_Lab\lab7\lab72\Core\Src\main.c
2025-04-23 17:29:33,972 [INFO] ProjectBuilder:3324 - Time for Copy HAL[1] : 4389mS.
2025-04-23 17:29:33,983 [INFO] ProjectBuilder:4912 - Project Generator version: 4.6.0-B36
2025-04-23 17:29:34,027 [INFO] ConfigFileManager:1590 - The Die is : DIE415
2025-04-23 17:29:35,362 [INFO] ProjectBuilder:5191 - Time for Generating toolchain IDE Files: 1379mS.
2025-04-23 17:29:35,369 [INFO] ProjectBuilder:3181 - Time for Copy CMSIS : 6mS.
2025-04-23 17:29:35,375 [INFO] ProjectBuilder:3181 - Time for Copy CMSIS : 0mS.
